year,month_num,district,PCODE,sin_month,cos_month,monsoon_phase_First_Inter_Monsoon,monsoon_phase_SW_Monsoon,monsoon_phase_Second_Inter_Monsoon,monsoon_phase_NE_Monsoon,rainfall_mm,r1h,r3h,rfq,rain_lag1,rain_lag2,r1h_lag1,rfq_lag1,Outbreak status,lat,lon,temperature,humidity,wind_speed,temp_lag1,humidity_lag1,wind_lag1
2017,1,Colombo,LK11,0.499999999999999,0.866025403784438,0,0,0,1,120.782611,80.8550713333333,569.101463333333,114.623278333333,189.745341714285,413.242237714285,263.434785523809,101.795391714285,1,6.9271,79.8612,25.3,75.82,3.22,25.944285714285716,84.15142857142857,2.987142857142857
2017,2,Colombo,LK11,0.866025403784438,0.5,0,0,0,1,81.8695652,118.24638,352.869566666666,91.7051946666666,120.782611,189.745341714285,80.8550713333333,114.623278333333,0,6.9271,79.8612,26.2,71.65,2.72,25.3,75.82,3.22
2017,3,Colombo,LK11,1.0,6.12323399573676e-17,1,0,0,0,275.999996,229.072466666666,428.173933333333,171.274323333333,81.8695652,120.782611,118.24638,91.7051946666666,0,6.9271,79.8612,26.96,79.61,1.96,26.2,71.65,2.72
2017,4,Colombo,LK11,0.866025403784438,-0.499999999999999,1,0,0,0,149.9130475,204.420286666666,551.739146666666,54.8280716666666,275.999996,81.8695652,229.072466666666,171.274323333333,0,6.9271,79.8612,27.69,82.45,2.82,26.96,79.61,1.96
2017,5,Colombo,LK11,0.499999999999999,-0.866025403784438,0,1,0,0,513.78262,315.130433333333,748.623233333333,133.164556666666,149.9130475,275.999996,204.420286666666,54.8280716666666,0,6.9271,79.8612,27.52,83.83,3.77,27.69,82.45,2.82
2017,6,Colombo,LK11,1.22464679914735e-16,-1.0,0,1,0,0,258.869568,397.231883333333,916.782616666666,90.5022753333333,513.78262,149.9130475,315.130433333333,133.164556666666,0,6.9271,79.8612,26.68,86.44,4.44,27.52,83.83,3.77
2017,7,Colombo,LK11,-0.499999999999999,-0.866025403784438,0,1,0,0,137.391304,173.130436666666,885.49272,76.1772476666666,258.869568,513.78262,397.231883333333,90.5022753333333,0,6.9271,79.8612,26.72,85.04,4.19,26.68,86.44,4.44
2017,8,Colombo,LK11,-0.866025403784438,-0.5,0,1,0,0,229.217388,215.492746666666,785.855,140.514746666666,137.391304,258.869568,173.130436666666,76.1772476666666,0,6.9271,79.8612,26.5,85.27,4.41,26.72,85.04,4.19
2017,9,Colombo,LK11,-1.0,-1.83697019872102e-16,0,1,0,0,398.521736,374.86956,763.492763333333,132.84991,229.217388,137.391304,215.492746666666,140.514746666666,0,6.9271,79.8612,26.34,85.96,4.14,26.5,85.27,4.41
2017,10,Colombo,LK11,-0.866025403784438,0.5,0,0,1,0,446.652174,384.840576666666,975.202936666666,99.2409066666666,398.521736,229.217388,374.86956,132.84991,0,6.9271,79.8612,26.54,86.18,3.44,26.34,85.96,4.14
2017,11,Colombo,LK11,-0.5,0.866025403784438,0,0,1,0,441.478263999999,435.04348,1194.7536,114.102046333333,446.652174,398.521736,384.840576666666,99.2409066666666,0,6.9271,79.8612,26.18,84.78,2.76,26.54,86.18,3.44
2017,12,Colombo,LK11,-2.4492935982947e-16,1.0,0,0,0,1,129.52174,252.666673333333,1072.55072,72.3242753333333,441.478263999999,446.652174,435.04348,114.102046333333,0,6.9271,79.8612,25.7,82.57,3.0,26.18,84.78,2.76
2018,1,Colombo,LK11,0.499999999999999,0.866025403784438,0,0,0,1,36.0000005,58.3913053333333,746.101466666666,43.1341233333333,129.52174,441.478263999999,252.666673333333,72.3242753333333,0,6.9271,79.8612,25.07,78.3,3.04,25.7,82.57,3.0
2018,2,Colombo,LK11,0.866025403784438,0.5,0,0,0,1,86.434782,72.1739126666666,383.231876666666,93.1242366666666,36.0000005,129.52174,58.3913053333333,43.1341233333333,0,6.9271,79.8612,26.47,75.66,2.26,25.07,78.3,3.04
2018,3,Colombo,LK11,1.0,6.12323399573676e-17,1,0,0,0,206.478264,171.710152,302.275356666666,130.109997,86.434782,36.0000005,72.1739126666666,93.1242366666666,0,6.9271,79.8612,27.42,76.9,1.83,26.47,75.66,2.26
2018,4,Colombo,LK11,0.866025403784438,-0.499999999999999,1,0,0,0,315.78261,261.623186666666,505.507253333333,105.830418,206.478264,86.434782,171.710152,130.109997,0,6.9271,79.8612,27.7,80.6,1.79,27.42,76.9,1.83
2018,5,Colombo,LK11,0.499999999999999,-0.866025403784438,0,1,0,0,635.391304,508.159416666666,941.49272,164.514686666666,315.78261,206.478264,261.623186666666,105.830418,0,6.9271,79.8612,26.95,87.01,3.49,27.7,80.6,1.79
2018,6,Colombo,LK11,1.22464679914735e-16,-1.0,0,1,0,0,356.913054,520.289853333333,1290.07246666666,118.504714999999,635.391304,315.78261,508.159416666666,164.514686666666,0,6.9271,79.8612,26.52,88.57,4.64,26.95,87.01,3.49
2018,7,Colombo,LK11,-0.499999999999999,-0.866025403784438,0,1,0,0,163.130432,194.9855,1223.43473333333,86.8966763333333,356.913054,635.391304,520.289853333333,118.504714999999,0,6.9271,79.8612,25.84,89.03,4.27,26.52,88.57,4.64
2018,8,Colombo,LK11,-0.866025403784438,-0.5,0,1,0,0,204.043481999999,187.347833333333,902.623166666666,123.056535,163.130432,356.913054,194.9855,86.8966763333333,0,6.9271,79.8612,25.45,89.23,4.26,25.84,89.03,4.27
2018,9,Colombo,LK11,-1.0,-1.83697019872102e-16,0,1,0,0,252.652185999999,188.4058,570.739106666666,77.807292,204.043481999999,163.130432,187.347833333333,123.056535,0,6.9271,79.8612,26.19,83.6,3.42,25.45,89.23,4.26
2018,10,Colombo,LK11,-0.866025403784438,0.5,0,0,1,0,697.95652,633.072493333333,1008.82609999999,160.51739,252.652185999999,204.043481999999,188.4058,77.807292,0,6.9271,79.8612,25.99,86.26,2.49,26.19,83.6,3.42
2018,11,Colombo,LK11,-0.5,0.866025403784438,0,0,1,0,371.826089999999,448.681153333333,1270.15943333333,96.383356,697.95652,252.652185999999,633.072493333333,160.51739,0,6.9271,79.8612,26.14,84.62,2.51,25.99,86.26,2.49
2018,12,Colombo,LK11,-2.4492935982947e-16,1.0,0,0,0,1,94.521738,183.144932,1264.89866666666,56.0358393333333,371.826089999999,697.95652,448.681153333333,96.383356,0,6.9271,79.8612,25.56,83.27,3.02,26.14,84.62,2.51
2019,1,Colombo,LK11,0.499999999999999,0.866025403784438,0,0,0,1,26.8695646999999,49.2318833333333,681.057983333333,35.6891373333333,94.521738,371.826089999999,183.144932,56.0358393333333,0,6.9271,79.8612,25.35,79.86,3.68,25.56,83.27,3.02
2019,2,Colombo,LK11,0.866025403784438,0.5,0,0,0,1,149.130439,140.73913,373.115953333333,137.491760666666,26.8695646999999,94.521738,49.2318833333333,35.6891373333333,0,6.9271,79.8612,26.68,79.14,2.48,25.35,79.86,3.68
2019,3,Colombo,LK11,1.0,6.12323399573676e-17,1,0,0,0,65.0,65.1594206666666,255.130426666666,47.324999,149.130439,26.8695646999999,140.73913,137.491760666666,0,6.9271,79.8612,27.76,72.53,1.68,26.68,79.14,2.48
2019,4,Colombo,LK11,0.866025403784438,-0.499999999999999,1,0,0,0,236.2608677,135.695647333333,341.594206666666,78.6385936666666,65.0,149.130439,65.1594206666666,47.324999,0,6.9271,79.8612,28.24,76.56,2.17,27.76,72.53,1.68
2019,5,Colombo,LK11,0.499999999999999,-0.866025403784438,0,1,0,0,162.999996,210.173906666666,411.02896,44.8784643333333,236.2608677,65.0,135.695647333333,78.6385936666666,0,6.9271,79.8612,27.87,83.69,3.88,28.24,76.56,2.17
2019,6,Colombo,LK11,1.22464679914735e-16,-1.0,0,1,0,0,492.95653,415.28987,761.159383333333,165.4316,162.999996,236.2608677,210.173906666666,44.8784643333333,0,6.9271,79.8612,27.67,83.63,4.62,27.87,83.69,3.88
2019,7,Colombo,LK11,-0.499999999999999,-0.866025403784438,0,1,0,0,227.08695,307.68116,933.144833333333,114.83376,492.95653,162.999996,415.28987,165.4316,0,6.9271,79.8612,26.9,83.75,4.11,27.67,83.63,4.62
2019,8,Colombo,LK11,-0.866025403784438,-0.5,0,1,0,0,416.956528,316.420286666666,1039.39137,244.874393333333,227.08695,492.95653,307.68116,114.83376,0,6.9271,79.8612,26.51,84.51,4.55,26.9,83.75,4.11
2019,9,Colombo,LK11,-1.0,-1.83697019872102e-16,0,1,0,0,716.304335999999,579.985476666666,1204.08696666666,221.048134666666,416.956528,227.08695,316.420286666666,244.874393333333,0,6.9271,79.8612,26.41,85.64,3.59,26.51,84.51,4.55
2019,10,Colombo,LK11,-0.866025403784438,0.5,0,0,1,0,597.86956,719.376806666666,1615.78256666666,133.645305333333,716.304335999999,416.956528,579.985476666666,221.048134666666,0,6.9271,79.8612,26.02,86.69,2.54,26.41,85.64,3.59
2019,11,Colombo,LK11,-0.5,0.866025403784438,0,0,1,0,393.56522,426.681146666666,1726.04339999999,104.128071666666,597.86956,716.304335999999,719.376806666666,133.645305333333,0,6.9271,79.8612,26.62,84.42,1.98,26.02,86.69,2.54
2019,12,Colombo,LK11,-2.4492935982947e-16,1.0,0,0,0,1,182.521736,278.000003333333,1424.0579,99.1023766666666,393.56522,597.86956,426.681146666666,104.128071666666,0,6.9271,79.8612,26.21,84.41,2.52,26.62,84.42,1.98
2020,1,Colombo,LK11,0.499999999999999,0.866025403784438,0,0,0,1,37.086957,81.5217366666666,786.202876666666,42.9900346666666,182.521736,393.56522,278.000003333333,99.1023766666666,0,6.9271,79.8612,26.07,80.3,2.85,26.21,84.41,2.52
2020,2,Colombo,LK11,0.866025403784438,0.5,0,0,0,1,24.5217385,27.782608,387.304339999999,35.6040383333333,37.086957,182.521736,81.5217366666666,42.9900346666666,0,6.9271,79.8612,26.52,77.31,2.88,26.07,80.3,2.85
2020,3,Colombo,LK11,1.0,6.12323399573676e-17,1,0,0,0,65.956522,52.9130426666666,162.217382,47.6123193333333,24.5217385,37.086957,27.782608,35.6040383333333,0,6.9271,79.8612,28.02,72.73,1.57,26.52,77.31,2.88
2020,4,Colombo,LK11,0.866025403784438,-0.499999999999999,1,0,0,0,158.391304,107.739126666666,188.434783333333,54.4735476666666,65.956522,24.5217385,52.9130426666666,47.6123193333333,0,6.9271,79.8612,28.38,77.39,1.94,28.02,72.73,1.57
2020,5,Colombo,LK11,0.499999999999999,-0.866025403784438,0,1,0,0,442.608704,376.884063333333,537.536233333333,116.43513,158.391304,65.956522,107.739126666666,54.4735476666666,0,6.9271,79.8612,27.72,85.41,3.49,28.38,77.39,1.94
2020,6,Colombo,LK11,1.22464679914735e-16,-1.0,0,1,0,0,233.565219999999,284.681163333333,769.304343333333,82.162543,442.608704,158.391304,376.884063333333,116.43513,0,6.9271,79.8612,27.06,85.28,4.26,27.72,85.41,3.49
2020,7,Colombo,LK11,-0.499999999999999,-0.866025403784438,0,1,0,0,254.521734,250.739136666666,912.304323333333,131.113523333333,233.565219999999,442.608704,284.681163333333,82.162543,0,6.9271,79.8612,26.29,86.2,3.86,27.06,85.28,4.26
2020,8,Colombo,LK11,-0.866025403784438,-0.5,0,1,0,0,164.000001,222.11595,757.536233333333,117.276298666666,254.521734,233.565219999999,250.739136666666,131.113523333333,0,6.9271,79.8612,26.35,86.62,3.85,26.29,86.2,3.86
2020,9,Colombo,LK11,-1.0,-1.83697019872102e-16,0,1,0,0,517.8261,382.478273333333,855.333353333333,166.49022,164.000001,254.521734,222.11595,117.276298666666,0,6.9271,79.8612,26.18,86.79,4.21,26.35,86.62,3.85
2020,10,Colombo,LK11,-0.866025403784438,0.5,0,0,1,0,181.04348,287.98551,892.57969,41.5294156666666,517.8261,164.000001,382.478273333333,166.49022,0,6.9271,79.8612,26.43,85.34,3.74,26.18,86.79,4.21
2020,11,Colombo,LK11,-0.5,0.866025403784438,0,0,1,0,291.78261,278.130439999999,948.594153333333,77.9307976666666,181.04348,517.8261,287.98551,41.5294156666666,0,6.9271,79.8612,26.64,84.02,2.31,26.43,85.34,3.74
2020,12,Colombo,LK11,-2.4492935982947e-16,1.0,0,0,0,1,185.695655999999,195.260873333333,761.376766666666,102.778623333333,291.78261,181.04348,278.130439999999,77.9307976666666,0,6.9271,79.8612,25.96,84.4,3.16,26.64,84.02,2.31
2021,1,Colombo,LK11,0.499999999999999,0.866025403784438,0,0,0,1,153.95652,182.463773333333,655.855056666666,138.51403,185.695655999999,291.78261,195.260873333333,102.778623333333,0,6.9271,79.8612,25.6,84.12,2.66,25.96,84.4,3.16
2021,2,Colombo,LK11,0.866025403784438,0.5,0,0,0,1,58.6956515,71.376812,449.101449999999,68.3786906666666,153.95652,185.695655999999,182.463773333333,138.51403,0,6.9271,79.8612,25.87,81.08,3.34,25.6,84.12,2.66
2021,3,Colombo,LK11,1.0,6.12323399573676e-17,1,0,0,0,225.086961999999,156.623194666666,410.46378,136.854216666666,58.6956515,153.95652,71.376812,68.3786906666666,0,6.9271,79.8612,26.91,76.18,1.73,25.87,81.08,3.34
2021,4,Colombo,LK11,0.866025403784438,-0.499999999999999,1,0,0,0,204.565223,195.275366666666,423.27538,68.6963753333333,225.086961999999,58.6956515,156.623194666666,136.854216666666,0,6.9271,79.8612,27.39,82.86,2.42,26.91,76.18,1.73
2021,5,Colombo,LK11,0.499999999999999,-0.866025403784438,0,1,0,0,603.173929999999,481.550739999999,833.449263333333,156.614366666666,204.565223,225.086961999999,195.275366666666,68.6963753333333,0,6.9271,79.8612,27.29,86.38,3.54,27.39,82.86,2.42
2021,6,Colombo,LK11,1.22464679914735e-16,-1.0,0,1,0,0,417.999996,575.260853333333,1252.08696666666,134.090548333333,603.173929999999,204.565223,481.550739999999,156.614366666666,0,6.9271,79.8612,26.71,87.33,4.21,27.29,86.38,3.54
2021,7,Colombo,LK11,-0.499999999999999,-0.866025403784438,0,1,0,0,310.086961999999,293.057989999999,1349.8697,161.79496,417.999996,603.173929999999,575.260853333333,134.090548333333,0,6.9271,79.8612,26.36,88.22,4.49,26.71,87.33,4.21
2021,8,Colombo,LK11,-0.866025403784438,-0.5,0,1,0,0,256.304342,221.463763333333,1089.7826,146.121518333333,310.086961999999,417.999996,293.057989999999,161.79496,0,6.9271,79.8612,26.1,87.92,4.19,26.36,88.22,4.49
2021,9,Colombo,LK11,-1.0,-1.83697019872102e-16,0,1,0,0,452.000006,386.550733333333,901.072483333333,142.066014666666,256.304342,310.086961999999,221.463763333333,146.121518333333,0,6.9271,79.8612,26.48,87.12,4.25,26.1,87.92,4.19
2021,10,Colombo,LK11,-0.866025403784438,0.5,0,0,1,0,505.69566,496.695686666666,1104.71013333333,114.022655666666,452.000006,256.304342,386.550733333333,142.066014666666,0,6.9271,79.8612,26.28,87.23,3.43,26.48,87.12,4.25
2021,11,Colombo,LK11,-0.5,0.866025403784438,0,0,1,0,499.434786,542.362313333333,1425.6087,128.452306666666,505.69566,452.000006,496.695686666666,114.022655666666,0,6.9271,79.8612,25.91,87.36,3.23,26.28,87.23,3.43
2021,12,Colombo,LK11,-2.4492935982947e-16,1.0,0,0,0,1,135.173918,261.8116,1300.86963333333,70.649784,499.434786,505.69566,542.362313333333,128.452306666666,1,6.9271,79.8612,25.95,83.06,2.88,25.91,87.36,3.23
2022,1,Colombo,LK11,0.499999999999999,0.866025403784438,0,0,0,1,59.956522,68.9999993333333,873.173913333333,61.4126813333333,135.173918,499.434786,261.8116,70.649784,1,6.9271,79.8612,25.98,81.7,2.97,25.95,83.06,2.88
2022,2,Colombo,LK11,0.866025403784438,0.5,0,0,0,1,117.782608,79.4347853333333,410.246376666666,123.650542333333,59.956522,135.173918,68.9999993333333,61.4126813333333,0,6.9271,79.8612,25.89,78.98,2.79,25.98,81.7,2.97
2022,3,Colombo,LK11,1.0,6.12323399573676e-17,1,0,0,0,130.782608,128.73913,277.17391,83.329264,117.782608,59.956522,79.4347853333333,123.650542333333,0,6.9271,79.8612,27.0,80.14,2.85,25.89,78.98,2.79
2022,4,Colombo,LK11,0.866025403784438,-0.499999999999999,1,0,0,0,442.56523,364.115936666666,572.289856666666,148.148148333333,130.782608,117.782608,128.73913,83.329264,0,6.9271,79.8612,27.12,84.82,2.19,27.0,80.14,2.85
2022,5,Colombo,LK11,0.499999999999999,-0.866025403784438,0,1,0,0,494.521744,425.710143333333,918.565266666666,128.729583333333,442.56523,130.782608,364.115936666666,148.148148333333,0,6.9271,79.8612,27.22,87.44,4.78,27.12,84.82,2.19
2022,6,Colombo,LK11,1.22464679914735e-16,-1.0,0,1,0,0,218.782619999999,340.84059,1130.66666666666,78.7049946666666,494.521744,442.56523,425.710143333333,128.729583333333,0,6.9271,79.8612,26.46,87.74,4.31,27.22,87.44,4.78
2022,7,Colombo,LK11,-0.499999999999999,-0.866025403784438,0,1,0,0,221.999992,188.072466666666,954.623166666666,119.981316666666,218.782619999999,494.521744,340.84059,78.7049946666666,0,6.9271,79.8612,26.01,87.07,4.08,26.46,87.74,4.31
2022,8,Colombo,LK11,-0.866025403784438,-0.5,0,1,0,0,305.478258,276.840576666666,805.75362,177.258484666666,221.999992,218.782619999999,188.072466666666,119.981316666666,0,6.9271,79.8612,25.75,87.86,4.54,26.01,87.07,4.08
2022,9,Colombo,LK11,-1.0,-1.83697019872102e-16,0,1,0,0,244.130438,351.304343333333,816.217386666666,85.5551466666666,305.478258,221.999992,276.840576666666,177.258484666666,0,6.9271,79.8612,26.03,86.62,4.07,25.75,87.86,4.54
2022,10,Colombo,LK11,-0.866025403784438,0.5,0,0,1,0,565.956516,344.478256666666,972.623233333333,118.187797333333,244.130438,305.478258,351.304343333333,85.5551466666666,0,6.9271,79.8612,25.97,85.95,3.66,26.03,86.62,4.07
2022,11,Colombo,LK11,-0.5,0.866025403784438,0,0,1,0,320.043474,501.449253333333,1197.2319,84.36801,565.956516,244.130438,344.478256666666,118.187797333333,0,6.9271,79.8612,25.8,83.46,2.62,25.97,85.95,3.66
2022,12,Colombo,LK11,-2.4492935982947e-16,1.0,0,0,0,1,265.434782,258.405789999999,1104.3333,141.110133333333,320.043474,565.956516,501.449253333333,84.36801,0,6.9271,79.8612,25.64,84.14,3.32,25.8,83.46,2.62
2023,1,Colombo,LK11,0.499999999999999,0.866025403784438,0,0,0,1,93.086956,142.144926666666,901.999943333333,89.658442,265.434782,320.043474,258.405789999999,141.110133333333,0,6.9271,79.8612,24.72,82.73,3.94,25.64,84.14,3.32
2023,2,Colombo,LK11,0.866025403784438,0.5,0,0,0,1,117.43478,117.130434666666,517.681126666666,117.52021,93.086956,265.434782,142.144926666666,89.658442,0,6.9271,79.8612,25.43,81.46,3.56,24.72,82.73,3.94
2023,3,Colombo,LK11,1.0,6.12323399573676e-17,1,0,0,0,307.56522,214.231886666666,473.507219999999,183.822253333333,117.43478,93.086956,117.130434666666,117.52021,0,6.9271,79.8612,27.08,79.72,2.16,25.43,81.46,3.56
2023,4,Colombo,LK11,0.866025403784438,-0.499999999999999,1,0,0,0,285.217392,322.71013,654.072466666666,96.7721166666666,307.56522,117.43478,214.231886666666,183.822253333333,0,6.9271,79.8612,27.87,79.51,1.76,27.08,79.72,2.16
2023,5,Colombo,LK11,0.499999999999999,-0.866025403784438,0,1,0,0,625.65218,593.72463,1130.66666666666,164.485533333333,285.217392,307.56522,322.71013,96.7721166666666,0,6.9271,79.8612,27.5,85.45,3.54,27.87,79.51,1.76
2023,6,Colombo,LK11,1.22464679914735e-16,-1.0,0,1,0,0,559.95653,507.739143333333,1424.17396666666,187.104843333333,625.65218,285.217392,593.72463,164.485533333333,0,6.9271,79.8612,27.24,86.75,4.58,27.5,85.45,3.54
2023,7,Colombo,LK11,-0.499999999999999,-0.866025403784438,0,1,0,0,170.739131999999,311.188406666666,1412.6521,91.1372,559.95653,625.65218,507.739143333333,187.104843333333,0,6.9271,79.8612,26.62,87.55,4.17,27.24,86.75,4.58
2023,8,Colombo,LK11,-0.866025403784438,-0.5,0,1,0,0,168.739127,108.739133333333,927.666586666666,95.3516639999999,170.739131999999,559.95653,311.188406666666,91.1372,0,6.9271,79.8612,26.95,84.95,4.01,26.62,87.55,4.17
2023,9,Colombo,LK11,-1.0,-1.83697019872102e-16,0,1,0,0,594.913054,498.072456666666,918.0,190.457199999999,168.739127,170.739131999999,108.739133333333,95.3516639999999,0,6.9271,79.8612,26.57,86.06,4.35,26.95,84.95,4.01
2023,10,Colombo,LK11,-0.866025403784438,0.5,0,0,1,0,688.56522,673.000016666666,1279.81163333333,156.538543333333,594.913054,168.739127,498.072456666666,190.457199999999,0,6.9271,79.8612,26.27,86.95,2.72,26.57,86.06,4.35
2023,11,Colombo,LK11,-0.5,0.866025403784438,0,0,1,0,574.56522,615.971013333333,1787.0435,147.835526666666,688.56522,594.913054,673.000016666666,156.538543333333,0,6.9271,79.8612,26.69,85.26,1.88,26.27,86.95,2.72
2023,12,Colombo,LK11,-2.4492935982947e-16,1.0,0,0,0,1,335.347822,414.753626666666,1703.72456666666,170.56671,574.56522,688.56522,615.971013333333,147.835526666666,0,6.9271,79.8612,26.59,87.21,3.01,26.69,85.26,1.88
2024,1,Colombo,LK11,0.499999999999999,0.866025403784438,0,0,0,1,182.391297,249.231876666666,1279.95646666666,153.607545666666,335.347822,574.56522,414.753626666666,170.56671,0,6.9271,79.8612,25.94,83.63,3.09,26.59,87.21,3.01
2024,2,Colombo,LK11,0.866025403784438,0.5,0,0,0,1,50.173913,54.4057986666666,718.39135,57.6434656666666,182.391297,335.347822,249.231876666666,153.607545666666,0,6.9271,79.8612,26.69,82.13,3.33,25.94,83.63,3.09
2024,3,Colombo,LK11,1.0,6.12323399573676e-17,1,0,0,0,49.956523,37.898552,341.536236666666,36.5292558333333,50.173913,182.391297,54.4057986666666,57.6434656666666,0,6.9271,79.8612,27.88,74.15,1.68,26.69,82.13,3.33
2024,4,Colombo,LK11,0.866025403784438,-0.499999999999999,1,0,0,0,266.65218,190.173908666666,282.478266666666,90.1219196666666,49.956523,50.173913,37.898552,36.5292558333333,0,6.9271,79.8612,28.83,79.65,1.78,27.88,74.15,1.68
2024,5,Colombo,LK11,0.499999999999999,-0.866025403784438,0,1,0,0,414.086946,367.7826,595.855066666666,108.812078333333,266.65218,49.956523,190.173908666666,90.1219196666666,0,6.9271,79.8612,28.19,85.11,3.95,28.83,79.65,1.78
2024,6,Colombo,LK11,1.22464679914735e-16,-1.0,0,1,0,0,207.304342,282.652183333333,840.608666666666,72.8033,414.086946,266.65218,367.7826,108.812078333333,0,6.9271,79.8612,27.23,87.36,4.39,28.19,85.11,3.95
2024,7,Colombo,LK11,-0.499999999999999,-0.866025403784438,0,1,0,0,146.652176,174.275366666666,824.71015,79.4676166666666,207.304342,414.086946,282.652183333333,72.8033,0,6.9271,79.8612,26.99,86.78,3.87,27.23,87.36,4.39
2024,8,Colombo,LK11,-0.866025403784438,-0.5,0,1,0,0,239.869564,196.594204666666,653.521763333333,135.399353666666,146.652176,207.304342,174.275366666666,79.4676166666666,0,6.9271,79.8612,26.73,86.39,3.98,26.99,86.78,3.87
2024,9,Colombo,LK11,-1.0,-1.83697019872102e-16,0,1,0,0,235.913044,276.913043333333,647.782633333333,81.3827426666666,239.869564,146.652176,196.594204666666,135.399353666666,0,6.9271,79.8612,27.16,85.73,4.14,26.73,86.39,3.98
2024,10,Colombo,LK11,-0.866025403784438,0.5,0,0,1,0,484.04349,387.188419999999,860.695646666666,110.615253333333,235.913044,239.869564,276.913043333333,81.3827426666666,0,6.9271,79.8612,26.69,86.77,3.21,27.16,85.73,4.14
2024,11,Colombo,LK11,-0.5,0.866025403784438,0,0,1,0,487.91304,460.159436666666,1124.26083333333,127.24937,484.04349,235.913044,387.188419999999,110.615253333333,0,6.9271,79.8612,26.66,85.21,3.05,26.69,86.77,3.21
2024,12,Colombo,LK11,-2.4492935982947e-16,1.0,0,0,0,1,158.782612,270.63768,1117.98553333333,89.3290633333333,487.91304,484.04349,460.159436666666,127.24937,0,6.9271,79.8612,26.46,84.17,2.72,26.66,85.21,3.05
2017,1,Gampaha,LK12,0.499999999999999,0.866025403784438,0,0,0,1,88.0638293,59.4113486666666,481.645389999999,103.729227999999,154.750760571428,373.650453142857,223.666669523809,103.932452190476,1,7.0873,80.0144,25.3,75.82,3.22,25.944285714285716,84.15142857142857,2.987142857142857
2017,2,Gampaha,LK12,0.866025403784438,0.5,0,0,0,1,69.8510652,89.8723416666666,274.26241,89.0702556666666,88.0638293,154.750760571428,59.4113486666666,103.729227999999,0,7.0873,80.0144,26.2,71.65,2.72,25.3,75.82,3.22
2017,3,Gampaha,LK12,1.0,6.12323399573676e-17,1,0,0,0,280.65958,241.141846666666,390.425523333333,196.598056666666,69.8510652,88.0638293,89.8723416666666,89.0702556666666,0,7.0873,80.0144,26.96,79.61,1.96,26.2,71.65,2.72
2017,4,Gampaha,LK12,0.866025403784438,-0.499999999999999,1,0,0,0,120.978723,170.234036666666,501.24821,50.1079386666666,280.65958,69.8510652,241.141846666666,196.598056666666,0,7.0873,80.0144,27.69,82.45,2.82,26.96,79.61,1.96
2017,5,Gampaha,LK12,0.499999999999999,-0.866025403784438,0,1,0,0,472.510646,287.914896666666,699.290756666666,156.37231,120.978723,280.65958,170.234036666666,50.1079386666666,0,7.0873,80.0144,27.52,83.83,3.77,27.69,82.45,2.82
2017,6,Gampaha,LK12,1.22464679914735e-16,-1.0,0,1,0,0,247.595745,357.780136666666,815.929113333333,103.771011666666,472.510646,120.978723,287.914896666666,156.37231,0,7.0873,80.0144,26.68,86.44,4.44,27.52,83.83,3.77
2017,7,Gampaha,LK12,-0.499999999999999,-0.866025403784438,0,1,0,0,109.382977,166.95036,812.645433333333,80.3321213333333,247.595745,472.510646,357.780136666666,103.771011666666,0,7.0873,80.0144,26.72,85.04,4.19,26.68,86.44,4.44
2017,8,Gampaha,LK12,-0.866025403784438,-0.5,0,1,0,0,184.680851,173.0922,697.822696666666,151.930992,109.382977,247.595745,166.95036,80.3321213333333,0,7.0873,80.0144,26.5,85.27,4.41,26.72,85.04,4.19
2017,9,Gampaha,LK12,-1.0,-1.83697019872102e-16,0,1,0,0,334.723406,318.45391,658.496483333333,150.957736666666,184.680851,109.382977,173.0922,151.930992,0,7.0873,80.0144,26.34,85.96,4.14,26.5,85.27,4.41
2017,10,Gampaha,LK12,-0.866025403784438,0.5,0,0,1,0,365.446795,297.354596666666,788.900746666666,88.9496833333333,334.723406,184.680851,318.45391,150.957736666666,0,7.0873,80.0144,26.54,86.18,3.44,26.34,85.96,4.14
2017,11,Gampaha,LK12,-0.5,0.866025403784438,0,0,1,0,372.276588,383.538993333333,999.347519999999,106.572448333333,365.446795,334.723406,297.354596666666,88.9496833333333,0,7.0873,80.0144,26.18,84.78,2.76,26.54,86.18,3.44
2017,12,Gampaha,LK12,-2.4492935982947e-16,1.0,0,0,0,1,103.212767,200.304956666666,881.198566666666,73.1004263333333,372.276588,365.446795,383.538993333333,106.572448333333,0,7.0873,80.0144,25.7,82.57,3.0,26.18,84.78,2.76
2018,1,Gampaha,LK12,0.499999999999999,0.866025403784438,0,0,0,1,31.0000003,46.6737586666666,630.517716666666,46.4782383333333,103.212767,372.276588,200.304956666666,73.1004263333333,0,7.0873,80.0144,25.07,78.3,3.04,25.7,82.57,3.0
2018,2,Gampaha,LK12,0.866025403784438,0.5,0,0,0,1,73.3829795,55.5886523333333,302.567343333333,91.5971513333333,31.0000003,103.212767,46.6737586666666,46.4782383333333,0,7.0873,80.0144,26.47,75.66,2.26,25.07,78.3,3.04
2018,3,Gampaha,LK12,1.0,6.12323399573676e-17,1,0,0,0,166.829785,142.624116666666,244.886526666666,118.371343333333,73.3829795,31.0000003,55.5886523333333,91.5971513333333,0,7.0873,80.0144,27.42,76.9,1.83,26.47,75.66,2.26
2018,4,Gampaha,LK12,0.866025403784438,-0.499999999999999,1,0,0,0,284.06383,231.432626666666,429.6454,105.909246666666,166.829785,73.3829795,142.624116666666,118.371343333333,0,7.0873,80.0144,27.7,80.6,1.79,27.42,76.9,1.83
2018,5,Gampaha,LK12,0.499999999999999,-0.866025403784438,0,1,0,0,518.127665,431.61704,805.673746666666,171.574433333333,284.06383,166.829785,231.432626666666,105.909246666666,0,7.0873,80.0144,26.95,87.01,3.49,27.7,80.6,1.79
2018,6,Gampaha,LK12,1.22464679914735e-16,-1.0,0,1,0,0,296.38297,419.63122,1082.68093333333,117.322368333333,518.127665,284.06383,431.61704,171.574433333333,0,7.0873,80.0144,26.52,88.57,4.64,26.95,87.01,3.49
2018,7,Gampaha,LK12,-0.499999999999999,-0.866025403784438,0,1,0,0,119.319149,152.439716666666,1003.68791666666,85.8487483333333,296.38297,518.127665,419.63122,117.322368333333,0,7.0873,80.0144,25.84,89.03,4.27,26.52,88.57,4.64
2018,8,Gampaha,LK12,-0.866025403784438,-0.5,0,1,0,0,135.723408,123.00709,695.078,108.767350333333,119.319149,296.38297,152.439716666666,85.8487483333333,0,7.0873,80.0144,25.45,89.23,4.26,25.84,89.03,4.27
2018,9,Gampaha,LK12,-1.0,-1.83697019872102e-16,0,1,0,0,188.765958,143.801421666666,419.248253333333,79.650031,135.723408,119.319149,123.00709,108.767350333333,0,7.0873,80.0144,26.19,83.6,3.42,25.45,89.23,4.26
2018,10,Gampaha,LK12,-0.866025403784438,0.5,0,0,1,0,620.25531,542.48936,809.297866666666,158.083248,188.765958,135.723408,143.801421666666,79.650031,0,7.0873,80.0144,25.99,86.26,2.49,26.19,83.6,3.42
2018,11,Gampaha,LK12,-0.5,0.866025403784438,0,0,1,0,333.957453,400.17732,1086.46813333333,96.2856499999999,620.25531,188.765958,542.48936,158.083248,0,7.0873,80.0144,26.14,84.62,2.51,25.99,86.26,2.49
2018,12,Gampaha,LK12,-2.4492935982947e-16,1.0,0,0,0,1,76.6595749999999,157.553196666666,1100.2199,58.3780419999999,333.957453,620.25531,400.17732,96.2856499999999,0,7.0873,80.0144,25.56,83.27,3.02,26.14,84.62,2.51
2019,1,Gampaha,LK12,0.499999999999999,0.866025403784438,0,0,0,1,17.5744674999999,38.893619,596.624103333333,33.079501,76.6595749999999,333.957453,157.553196666666,58.3780419999999,1,7.0873,80.0144,25.35,79.86,3.68,25.56,83.27,3.02
2019,2,Gampaha,LK12,0.866025403784438,0.5,0,0,0,1,128.44681,120.73759,317.184396666666,135.631062666666,17.5744674999999,76.6595749999999,38.893619,33.079501,0,7.0873,80.0144,26.68,79.14,2.48,25.35,79.86,3.68
2019,3,Gampaha,LK12,1.0,6.12323399573676e-17,1,0,0,0,58.595743,54.0141856666666,213.64538,48.1153356666666,128.44681,17.5744674999999,120.73759,135.631062666666,0,7.0873,80.0144,27.76,72.53,1.68,26.68,79.14,2.48
2019,4,Gampaha,LK12,0.866025403784438,-0.499999999999999,1,0,0,0,217.382981,126.028375333333,300.78013,80.3908103333333,58.595743,128.44681,54.0141856666666,48.1153356666666,0,7.0873,80.0144,28.24,76.56,2.17,27.76,72.53,1.68
2019,5,Gampaha,LK12,0.499999999999999,-0.866025403784438,0,1,0,0,111.212764999999,175.957453333333,355.999989999999,40.5878393333333,217.382981,58.595743,126.028375333333,80.3908103333333,0,7.0873,80.0144,27.87,83.69,3.88,28.24,76.56,2.17
2019,6,Gampaha,LK12,1.22464679914735e-16,-1.0,0,1,0,0,441.085104,362.680843333333,664.666653333333,173.89823,111.212764999999,217.382981,175.957453333333,40.5878393333333,0,7.0873,80.0144,27.67,83.63,4.62,27.87,83.69,3.88
2019,7,Gampaha,LK12,-0.499999999999999,-0.866025403784438,0,1,0,0,162.595749,239.524829999999,778.16315,112.257520666666,441.085104,111.212764999999,362.680843333333,173.89823,0,7.0873,80.0144,26.9,83.75,4.11,27.67,83.63,4.62
2019,8,Gampaha,LK12,-0.866025403784438,-0.5,0,1,0,0,324.59574,252.049643333333,854.255326666666,260.499573333333,162.595749,441.085104,239.524829999999,112.257520666666,0,7.0873,80.0144,26.51,84.51,4.55,26.9,83.75,4.11
2019,9,Gampaha,LK12,-1.0,-1.83697019872102e-16,0,1,0,0,424.063821999999,364.489343333333,856.063833333333,178.71589,324.59574,162.595749,252.049643333333,260.499573333333,1,7.0873,80.0144,26.41,85.64,3.59,26.51,84.51,4.55
2019,10,Gampaha,LK12,-0.866025403784438,0.5,0,0,1,0,515.2766,531.439733333333,1147.97873333333,127.259353333333,424.063821999999,324.59574,364.489343333333,178.71589,1,7.0873,80.0144,26.02,86.69,2.54,26.41,85.64,3.59
2019,11,Gampaha,LK12,-0.5,0.866025403784438,0,0,1,0,342.4468,375.673766666666,1271.60283333333,101.161786666666,515.2766,424.063821999999,531.439733333333,127.259353333333,1,7.0873,80.0144,26.62,84.42,1.98,26.02,86.69,2.54
2019,12,Gampaha,LK12,-2.4492935982947e-16,1.0,0,0,0,1,153.70213,246.042563333333,1153.156,101.889371333333,342.4468,515.2766,375.673766666666,101.161786666666,1,7.0873,80.0144,26.21,84.41,2.52,26.62,84.42,1.98
2020,1,Gampaha,LK12,0.499999999999999,0.866025403784438,0,0,0,1,21.2127667,52.2340426666666,673.950316666666,35.9618923333333,153.70213,342.4468,246.042563333333,101.889371333333,1,7.0873,80.0144,26.07,80.3,2.85,26.21,84.41,2.52
2020,2,Gampaha,LK12,0.866025403784438,0.5,0,0,0,1,15.06383,17.6950353333333,315.971656666666,29.910712,21.2127667,153.70213,52.2340426666666,35.9618923333333,0,7.0873,80.0144,26.52,77.31,2.88,26.07,80.3,2.85
2020,3,Gampaha,LK12,1.0,6.12323399573676e-17,1,0,0,0,64.765956,44.8581566666666,114.787236666666,51.580599,15.06383,21.2127667,17.6950353333333,29.910712,0,7.0873,80.0144,28.02,72.73,1.57,26.52,77.31,2.88
2020,4,Gampaha,LK12,0.866025403784438,-0.499999999999999,1,0,0,0,150.063836,108.539011333333,171.092193333333,57.561358,64.765956,15.06383,44.8581566666666,51.580599,0,7.0873,80.0144,28.38,77.39,1.94,28.02,72.73,1.57
2020,5,Gampaha,LK12,0.499999999999999,-0.866025403784438,0,1,0,0,410.34043,349.489356666666,502.88651,137.386858333333,150.063836,64.765956,108.539011333333,57.561358,0,7.0873,80.0144,27.72,85.41,3.49,28.38,77.39,1.94
2020,6,Gampaha,LK12,1.22464679914735e-16,-1.0,0,1,0,0,214.042555,270.765976666666,728.794303333333,87.9830086666666,410.34043,150.063836,349.489356666666,137.386858333333,0,7.0873,80.0144,27.06,85.28,4.26,27.72,85.41,3.49
2020,7,Gampaha,LK12,-0.499999999999999,-0.866025403784438,0,1,0,0,206.319143,205.354619999999,825.60993,141.581749999999,214.042555,410.34043,270.765976666666,87.9830086666666,0,7.0873,80.0144,26.29,86.2,3.86,27.06,85.28,4.26
2020,8,Gampaha,LK12,-0.866025403784438,-0.5,0,1,0,0,126.127658,166.985815,643.106433333333,118.244604999999,206.319143,214.042555,205.354619999999,141.581749999999,0,7.0873,80.0144,26.35,86.62,3.85,26.29,86.2,3.86
2020,9,Gampaha,LK12,-1.0,-1.83697019872102e-16,0,1,0,0,376.29787,286.4468,658.787246666666,163.087183333333,126.127658,206.319143,166.985815,118.244604999999,0,7.0873,80.0144,26.18,86.79,4.21,26.35,86.62,3.85
2020,10,Gampaha,LK12,-0.866025403784438,0.5,0,0,1,0,164.617024,228.87234,682.30496,42.2817326666666,376.29787,126.127658,286.4468,163.087183333333,0,7.0873,80.0144,26.43,85.34,3.74,26.18,86.79,4.21
2020,11,Gampaha,LK12,-0.5,0.866025403784438,0,0,1,0,257.723405,250.24823,765.567343333333,77.3451066666666,164.617024,376.29787,228.87234,42.2817326666666,0,7.0873,80.0144,26.64,84.02,2.31,26.43,85.34,3.74
2020,12,Gampaha,LK12,-2.4492935982947e-16,1.0,0,0,0,1,158.191495,168.042556666666,647.163086666666,108.873593333333,257.723405,164.617024,250.24823,77.3451066666666,0,7.0873,80.0144,25.96,84.4,3.16,26.64,84.02,2.31
2021,1,Gampaha,LK12,0.499999999999999,0.866025403784438,0,0,0,1,129.148942,154.74469,573.035436666666,141.700343333333,158.191495,257.723405,168.042556666666,108.873593333333,0,7.0873,80.0144,25.6,84.12,2.66,25.96,84.4,3.16
2021,2,Gampaha,LK12,0.866025403784438,0.5,0,0,0,1,35.2340437,45.05674,367.843993333333,52.352039,129.148942,158.191495,154.74469,141.700343333333,0,7.0873,80.0144,25.87,81.08,3.34,25.6,84.12,2.66
2021,3,Gampaha,LK12,1.0,6.12323399573676e-17,1,0,0,0,185.61702,126.645392,326.44682,127.97613,35.2340437,129.148942,45.05674,52.352039,1,7.0873,80.0144,26.91,76.18,1.73,25.87,81.08,3.34
2021,4,Gampaha,LK12,0.866025403784438,-0.499999999999999,1,0,0,0,148.914891,151.40426,323.106406666666,56.784281,185.61702,35.2340437,126.645392,127.97613,1,7.0873,80.0144,27.39,82.86,2.42,26.91,76.18,1.73
2021,5,Gampaha,LK12,0.499999999999999,-0.866025403784438,0,1,0,0,528.17021,407.375873333333,685.42554,174.9605,148.914891,185.61702,151.40426,56.784281,0,7.0873,80.0144,27.29,86.38,3.54,27.39,82.86,2.42
2021,6,Gampaha,LK12,1.22464679914735e-16,-1.0,0,1,0,0,382.723386,523.808523333333,1082.58866666666,144.225951999999,528.17021,148.914891,407.375873333333,174.9605,0,7.0873,80.0144,26.71,87.33,4.21,27.29,86.38,3.54
2021,7,Gampaha,LK12,-0.499999999999999,-0.866025403784438,0,1,0,0,221.787236,229.397163333333,1160.5815,149.687535333333,382.723386,528.17021,523.808523333333,144.225951999999,0,7.0873,80.0144,26.36,88.22,4.49,26.71,87.33,4.21
2021,8,Gampaha,LK12,-0.866025403784438,-0.5,0,1,0,0,182.319147,151.042551666666,904.248233333333,143.016006666666,221.787236,382.723386,229.397163333333,149.687535333333,0,7.0873,80.0144,26.1,87.92,4.19,26.36,88.22,4.49
2021,9,Gampaha,LK12,-1.0,-1.83697019872102e-16,0,1,0,0,294.595744999999,248.539013333333,628.978736666666,125.116278666666,182.319147,221.787236,151.042551666666,143.016006666666,0,7.0873,80.0144,26.48,87.12,4.25,26.1,87.92,4.19
2021,10,Gampaha,LK12,-0.866025403784438,0.5,0,0,1,0,487.893635,427.617026666666,827.19859,120.132213333333,294.595744999999,182.319147,248.539013333333,125.116278666666,0,7.0873,80.0144,26.28,87.23,3.43,26.48,87.12,4.25
2021,11,Gampaha,LK12,-0.5,0.866025403784438,0,0,1,0,496.404256,530.510633333333,1206.6667,141.893306666666,487.893635,294.595744999999,427.617026666666,120.132213333333,0,7.0873,80.0144,25.91,87.36,3.23,26.28,87.23,3.43
2021,12,Gampaha,LK12,-2.4492935982947e-16,1.0,0,0,0,1,90.595744,225.170216666666,1183.29783333333,61.7948923333333,496.404256,487.893635,530.510633333333,141.893306666666,1,7.0873,80.0144,25.95,83.06,2.88,25.91,87.36,3.23
2022,1,Gampaha,LK12,0.499999999999999,0.866025403784438,0,0,0,1,33.8510629999999,42.3475166666666,798.028423333333,47.957574,90.595744,496.404256,225.170216666666,61.7948923333333,1,7.0873,80.0144,25.98,81.7,2.97,25.95,83.06,2.88
2022,2,Gampaha,LK12,0.866025403784438,0.5,0,0,0,1,106.74468,68.9999993333333,336.51774,124.611532666666,33.8510629999999,90.595744,42.3475166666666,47.957574,1,7.0873,80.0144,25.89,78.98,2.79,25.98,81.7,2.97
2022,3,Gampaha,LK12,1.0,6.12323399573676e-17,1,0,0,0,94.1276599999999,100.177304666666,211.524816666666,69.837889,106.74468,33.8510629999999,68.9999993333333,124.611532666666,0,7.0873,80.0144,27.0,80.14,2.85,25.89,78.98,2.79
2022,4,Gampaha,LK12,0.866025403784438,-0.499999999999999,1,0,0,0,392.255303999999,315.63119,484.808533333333,146.126806666666,94.1276599999999,106.74468,100.177304666666,69.837889,0,7.0873,80.0144,27.12,84.82,2.19,27.0,80.14,2.85
2022,5,Gampaha,LK12,0.499999999999999,-0.866025403784438,0,1,0,0,365.02128,318.723406666666,734.53192,121.892186666666,392.255303999999,94.1276599999999,315.63119,146.126806666666,0,7.0873,80.0144,27.22,87.44,4.78,27.12,84.82,2.19
2022,6,Gampaha,LK12,1.22464679914735e-16,-1.0,0,1,0,0,172.340429,277.695033333333,912.04964,73.7345033333333,365.02128,392.255303999999,318.723406666666,121.892186666666,0,7.0873,80.0144,26.46,87.74,4.31,27.22,87.44,4.78
2022,7,Gampaha,LK12,-0.499999999999999,-0.866025403784438,0,1,0,0,177.808511,140.063826666666,736.482353333333,126.59608,172.340429,365.02128,277.695033333333,73.7345033333333,0,7.0873,80.0144,26.01,87.07,4.08,26.46,87.74,4.31
2022,8,Gampaha,LK12,-0.866025403784438,-0.5,0,1,0,0,225.659569999999,225.992913333333,643.75178,182.179110666666,177.808511,172.340429,140.063826666666,126.59608,0,7.0873,80.0144,25.75,87.86,4.54,26.01,87.07,4.08
2022,9,Gampaha,LK12,-1.0,-1.83697019872102e-16,0,1,0,0,167.191491,235.553203333333,601.609903333333,79.265998,225.659569999999,177.808511,225.992913333333,182.179110666666,0,7.0873,80.0144,26.03,86.62,4.07,25.75,87.86,4.54
2022,10,Gampaha,LK12,-0.866025403784438,0.5,0,0,1,0,476.702109999999,304.070916666666,765.616986666666,111.28275,167.191491,225.659569999999,235.553203333333,79.265998,0,7.0873,80.0144,25.97,85.95,3.66,26.03,86.62,4.07
2022,11,Gampaha,LK12,-0.5,0.866025403784438,0,0,1,0,264.12767,406.744673333333,946.36885,78.1177663333333,476.702109999999,167.191491,304.070916666666,111.28275,0,7.0873,80.0144,25.8,83.46,2.62,25.97,85.95,3.66
2022,12,Gampaha,LK12,-2.4492935982947e-16,1.0,0,0,0,1,227.234042999999,212.74468,923.56029,150.309409999999,264.12767,476.702109999999,406.744673333333,78.1177663333333,0,7.0873,80.0144,25.64,84.14,3.32,25.8,83.46,2.62
2023,1,Gampaha,LK12,0.499999999999999,0.866025403784438,0,0,0,1,72.6382979999999,115.170213333333,734.659566666666,87.2839886666666,227.234042999999,264.12767,212.74468,150.309409999999,0,7.0873,80.0144,24.72,82.73,3.94,25.64,84.14,3.32
2023,2,Gampaha,LK12,0.866025403784438,0.5,0,0,0,1,92.765958,94.6595699999999,422.574476666666,106.512003333333,72.6382979999999,227.234042999999,115.170213333333,87.2839886666666,0,7.0873,80.0144,25.43,81.46,3.56,24.72,82.73,3.94
2023,3,Gampaha,LK12,1.0,6.12323399573676e-17,1,0,0,0,219.531918,156.014186666666,365.843986666666,149.9784,92.765958,72.6382979999999,94.6595699999999,106.512003333333,0,7.0873,80.0144,27.08,79.72,2.16,25.43,81.46,3.56
2023,4,Gampaha,LK12,0.866025403784438,-0.499999999999999,1,0,0,0,251.191485,257.092186666666,507.765986666666,94.662458,219.531918,92.765958,156.014186666666,149.9784,0,7.0873,80.0144,27.87,79.51,1.76,27.08,79.72,2.16
2023,5,Gampaha,LK12,0.499999999999999,-0.866025403784438,0,1,0,0,477.765964,494.191486666666,907.297833333333,161.078720666666,251.191485,219.531918,257.092186666666,94.662458,0,7.0873,80.0144,27.5,85.45,3.54,27.87,79.51,1.76
2023,6,Gampaha,LK12,1.22464679914735e-16,-1.0,0,1,0,0,428.021269999999,334.170206666666,1085.45388666666,174.061169999999,477.765964,251.191485,494.191486666666,161.078720666666,0,7.0873,80.0144,27.24,86.75,4.58,27.5,85.45,3.54
2023,7,Gampaha,LK12,-0.499999999999999,-0.866025403784438,0,1,0,0,115.276594,251.453898666666,1079.81561333333,82.3203583333333,428.021269999999,477.765964,334.170206666666,174.061169999999,0,7.0873,80.0144,26.62,87.55,4.17,27.24,86.75,4.58
2023,8,Gampaha,LK12,-0.866025403784438,-0.5,0,1,0,0,129.744683,89.7375933333333,675.3617,102.689953,115.276594,428.021269999999,251.453898666666,82.3203583333333,0,7.0873,80.0144,26.95,84.95,4.01,26.62,87.55,4.17
2023,9,Gampaha,LK12,-1.0,-1.83697019872102e-16,0,1,0,0,356.21278,294.503549999999,635.695053333333,152.483743333333,129.744683,115.276594,89.7375933333333,102.689953,0,7.0873,80.0144,26.57,86.06,4.35,26.95,84.95,4.01
2023,10,Gampaha,LK12,-0.866025403784438,0.5,0,0,1,0,580.76596,526.510663333333,910.75178,145.4971,356.21278,129.744683,294.503549999999,152.483743333333,0,7.0873,80.0144,26.27,86.95,2.72,26.57,86.06,4.35
2023,11,Gampaha,LK12,-0.5,0.866025403784438,0,0,1,0,548.617,581.922,1402.93613333333,156.689155333333,580.76596,356.21278,526.510663333333,145.4971,0,7.0873,80.0144,26.69,85.26,1.88,26.27,86.95,2.72
2023,12,Gampaha,LK12,-2.4492935982947e-16,1.0,0,0,0,1,273.65957,355.808516666666,1464.24106666666,173.181429999999,548.617,580.76596,581.922,156.689155333333,0,7.0873,80.0144,26.59,87.21,3.01,26.69,85.26,1.88
2024,1,Gampaha,LK12,0.499999999999999,0.866025403784438,0,0,0,1,141.382984,194.26241,1131.99303333333,148.23958,273.65957,548.617,355.808516666666,173.181429999999,0,7.0873,80.0144,25.94,83.63,3.09,26.59,87.21,3.01
2024,2,Gampaha,LK12,0.866025403784438,0.5,0,0,0,1,35.8723397,38.4326223333333,588.503546666666,50.263586,141.382984,273.65957,194.26241,148.23958,0,7.0873,80.0144,26.69,82.13,3.33,25.94,83.63,3.09
2024,3,Gampaha,LK12,1.0,6.12323399573676e-17,1,0,0,0,37.8297866,31.198583,263.89362,33.8773933333333,35.8723397,141.382984,38.4326223333333,50.263586,0,7.0873,80.0144,27.88,74.15,1.68,26.69,82.13,3.33
2024,4,Gampaha,LK12,0.866025403784438,-0.499999999999999,1,0,0,0,226.97872,152.992908666666,222.624106666666,85.5331669999999,37.8297866,35.8723397,31.198583,33.8773933333333,0,7.0873,80.0144,28.83,79.65,1.78,27.88,74.15,1.68
2024,5,Gampaha,LK12,0.499999999999999,-0.866025403784438,0,1,0,0,395.851065,334.893623333333,519.085116666666,132.17313,226.97872,37.8297866,152.992908666666,85.5331669999999,0,7.0873,80.0144,28.19,85.11,3.95,28.83,79.65,1.78
2024,6,Gampaha,LK12,1.22464679914735e-16,-1.0,0,1,0,0,178.702126,273.297866666666,761.18445,74.4154966666666,395.851065,226.97872,334.893623333333,132.17313,0,7.0873,80.0144,27.23,87.36,4.39,28.19,85.11,3.95
2024,7,Gampaha,LK12,-0.499999999999999,-0.866025403784438,0,1,0,0,111.255319,133.34042,741.531943333333,80.46148,178.702126,395.851065,273.297866666666,74.4154966666666,0,7.0873,80.0144,26.99,86.78,3.87,27.23,87.36,4.39
2024,8,Gampaha,LK12,-0.866025403784438,-0.5,0,1,0,0,159.595737999999,136.241125,542.879433333333,122.3719,111.255319,178.702126,133.34042,80.46148,0,7.0873,80.0144,26.73,86.39,3.98,26.99,86.78,3.87
2024,9,Gampaha,LK12,-1.0,-1.83697019872102e-16,0,1,0,0,135.106384,161.31205,430.893593333333,63.9278456666666,159.595737999999,111.255319,136.241125,122.3719,0,7.0873,80.0144,27.16,85.73,4.14,26.73,86.39,3.98
2024,10,Gampaha,LK12,-0.866025403784438,0.5,0,0,1,0,461.95744,353.46099,651.014183333333,117.19084,135.106384,159.595737999999,161.31205,63.9278456666666,0,7.0873,80.0144,26.69,86.77,3.21,27.16,85.73,4.14
2024,11,Gampaha,LK12,-0.5,0.866025403784438,0,0,1,0,452.93617,428.695056666666,943.4681,131.505433333333,461.95744,135.106384,353.46099,117.19084,0,7.0873,80.0144,26.66,85.21,3.05,26.69,86.77,3.21
2024,12,Gampaha,LK12,-2.4492935982947e-16,1.0,0,0,0,1,105.702126,231.382983333333,1013.53900666666,76.4645786666666,452.93617,461.95744,428.695056666666,131.505433333333,0,7.0873,80.0144,26.46,84.17,2.72,26.66,85.21,3.05
2017,1,Kalutara,LK13,0.499999999999999,0.866025403784438,0,0,0,1,153.8461537,104.314098666666,631.038439999999,112.69954,226.10165,427.475274285714,294.385535904761,100.799722238095,0,6.5854,80.1794,25.52,77.22,2.7,26.41857142857143,82.99142857142859,2.4499999999999997
2017,2,Kalutara,LK13,0.866025403784438,0.5,0,0,0,1,102.8846147,148.025643333333,442.653833333333,94.5410956666666,153.8461537,226.10165,104.314098666666,112.69954,0,6.5854,80.1794,26.16,75.1,1.94,25.52,77.22,2.7
2017,3,Kalutara,LK13,1.0,6.12323399573676e-17,1,0,0,0,265.44231,220.705136666666,473.044883333333,144.718056666666,102.8846147,153.8461537,148.025643333333,94.5410956666666,0,6.5854,80.1794,26.93,81.49,1.98,26.16,75.1,1.94
2017,4,Kalutara,LK13,0.866025403784438,-0.499999999999999,1,0,0,0,178.807692,233.871786666666,602.60259,62.0007326666666,265.44231,102.8846147,220.705136666666,144.718056666666,0,6.5854,80.1794,27.7,83.65,2.98,26.93,81.49,1.98
2017,5,Kalutara,LK13,0.499999999999999,-0.866025403784438,0,1,0,0,641.23078,396.429503333333,851.006386666666,137.820412,178.807692,265.44231,233.871786666666,62.0007326666666,0,6.5854,80.1794,27.56,84.99,3.87,27.7,83.65,2.98
2017,6,Kalutara,LK13,1.22464679914735e-16,-1.0,0,1,0,0,250.63461,449.96157,1080.26283333333,83.0379946666666,641.23078,178.807692,396.429503333333,137.820412,0,6.5854,80.1794,26.82,87.12,4.48,27.56,84.99,3.87
2017,7,Kalutara,LK13,-0.499999999999999,-0.866025403784438,0,1,0,0,154.038457,184.064096666666,1030.45513333333,77.1131266666666,250.63461,641.23078,449.96157,83.0379946666666,0,6.5854,80.1794,26.91,85.85,4.49,26.82,87.12,4.48
2017,8,Kalutara,LK13,-0.866025403784438,-0.5,0,1,0,0,278.11539,242.28205,876.307716666666,147.97614,154.038457,250.63461,184.064096666666,77.1131266666666,0,6.5854,80.1794,26.63,86.45,4.61,26.91,85.85,4.49
2017,9,Kalutara,LK13,-1.0,-1.83697019872102e-16,0,1,0,0,478.23077,460.916673333333,887.262833333333,134.2542,278.11539,154.038457,242.28205,147.97614,0,6.5854,80.1794,26.53,86.24,4.23,26.63,86.45,4.61
2017,10,Kalutara,LK13,-0.866025403784438,0.5,0,0,1,0,384.596149999999,359.307686666666,1062.50643333333,88.1911333333333,478.23077,278.11539,460.916673333333,134.2542,0,6.5854,80.1794,26.76,86.32,3.65,26.53,86.24,4.23
2017,11,Kalutara,LK13,-0.5,0.866025403784438,0,0,1,0,488.711543,426.333343333333,1246.5576,118.537796666666,384.596149999999,478.23077,359.307686666666,88.1911333333333,0,6.5854,80.1794,26.44,85.13,2.79,26.76,86.32,3.65
2017,12,Kalutara,LK13,-2.4492935982947e-16,1.0,0,0,0,1,173.48077,312.250023333333,1097.89099999999,80.051592,488.711543,384.596149999999,426.333343333333,118.537796666666,0,6.5854,80.1794,26.18,82.09,2.36,26.44,85.13,2.79
2018,1,Kalutara,LK13,0.499999999999999,0.866025403784438,0,0,0,1,53.711538,84.6474366666666,823.230766666666,46.5881019999999,173.48077,488.711543,312.250023333333,80.051592,0,6.5854,80.1794,25.68,77.5,2.32,26.18,82.09,2.36
2018,2,Kalutara,LK13,0.866025403784438,0.5,0,0,0,1,111.826923,104.858973333333,501.756443333333,97.2916999999999,53.711538,173.48077,84.6474366666666,46.5881019999999,0,6.5854,80.1794,26.43,78.72,1.67,25.68,77.5,2.32
2018,3,Kalutara,LK13,1.0,6.12323399573676e-17,1,0,0,0,249.59616,207.826923333333,397.333343333333,139.605021666666,111.826923,53.711538,104.858973333333,97.2916999999999,0,6.5854,80.1794,27.17,80.72,1.9,26.43,78.72,1.67
2018,4,Kalutara,LK13,0.866025403784438,-0.499999999999999,1,0,0,0,346.75,291.474366666666,604.16028,111.69409,249.59616,111.826923,207.826923333333,139.605021666666,0,6.5854,80.1794,27.51,83.07,2.0,27.17,80.72,1.9
2018,5,Kalutara,LK13,0.499999999999999,-0.866025403784438,0,1,0,0,737.94232,611.750013333333,1111.0513,157.176616666666,346.75,249.59616,291.474366666666,111.69409,0,6.5854,80.1794,27.14,86.85,3.55,27.51,83.07,2.0
2018,6,Kalutara,LK13,1.22464679914735e-16,-1.0,0,1,0,0,377.346149999999,544.999989999999,1448.22443333333,117.512549999999,737.94232,346.75,611.750013333333,157.176616666666,0,6.5854,80.1794,26.79,88.06,4.73,27.14,86.85,3.55
2018,7,Kalutara,LK13,-0.499999999999999,-0.866025403784438,0,1,0,0,178.96154,215.403846666666,1372.1539,86.824207,377.346149999999,737.94232,544.999989999999,117.512549999999,0,6.5854,80.1794,26.15,89.04,4.47,26.79,88.06,4.73
2018,8,Kalutara,LK13,-0.866025403784438,-0.5,0,1,0,0,261.769237,224.62821,985.032056666666,138.302326666666,178.96154,377.346149999999,215.403846666666,86.824207,0,6.5854,80.1794,25.76,89.21,4.48,26.15,89.04,4.47
2018,9,Kalutara,LK13,-1.0,-1.83697019872102e-16,0,1,0,0,350.38462,249.826919999999,689.858966666666,89.470924,261.769237,178.96154,224.62821,138.302326666666,0,6.5854,80.1794,26.34,84.4,3.48,25.76,89.21,4.48
2018,10,Kalutara,LK13,-0.866025403784438,0.5,0,0,1,0,658.46155,666.36535,1140.8205,157.068271333333,350.38462,261.769237,249.826919999999,89.470924,0,6.5854,80.1794,26.18,86.69,2.84,26.34,84.4,3.48
2018,11,Kalutara,LK13,-0.5,0.866025403784438,0,0,1,0,397.15384,459.42309,1375.61543333333,97.4535013333333,658.46155,350.38462,666.36535,157.068271333333,0,6.5854,80.1794,26.41,84.89,2.39,26.18,86.69,2.84
2018,12,Kalutara,LK13,-2.4492935982947e-16,1.0,0,0,0,1,111.98077,194.224364666666,1320.01276666666,54.4157736666666,397.15384,658.46155,459.42309,97.4535013333333,0,6.5854,80.1794,26.14,81.61,2.57,26.41,84.89,2.39
2019,1,Kalutara,LK13,0.499999999999999,0.866025403784438,0,0,0,1,40.3076924999999,63.705131,717.35259,38.2861406666666,111.98077,397.15384,194.224364666666,54.4157736666666,0,6.5854,80.1794,26.0,79.75,2.85,26.14,81.61,2.57
2019,2,Kalutara,LK13,0.866025403784438,0.5,0,0,0,1,173.461541,164.397436666666,422.326946666666,133.395753333333,40.3076924999999,111.98077,63.705131,38.2861406666666,0,6.5854,80.1794,26.84,80.37,1.85,26.0,79.75,2.85
2019,3,Kalutara,LK13,1.0,6.12323399573676e-17,1,0,0,0,78.9230769999999,79.5641033333333,307.666673333333,49.4978533333333,173.461541,40.3076924999999,164.397436666666,133.395753333333,0,6.5854,80.1794,27.46,76.8,1.7,26.84,80.37,1.85
2019,4,Kalutara,LK13,0.866025403784438,-0.499999999999999,1,0,0,0,257.980768,155.570511,399.532076666666,83.205037,78.9230769999999,173.461541,79.5641033333333,49.4978533333333,0,6.5854,80.1794,27.92,79.87,2.07,27.46,76.8,1.7
2019,5,Kalutara,LK13,0.499999999999999,-0.866025403784438,0,1,0,0,243.538453,255.416653333333,490.551283333333,54.3618876666666,257.980768,78.9230769999999,155.570511,83.205037,0,6.5854,80.1794,27.9,84.97,3.8,27.92,79.87,2.07
2019,6,Kalutara,LK13,1.22464679914735e-16,-1.0,0,1,0,0,559.26924,526.698733333333,937.685933333333,173.4109,243.538453,257.980768,255.416653333333,54.3618876666666,0,6.5854,80.1794,27.82,84.13,4.65,27.9,84.97,3.8
2019,7,Kalutara,LK13,-0.499999999999999,-0.866025403784438,0,1,0,0,214.788459,296.52563,1078.64099999999,101.418974999999,559.26924,243.538453,526.698733333333,173.4109,0,6.5854,80.1794,27.0,85.16,4.08,27.82,84.13,4.65
2019,8,Kalutara,LK13,-0.866025403784438,-0.5,0,1,0,0,548.92308,383.46155,1206.68586666666,278.684833333333,214.788459,559.26924,296.52563,101.418974999999,0,6.5854,80.1794,26.71,84.86,4.56,27.0,85.16,4.08
2019,9,Kalutara,LK13,-1.0,-1.83697019872102e-16,0,1,0,0,1087.21154,829.57691,1509.56403333333,281.77167,548.92308,214.788459,383.46155,278.684833333333,0,6.5854,80.1794,26.58,86.2,3.55,26.71,84.86,4.56
2019,10,Kalutara,LK13,-0.866025403784438,0.5,0,0,1,0,637.346159999999,904.35898,2117.3975,145.140266666666,1087.21154,548.92308,829.57691,281.77167,0,6.5854,80.1794,26.19,86.65,2.61,26.58,86.2,3.55
2019,11,Kalutara,LK13,-0.5,0.866025403784438,0,0,1,0,402.78847,469.45514,2203.39096666666,99.4688299999999,637.346159999999,1087.21154,904.35898,145.140266666666,0,6.5854,80.1794,26.74,84.66,1.81,26.19,86.65,2.61
2019,12,Kalutara,LK13,-2.4492935982947e-16,1.0,0,0,0,1,227.134617,303.897436666666,1677.71156666666,103.620236666666,402.78847,637.346159999999,469.45514,99.4688299999999,0,6.5854,80.1794,26.57,83.28,1.79,26.74,84.66,1.81
2020,1,Kalutara,LK13,0.499999999999999,0.866025403784438,0,0,0,1,74.5,130.28846,903.641066666666,60.2209573333333,227.134617,402.78847,303.897436666666,103.620236666666,1,6.5854,80.1794,26.65,79.27,2.12,26.57,83.28,1.79
2020,2,Kalutara,LK13,0.866025403784438,0.5,0,0,0,1,36.5769219999999,44.1410253333333,478.326949999999,39.4400503333333,74.5,227.134617,130.28846,60.2209573333333,0,6.5854,80.1794,26.93,77.61,1.92,26.65,79.27,2.12
2020,3,Kalutara,LK13,1.0,6.12323399573676e-17,1,0,0,0,70.576923,61.6153879999999,236.044869999999,45.0828736666666,36.5769219999999,74.5,44.1410253333333,39.4400503333333,0,6.5854,80.1794,27.65,77.33,1.71,26.93,77.61,1.92
2020,4,Kalutara,LK13,0.866025403784438,-0.499999999999999,1,0,0,0,195.173073999999,126.320514666666,232.076926666666,63.176207,70.576923,36.5769219999999,61.6153879999999,45.0828736666666,0,6.5854,80.1794,28.17,80.2,2.06,27.65,77.33,1.71
2020,5,Kalutara,LK13,0.499999999999999,-0.866025403784438,0,1,0,0,517.692299999999,435.583316666666,623.519216666666,110.888725,195.173073999999,70.576923,126.320514666666,63.176207,0,6.5854,80.1794,27.96,85.28,3.77,28.17,80.2,2.06
2020,6,Kalutara,LK13,1.22464679914735e-16,-1.0,0,1,0,0,297.480763,349.935896666666,911.839716666666,99.3102433333333,517.692299999999,195.173073999999,435.583316666666,110.888725,0,6.5854,80.1794,27.4,84.76,4.48,27.96,85.28,3.77
2020,7,Kalutara,LK13,-0.499999999999999,-0.866025403784438,0,1,0,0,283.73077,309.81409,1095.3333,133.23196,297.480763,517.692299999999,349.935896666666,99.3102433333333,0,6.5854,80.1794,26.61,85.78,4.06,27.4,84.76,4.48
2020,8,Kalutara,LK13,-0.866025403784438,-0.5,0,1,0,0,211.903850999999,279.032053333333,938.782053333333,135.039064333333,283.73077,297.480763,309.81409,133.23196,1,6.5854,80.1794,26.6,86.76,3.89,26.61,85.78,4.06
2020,9,Kalutara,LK13,-1.0,-1.83697019872102e-16,0,1,0,0,651.44231,456.141023333333,1044.98713333333,175.946646666666,211.903850999999,283.73077,279.032053333333,135.039064333333,0,6.5854,80.1794,26.5,86.53,4.35,26.6,86.76,3.89
2020,10,Kalutara,LK13,-0.866025403784438,0.5,0,0,1,0,158.807693,327.512823333333,1062.68586666666,37.9686756666666,651.44231,211.903850999999,456.141023333333,175.946646666666,0,6.5854,80.1794,26.67,85.92,4.07,26.5,86.53,4.35
2020,11,Kalutara,LK13,-0.5,0.866025403784438,0,0,1,0,329.09615,309.275636666666,1092.92948333333,82.580216,158.807693,651.44231,327.512823333333,37.9686756666666,0,6.5854,80.1794,26.87,84.24,2.3,26.67,85.92,4.07
2020,12,Kalutara,LK13,-2.4492935982947e-16,1.0,0,0,0,1,204.173083,208.320513333333,845.108966666666,93.9119383333333,329.09615,158.807693,309.275636666666,82.580216,0,6.5854,80.1794,26.46,83.22,2.53,26.87,84.24,2.3
2021,1,Kalutara,LK13,0.499999999999999,0.866025403784438,0,0,0,1,200.09615,212.62821,730.224353333333,145.274568666666,204.173083,329.09615,208.320513333333,93.9119383333333,0,6.5854,80.1794,26.0,83.19,2.16,26.46,83.22,2.53
2021,2,Kalutara,LK13,0.866025403784438,0.5,0,0,0,1,84.346153,114.025643333333,534.974353333333,77.0906519999999,200.09615,204.173083,212.62821,145.274568666666,0,6.5854,80.1794,26.57,80.32,2.5,26.0,83.19,2.16
2021,3,Kalutara,LK13,1.0,6.12323399573676e-17,1,0,0,0,255.76923,179.333334666666,505.987183333333,137.878253333333,84.346153,200.09615,114.025643333333,77.0906519999999,0,6.5854,80.1794,26.88,78.19,1.57,26.57,80.32,2.5
2021,4,Kalutara,LK13,0.866025403784438,-0.499999999999999,1,0,0,0,251.134608,229.54487,522.903853333333,80.0694726666666,255.76923,84.346153,179.333334666666,137.878253333333,0,6.5854,80.1794,27.51,83.46,2.5,26.88,78.19,1.57
2021,5,Kalutara,LK13,0.499999999999999,-0.866025403784438,0,1,0,0,643.51924,551.153843333333,960.03211,137.94482,251.134608,255.76923,229.54487,80.0694726666666,0,6.5854,80.1794,27.59,85.65,3.75,27.51,83.46,2.5
2021,6,Kalutara,LK13,1.22464679914735e-16,-1.0,0,1,0,0,440.923077,592.044873333333,1372.74359999999,131.671552,643.51924,251.134608,551.153843333333,137.94482,0,6.5854,80.1794,27.06,86.35,4.49,27.59,85.65,3.75
2021,7,Kalutara,LK13,-0.499999999999999,-0.866025403784438,0,1,0,0,346.28847,326.025636666666,1469.22436666666,165.501851333333,440.923077,643.51924,592.044873333333,131.671552,0,6.5854,80.1794,26.71,87.53,4.82,27.06,86.35,4.49
2021,8,Kalutara,LK13,-0.866025403784438,-0.5,0,1,0,0,310.980764,246.8718,1164.94236666666,152.569916666666,346.28847,440.923077,326.025636666666,165.501851333333,0,6.5854,80.1794,26.4,87.43,4.36,26.71,87.53,4.82
2021,9,Kalutara,LK13,-1.0,-1.83697019872102e-16,0,1,0,0,423.65385,419.814106666666,992.711566666666,114.885361333333,310.980764,346.28847,246.8718,152.569916666666,0,6.5854,80.1794,26.79,86.59,4.51,26.4,87.43,4.36
2021,10,Kalutara,LK13,-0.866025403784438,0.5,0,0,1,0,486.61539,458.461543333333,1125.14746666666,113.90983,423.65385,310.980764,419.814106666666,114.885361333333,1,6.5854,80.1794,26.57,87.1,3.68,26.79,86.59,4.51
2021,11,Kalutara,LK13,-0.5,0.866025403784438,0,0,1,0,464.23077,513.47439,1391.75,113.470695666666,486.61539,423.65385,458.461543333333,113.90983,0,6.5854,80.1794,26.32,86.31,3.62,26.57,87.1,3.68
2021,12,Kalutara,LK13,-2.4492935982947e-16,1.0,0,0,0,1,179.03846,279.44871,1251.3846,77.5453816666666,464.23077,486.61539,513.47439,113.470695666666,0,6.5854,80.1794,26.55,81.19,2.1,26.32,86.31,3.62
2022,1,Kalutara,LK13,0.499999999999999,0.866025403784438,0,0,0,1,87.499999,101.141025333333,894.064099999999,68.314566,179.03846,464.23077,279.44871,77.5453816666666,1,6.5854,80.1794,26.52,80.74,2.18,26.55,81.19,2.1
2022,2,Kalutara,LK13,0.866025403784438,0.5,0,0,0,1,139.134617,98.839741,479.429516666666,120.783526666666,87.499999,179.03846,101.141025333333,68.314566,0,6.5854,80.1794,26.38,78.86,2.18,26.52,80.74,2.18
2022,3,Kalutara,LK13,1.0,6.12323399573676e-17,1,0,0,0,162.211537,159.339743333333,359.320496666666,90.9147916666666,139.134617,87.499999,98.839741,120.783526666666,0,6.5854,80.1794,27.17,80.98,2.71,26.38,78.86,2.18
2022,4,Kalutara,LK13,0.866025403784438,-0.499999999999999,1,0,0,0,458.48076,373.942296666666,632.121783333333,145.874225333333,162.211537,139.134617,159.339743333333,90.9147916666666,0,6.5854,80.1794,27.35,84.84,2.34,27.17,80.98,2.71
2022,5,Kalutara,LK13,0.499999999999999,-0.866025403784438,0,1,0,0,632.40384,529.961523333333,1063.24356666666,135.525755,458.48076,162.211537,373.942296666666,145.874225333333,0,6.5854,80.1794,27.49,86.99,4.92,27.35,84.84,2.34
2022,6,Kalutara,LK13,1.22464679914735e-16,-1.0,0,1,0,0,230.557693,404.999986666666,1308.9038,76.95633,632.40384,458.48076,529.961523333333,135.525755,0,6.5854,80.1794,26.83,86.85,4.65,27.49,86.99,4.92
2022,7,Kalutara,LK13,-0.499999999999999,-0.866025403784438,0,1,0,0,270.769233,215.846153333333,1150.80763333333,129.406941666666,230.557693,632.40384,404.999986666666,76.95633,0,6.5854,80.1794,26.29,87.12,4.58,26.83,86.85,4.65
2022,8,Kalutara,LK13,-0.866025403784438,-0.5,0,1,0,0,346.923083,305.76924,926.615366666666,171.512429,270.769233,230.557693,215.846153333333,129.406941666666,0,6.5854,80.1794,26.04,87.73,4.83,26.29,87.12,4.58
2022,9,Kalutara,LK13,-1.0,-1.83697019872102e-16,0,1,0,0,232.90384,369.461523333333,891.076916666666,68.668326,346.923083,270.769233,305.76924,171.512429,0,6.5854,80.1794,26.33,86.35,4.23,26.04,87.73,4.83
2022,10,Kalutara,LK13,-0.866025403784438,0.5,0,0,1,0,664.63459,383.410246666666,1058.64098,140.80253,232.90384,346.923083,369.461523333333,68.668326,0,6.5854,80.1794,26.33,85.48,4.11,26.33,86.35,4.23
2022,11,Kalutara,LK13,-0.5,0.866025403784438,0,0,1,0,343.211537,576.128193333333,1328.99996666666,85.7782236666666,664.63459,232.90384,383.410246666666,140.80253,0,6.5854,80.1794,26.23,83.21,2.7,26.33,85.48,4.11
2022,12,Kalutara,LK13,-2.4492935982947e-16,1.0,0,0,0,1,287.34616,290.94873,1250.48716666666,126.194063333333,343.211537,664.63459,576.128193333333,85.7782236666666,0,6.5854,80.1794,26.08,83.46,3.28,26.23,83.21,2.7
2023,1,Kalutara,LK13,0.499999999999999,0.866025403784438,0,0,0,1,117.653847,156.621801333333,1023.69871666666,88.7422466666666,287.34616,343.211537,290.94873,126.194063333333,0,6.5854,80.1794,25.55,80.23,3.1,26.08,83.46,3.28
2023,2,Kalutara,LK13,0.866025403784438,0.5,0,0,0,1,181.01923,179.141023333333,626.711539999999,145.428871999999,117.653847,287.34616,156.621801333333,88.7422466666666,0,6.5854,80.1794,26.16,80.04,2.65,25.55,80.23,3.1
2023,3,Kalutara,LK13,1.0,6.12323399573676e-17,1,0,0,0,401.1923,293.88461,629.647453333333,214.470343333333,181.01923,117.653847,179.141023333333,145.428871999999,0,6.5854,80.1794,27.26,80.09,1.76,26.16,80.04,2.65
2023,4,Kalutara,LK13,0.866025403784438,-0.499999999999999,1,0,0,0,289.596153,341.288443333333,814.314093333333,92.7830196666666,401.1923,181.01923,293.88461,214.470343333333,0,6.5854,80.1794,27.93,80.5,1.8,27.26,80.09,1.76
2023,5,Kalutara,LK13,0.499999999999999,-0.866025403784438,0,1,0,0,964.96155,807.94875,1443.12173333333,205.314486666666,289.596153,401.1923,341.288443333333,92.7830196666666,0,6.5854,80.1794,27.76,85.37,3.75,27.93,80.5,1.8
2023,6,Kalutara,LK13,1.22464679914735e-16,-1.0,0,1,0,0,581.65385,692.8269,1842.06406666666,179.723973333333,964.96155,289.596153,807.94875,205.314486666666,0,6.5854,80.1794,27.51,86.42,4.8,27.76,85.37,3.75
2023,7,Kalutara,LK13,-0.499999999999999,-0.866025403784438,0,1,0,0,201.115382,303.2564,1804.03203333333,98.9946406666666,581.65385,964.96155,692.8269,179.723973333333,0,6.5854,80.1794,26.95,87.65,4.39,27.51,86.42,4.8
2023,8,Kalutara,LK13,-0.866025403784438,-0.5,0,1,0,0,197.634612,120.929483333333,1117.01276666666,93.4828313333333,201.115382,581.65385,303.2564,98.9946406666666,0,6.5854,80.1794,27.17,85.81,4.14,26.95,87.65,4.39
2023,9,Kalutara,LK13,-1.0,-1.83697019872102e-16,0,1,0,0,776.269219999999,688.7628,1112.9487,212.502066666666,197.634612,201.115382,120.929483333333,93.4828313333333,0,6.5854,80.1794,26.87,85.93,4.3,27.17,85.81,4.14
2023,10,Kalutara,LK13,-0.866025403784438,0.5,0,0,1,0,770.4231,763.525633333333,1573.21793333333,181.758946666666,776.269219999999,197.634612,688.7628,212.502066666666,0,6.5854,80.1794,26.51,86.72,2.67,26.87,85.93,4.3
2023,11,Kalutara,LK13,-0.5,0.866025403784438,0,0,1,0,567.13461,607.2564,2059.54486666666,138.378293333333,770.4231,776.269219999999,763.525633333333,181.758946666666,0,6.5854,80.1794,26.85,85.16,1.88,26.51,86.72,2.67
2023,12,Kalutara,LK13,-2.4492935982947e-16,1.0,0,0,0,1,399.55769,471.608973333333,1842.3909,169.85907,567.13461,770.4231,607.2564,138.378293333333,0,6.5854,80.1794,26.95,86.09,2.52,26.85,85.16,1.88
2024,1,Kalutara,LK13,0.499999999999999,0.866025403784438,0,0,0,1,240.365383,314.455116666666,1393.3206,160.892627666666,399.55769,567.13461,471.608973333333,169.85907,0,6.5854,80.1794,26.56,81.66,2.08,26.95,86.09,2.52
2024,2,Kalutara,LK13,0.866025403784438,0.5,0,0,0,1,57.5,70.51923,856.583333333333,54.301973,240.365383,399.55769,314.455116666666,160.892627666666,0,6.5854,80.1794,27.29,80.98,2.28,26.56,81.66,2.08
2024,3,Kalutara,LK13,1.0,6.12323399573676e-17,1,0,0,0,76.134614,51.9743566666666,436.94873,45.7807206666666,57.5,240.365383,70.51923,54.301973,0,6.5854,80.1794,27.94,77.16,1.52,27.29,80.98,2.28
2024,4,Kalutara,LK13,0.866025403784438,-0.499999999999999,1,0,0,0,314.34616,237.54487,360.038473333333,101.219293666666,76.134614,57.5,51.9743566666666,45.7807206666666,0,6.5854,80.1794,28.64,82.27,1.96,27.94,77.16,1.52
2024,5,Kalutara,LK13,0.499999999999999,-0.866025403784438,0,1,0,0,470.13462,427.442313333333,716.96156,101.092175,314.34616,76.134614,237.54487,101.219293666666,0,6.5854,80.1794,28.3,85.71,4.19,28.64,82.27,1.96
2024,6,Kalutara,LK13,1.22464679914735e-16,-1.0,0,1,0,0,206.61538,295.576936666666,960.564083333333,68.5190466666666,470.13462,314.34616,427.442313333333,101.092175,0,6.5854,80.1794,27.54,86.96,4.49,28.3,85.71,4.19
2024,7,Kalutara,LK13,-0.499999999999999,-0.866025403784438,0,1,0,0,170.826924,184.749996666666,907.769243333333,84.0633113333333,206.61538,470.13462,295.576936666666,68.5190466666666,0,6.5854,80.1794,27.36,86.59,4.11,27.54,86.96,4.49
2024,8,Kalutara,LK13,-0.866025403784438,-0.5,0,1,0,0,320.499997,252.314099999999,732.641066666666,159.935025333333,170.826924,206.61538,184.749996666666,84.0633113333333,0,6.5854,80.1794,27.03,86.1,4.11,27.36,86.59,4.11
2024,9,Kalutara,LK13,-1.0,-1.83697019872102e-16,0,1,0,0,335.230767,363.775646666666,800.839719999999,93.306978,320.499997,170.826924,252.314099999999,159.935025333333,0,6.5854,80.1794,27.31,86.18,4.41,27.03,86.1,4.11
2024,10,Kalutara,LK13,-0.866025403784438,0.5,0,0,1,0,457.28846,411.282063333333,1027.37182333333,108.529407999999,335.230767,320.499997,363.775646666666,93.306978,0,6.5854,80.1794,26.98,86.45,3.47,27.31,86.18,4.41
2024,11,Kalutara,LK13,-0.5,0.866025403784438,0,0,1,0,515.09614,477.564109999999,1252.62183333333,126.048268333333,457.28846,335.230767,411.282063333333,108.529407999999,0,6.5854,80.1794,26.83,85.75,3.34,26.98,86.45,3.47
2024,12,Kalutara,LK13,-2.4492935982947e-16,1.0,0,0,0,1,196.134619999999,296.557703333333,1185.40393333333,91.8079366666666,515.09614,457.28846,477.564109999999,126.048268333333,0,6.5854,80.1794,26.88,83.63,2.7,26.83,85.75,3.34
2017,1,Kandy,LK21,0.499999999999999,0.866025403784438,0,0,0,1,200.1833335,103.411106333333,521.444446666666,118.011697333333,256.349998999999,362.780952285714,294.305556666666,96.9876209047619,0,7.2906,80.6337,23.61,77.95,2.45,23.752857142857142,90.36428571428571,2.174285714285714
2017,2,Kandy,LK21,0.866025403784438,0.5,0,0,0,1,87.0666664,167.088888666666,404.05555,93.3419563333333,200.1833335,256.349998999999,103.411106333333,118.011697333333,0,7.2906,80.6337,24.76,71.52,2.3,23.61,77.95,2.45
2017,3,Kandy,LK21,1.0,6.12323399573676e-17,1,0,0,0,284.833335,272.71667,543.216643333333,217.908779999999,87.0666664,200.1833335,167.088888666666,93.3419563333333,1,7.2906,80.6337,25.54,80.06,1.29,24.76,71.52,2.3
2017,4,Kandy,LK21,0.866025403784438,-0.499999999999999,1,0,0,0,79.150001,119.755553333333,559.5611,40.761643,284.833335,87.0666664,272.71667,217.908779999999,0,7.2906,80.6337,27.37,76.11,1.67,25.54,80.06,1.29
2017,5,Kandy,LK21,0.499999999999999,-0.866025403784438,0,1,0,0,286.650004,181.372229999999,573.844466666666,158.593848333333,79.150001,284.833335,119.755553333333,40.761643,0,7.2906,80.6337,27.28,77.47,2.77,27.37,76.11,1.67
2017,6,Kandy,LK21,1.22464679914735e-16,-1.0,0,1,0,0,250.666666,281.066666666666,582.194466666666,140.275361666666,286.650004,79.150001,181.372229999999,158.593848333333,0,7.2906,80.6337,26.14,80.6,4.29,27.28,77.47,2.77
2017,7,Kandy,LK21,-0.499999999999999,-0.866025403784438,0,1,0,0,124.266667,168.538893333333,630.977766666666,90.6313003333333,250.666666,286.650004,281.066666666666,140.275361666666,0,7.2906,80.6337,26.33,78.33,4.05,26.14,80.6,4.29
2017,8,Kandy,LK21,-0.866025403784438,-0.5,0,1,0,0,192.966663999999,192.794443333333,642.40002,152.614003333333,124.266667,250.666666,168.538893333333,90.6313003333333,0,7.2906,80.6337,26.0,79.95,4.08,26.33,78.33,4.05
2017,9,Kandy,LK21,-1.0,-1.83697019872102e-16,0,1,0,0,214.28333,218.805553333333,580.138886666666,111.963006666666,192.966663999999,124.266667,192.794443333333,152.614003333333,0,7.2906,80.6337,25.83,80.85,3.39,26.0,79.95,4.08
2017,10,Kandy,LK21,-0.866025403784438,0.5,0,0,1,0,309.21667,221.677779999999,633.277786666666,91.2668433333333,214.28333,192.966663999999,218.805553333333,111.963006666666,0,7.2906,80.6337,25.75,83.06,2.82,25.83,80.85,3.39
2017,11,Kandy,LK21,-0.5,0.866025403784438,0,0,1,0,412.183337,392.11667,832.59997,116.35358,309.21667,214.28333,221.677779999999,91.2668433333333,0,7.2906,80.6337,24.4,88.53,2.12,25.75,83.06,2.82
2017,12,Kandy,LK21,-2.4492935982947e-16,1.0,0,0,0,1,181.533335,274.249996666666,888.04443,69.528752,412.183337,309.21667,392.11667,116.35358,0,7.2906,80.6337,23.58,88.01,1.97,24.4,88.53,2.12
2018,1,Kandy,LK21,0.499999999999999,0.866025403784438,0,0,0,1,68.383335,88.2777766666666,754.644413333333,44.9264733333333,181.533335,412.183337,274.249996666666,69.528752,0,7.2906,80.6337,22.72,85.06,1.99,23.58,88.01,1.97
2018,2,Kandy,LK21,0.866025403784438,0.5,0,0,0,1,97.883333,95.4166653333333,457.944433333333,97.4935466666666,68.383335,181.533335,88.2777766666666,44.9264733333333,1,7.2906,80.6337,24.27,80.74,2.42,22.72,85.06,1.99
2018,3,Kandy,LK21,1.0,6.12323399573676e-17,1,0,0,0,159.900002,147.405562,331.099996666666,121.029934999999,97.883333,68.383335,95.4166653333333,97.4935466666666,1,7.2906,80.6337,25.87,77.65,1.79,24.27,80.74,2.42
2018,4,Kandy,LK21,0.866025403784438,-0.499999999999999,1,0,0,0,223.983334,203.972226666666,446.794433333333,104.009999999999,159.900002,97.883333,147.405562,121.029934999999,0,7.2906,80.6337,27.13,76.63,1.13,25.87,77.65,1.79
2018,5,Kandy,LK21,0.499999999999999,-0.866025403784438,0,1,0,0,359.866664,312.905556666666,664.283373333333,196.326463333333,223.983334,159.900002,203.972226666666,104.009999999999,0,7.2906,80.6337,25.87,86.89,2.13,27.13,76.63,1.13
2018,6,Kandy,LK21,1.22464679914735e-16,-1.0,0,1,0,0,191.849998,263.216656666666,780.09445,107.441325,359.866664,223.983334,312.905556666666,196.326463333333,0,7.2906,80.6337,25.29,87.56,4.38,25.87,86.89,2.13
2018,7,Kandy,LK21,-0.499999999999999,-0.866025403784438,0,1,0,0,124.199999999999,135.316666666666,711.4389,89.59442,191.849998,359.866664,263.216656666666,107.441325,0,7.2906,80.6337,25.21,83.36,4.45,25.29,87.56,4.38
2018,8,Kandy,LK21,-0.866025403784438,-0.5,0,1,0,0,184.666663,142.549996666666,541.083336666666,128.313846666666,124.199999999999,191.849998,135.316666666666,89.59442,1,7.2906,80.6337,25.17,81.69,4.61,25.21,83.36,4.45
2018,9,Kandy,LK21,-1.0,-1.83697019872102e-16,0,1,0,0,165.600005,164.622223333333,442.488876666666,81.7333296666666,184.666663,124.199999999999,142.549996666666,128.313846666666,1,7.2906,80.6337,26.07,76.61,2.95,25.17,81.69,4.61
2018,10,Kandy,LK21,-0.866025403784438,0.5,0,0,1,0,479.700006,413.683326666666,720.855566666666,152.447263333333,165.600005,184.666663,164.622223333333,81.7333296666666,1,7.2906,80.6337,24.98,85.48,1.49,26.07,76.61,2.95
2018,11,Kandy,LK21,-0.5,0.866025403784438,0,0,1,0,298.133332,359.838886666666,938.144483333333,86.5603673333333,479.700006,165.600005,413.683326666666,152.447263333333,0,7.2906,80.6337,24.23,88.95,1.73,24.98,85.48,1.49
2018,12,Kandy,LK21,-2.4492935982947e-16,1.0,0,0,0,1,155.683332,188.37222,961.8945,61.2186233333333,298.133332,479.700006,359.838886666666,86.5603673333333,0,7.2906,80.6337,23.33,89.74,1.93,24.23,88.95,1.73
2019,1,Kandy,LK21,0.499999999999999,0.866025403784438,0,0,0,1,45.433334,82.5000013333333,630.7111,31.286056,155.683332,298.133332,188.37222,61.2186233333333,1,7.2906,80.6337,22.72,86.74,2.42,23.33,89.74,1.93
2019,2,Kandy,LK21,0.866025403784438,0.5,0,0,0,1,183.049996,171.049996666666,441.922223333333,150.27724,45.433334,155.683332,82.5000013333333,31.286056,0,7.2906,80.6337,24.79,83.58,2.19,22.72,86.74,2.42
2019,3,Kandy,LK21,1.0,6.12323399573676e-17,1,0,0,0,29.216667,46.722221,300.272213333333,30.3863456666666,183.049996,45.433334,171.049996666666,150.27724,0,7.2906,80.6337,26.87,68.16,1.75,24.79,83.58,2.19
2019,4,Kandy,LK21,0.866025403784438,-0.499999999999999,1,0,0,0,197.9,119.005556666666,336.777773333333,90.2849286666666,29.216667,183.049996,46.722221,30.3863456666666,0,7.2906,80.6337,28.96,64.44,1.14,26.87,68.16,1.75
2019,5,Kandy,LK21,0.499999999999999,-0.866025403784438,0,1,0,0,92.150002,141.833333333333,307.561116666666,56.5022113333333,197.9,29.216667,119.005556666666,90.2849286666666,0,7.2906,80.6337,28.34,72.45,3.24,28.96,64.44,1.14
2019,6,Kandy,LK21,1.22464679914735e-16,-1.0,0,1,0,0,238.933334,211.961103333333,472.800019999999,132.307713,92.150002,197.9,141.833333333333,56.5022113333333,0,7.2906,80.6337,27.49,75.27,4.52,28.34,72.45,3.24
2019,7,Kandy,LK21,-0.499999999999999,-0.866025403784438,0,1,0,0,178.683333,191.25,545.044443333333,123.20692,238.933334,92.150002,211.961103333333,132.307713,0,7.2906,80.6337,26.77,75.43,4.12,27.49,75.27,4.52
2019,8,Kandy,LK21,-0.866025403784438,-0.5,0,1,0,0,254.099993999999,236.827776666666,640.038866666666,196.904423333333,178.683333,238.933334,191.25,123.20692,0,7.2906,80.6337,25.89,78.67,4.5,26.77,75.43,4.12
2019,9,Kandy,LK21,-1.0,-1.83697019872102e-16,0,1,0,0,302.25001,241.316666666666,669.394416666666,148.81426,254.099993999999,178.683333,236.827776666666,196.904423333333,0,7.2906,80.6337,25.59,81.83,3.06,25.89,78.67,4.5
2019,10,Kandy,LK21,-0.866025403784438,0.5,0,0,1,0,437.533335999999,401.0,879.144416666666,130.03194,302.25001,254.099993999999,241.316666666666,148.81426,0,7.2906,80.6337,24.74,88.14,1.28,25.59,81.83,3.06
2019,11,Kandy,LK21,-0.5,0.866025403784438,0,0,1,0,319.750002,340.361116666666,982.677753333333,91.9950119999999,437.533335999999,302.25001,401.0,130.03194,1,7.2906,80.6337,24.75,88.87,1.69,24.74,88.14,1.28
2019,12,Kandy,LK21,-2.4492935982947e-16,1.0,0,0,0,1,322.466666,394.31667,1135.6778,119.716115666666,319.750002,437.533335999999,340.361116666666,91.9950119999999,0,7.2906,80.6337,23.89,91.9,2.31,24.75,88.87,1.69
2020,1,Kandy,LK21,0.499999999999999,0.866025403784438,0,0,0,1,42.216668,100.805555666666,835.48328,29.9565576666666,322.466666,319.750002,394.31667,119.716115666666,0,7.2906,80.6337,23.26,88.25,2.35,23.89,91.9,2.31
2020,2,Kandy,LK21,0.866025403784438,0.5,0,0,0,1,17.1833338,30.8777783333333,526.000023333333,26.2242303333333,42.216668,322.466666,100.805555666666,29.9565576666666,0,7.2906,80.6337,23.7,85.19,2.61,23.26,88.25,2.35
2020,3,Kandy,LK21,1.0,6.12323399573676e-17,1,0,0,0,52.916668,41.1444433333333,172.82778,47.4517073333333,17.1833338,42.216668,30.8777783333333,26.2242303333333,0,7.2906,80.6337,26.57,71.19,1.67,23.7,85.19,2.61
2020,4,Kandy,LK21,0.866025403784438,-0.499999999999999,1,0,0,0,131.916666,91.9222213333333,163.944445333333,62.6542663333333,52.916668,17.1833338,41.1444433333333,47.4517073333333,0,7.2906,80.6337,28.18,71.34,1.35,26.57,71.19,1.67
2020,5,Kandy,LK21,0.499999999999999,-0.866025403784438,0,1,0,0,377.25,322.68335,455.749986666666,204.486273333333,131.916666,52.916668,91.9222213333333,62.6542663333333,0,7.2906,80.6337,26.82,83.42,2.6,28.18,71.34,1.35
2020,6,Kandy,LK21,1.22464679914735e-16,-1.0,0,1,0,0,176.950002,209.811113333333,624.4167,102.282415333333,377.25,131.916666,322.68335,204.486273333333,0,7.2906,80.6337,25.92,83.19,3.89,26.82,83.42,2.6
2020,7,Kandy,LK21,-0.499999999999999,-0.866025403784438,0,1,0,0,230.349996,223.627776666666,756.1222,157.901006666666,176.950002,377.25,209.811113333333,102.282415333333,0,7.2906,80.6337,25.22,84.58,3.12,25.92,83.19,3.89
2020,8,Kandy,LK21,-0.866025403784438,-0.5,0,1,0,0,120.983333,157.7,591.138866666666,95.5810216666666,230.349996,176.950002,223.627776666666,157.901006666666,0,7.2906,80.6337,25.66,82.44,3.82,25.22,84.58,3.12
2020,9,Kandy,LK21,-1.0,-1.83697019872102e-16,0,1,0,0,288.73333,239.1,620.427786666666,142.982066666666,120.983333,230.349996,157.7,95.5810216666666,0,7.2906,80.6337,25.09,84.37,3.83,25.66,82.44,3.82
2020,10,Kandy,LK21,-0.866025403784438,0.5,0,0,1,0,179.833331,206.32223,603.122196666666,56.1813786666666,288.73333,120.983333,239.1,142.982066666666,1,7.2906,80.6337,25.64,81.91,3.48,25.09,84.37,3.83
2020,11,Kandy,LK21,-0.5,0.866025403784438,0,0,1,0,289.299998,284.9,730.322183333333,86.5129966666666,179.833331,288.73333,206.32223,56.1813786666666,1,7.2906,80.6337,24.91,88.04,1.7,25.64,81.91,3.48
2020,12,Kandy,LK21,-2.4492935982947e-16,1.0,0,0,0,1,282.88333,278.527776666666,769.749983333333,106.652386666666,289.299998,179.833331,284.9,86.5129966666666,0,7.2906,80.6337,23.86,90.23,2.29,24.91,88.04,1.7
2021,1,Kandy,LK21,0.499999999999999,0.866025403784438,0,0,0,1,289.68334,315.477783333333,878.905566666666,151.62629,282.88333,289.299998,278.527776666666,106.652386666666,0,7.2906,80.6337,23.37,91.37,1.96,23.86,90.23,2.29
2021,2,Kandy,LK21,0.866025403784438,0.5,0,0,0,1,63.3,95.8277796666666,689.833366666666,65.0835643333333,289.68334,282.88333,315.477783333333,151.62629,0,7.2906,80.6337,23.42,87.65,2.3,23.37,91.37,1.96
2021,3,Kandy,LK21,1.0,6.12323399573676e-17,1,0,0,0,146.43333,108.649994666666,519.955576666666,108.486457666666,63.3,289.68334,95.8277796666666,65.0835643333333,1,7.2906,80.6337,24.54,83.54,1.82,23.42,87.65,2.3
2021,4,Kandy,LK21,0.866025403784438,-0.499999999999999,1,0,0,0,149.133334,146.044441666666,350.522223333333,69.1622633333333,146.43333,63.3,108.649994666666,108.486457666666,1,7.2906,80.6337,26.14,83.28,1.38,24.54,83.54,1.82
2021,5,Kandy,LK21,0.499999999999999,-0.866025403784438,0,1,0,0,307.733336,261.800003333333,516.494456666666,168.129536666666,149.133334,146.43333,146.044441666666,69.1622633333333,1,7.2906,80.6337,25.93,87.41,2.71,26.14,83.28,1.38
2021,6,Kandy,LK21,1.22464679914735e-16,-1.0,0,1,0,0,210.099995,274.627776666666,682.472286666666,116.018373333333,307.733336,149.133334,261.800003333333,168.129536666666,0,7.2906,80.6337,25.3,88.23,3.5,25.93,87.41,2.71
2021,7,Kandy,LK21,-0.499999999999999,-0.866025403784438,0,1,0,0,234.300001,237.383333333333,773.811096666666,163.490326666666,210.099995,307.733336,274.627776666666,116.018373333333,0,7.2906,80.6337,25.14,87.87,4.02,25.3,88.23,3.5
2021,8,Kandy,LK21,-0.866025403784438,-0.5,0,1,0,0,200.383334,170.094443333333,682.105513333333,149.777276666666,234.300001,210.099995,237.383333333333,163.490326666666,0,7.2906,80.6337,24.94,86.49,3.86,25.14,87.87,4.02
2021,9,Kandy,LK21,-1.0,-1.83697019872102e-16,0,1,0,0,251.1,230.76111,638.2389,125.02168,200.383334,234.300001,170.094443333333,149.777276666666,0,7.2906,80.6337,25.43,85.62,3.62,24.94,86.49,3.86
2021,10,Kandy,LK21,-0.866025403784438,0.5,0,0,1,0,425.816677,355.261103333333,756.116666666666,130.379587999999,251.1,200.383334,230.76111,125.02168,0,7.2906,80.6337,25.01,87.43,2.65,25.43,85.62,3.62
2021,11,Kandy,LK21,-0.5,0.866025403784438,0,0,1,0,473.850004,487.02776,1073.05,135.252235,425.816677,251.1,355.261103333333,130.379587999999,0,7.2906,80.6337,24.21,91.18,2.24,25.01,87.43,2.65
2021,12,Kandy,LK21,-2.4492935982947e-16,1.0,0,0,0,1,135.45,255.466676666666,1097.75563333333,53.558214,473.850004,425.816677,487.02776,135.252235,1,7.2906,80.6337,23.6,89.82,2.05,24.21,91.18,2.24
2022,1,Kandy,LK21,0.499999999999999,0.866025403784438,0,0,0,1,63.183333,74.4944456666666,816.98885,39.794331,135.45,473.850004,255.466676666666,53.558214,1,7.2906,80.6337,23.51,87.69,2.12,23.6,89.82,2.05
2022,2,Kandy,LK21,0.866025403784438,0.5,0,0,0,1,151.333331,126.266666666666,456.227783333333,137.830484666666,63.183333,135.45,74.4944456666666,39.794331,1,7.2906,80.6337,23.3,87.22,2.11,23.51,87.69,2.12
2022,3,Kandy,LK21,1.0,6.12323399573676e-17,1,0,0,0,112.650002,126.499998666666,327.26111,91.1219166666666,151.333331,63.183333,126.266666666666,137.830484666666,0,7.2906,80.6337,25.12,85.48,1.67,23.3,87.22,2.11
2022,4,Kandy,LK21,0.866025403784438,-0.499999999999999,1,0,0,0,255.749995,215.044443333333,467.811116666666,119.828373333333,112.650002,151.333331,126.499998666666,91.1219166666666,0,7.2906,80.6337,25.89,85.83,1.29,25.12,85.48,1.67
2022,5,Kandy,LK21,0.499999999999999,-0.866025403784438,0,1,0,0,165.699999,162.84445,504.388893333333,95.241758,255.749995,112.650002,215.044443333333,119.828373333333,0,7.2906,80.6337,25.81,88.01,4.01,25.89,85.83,1.29
2022,6,Kandy,LK21,1.22464679914735e-16,-1.0,0,1,0,0,168.083332999999,184.17222,562.061166666666,96.2612736666666,165.699999,255.749995,162.84445,95.241758,1,7.2906,80.6337,25.26,87.21,3.62,25.81,88.01,4.01
2022,7,Kandy,LK21,-0.499999999999999,-0.866025403784438,0,1,0,0,227.249992,159.511108,506.527786666666,156.14854,168.083332999999,165.699999,184.17222,96.2612736666666,0,7.2906,80.6337,25.26,83.98,3.59,25.26,87.21,3.62
2022,8,Kandy,LK21,-0.866025403784438,-0.5,0,1,0,0,332.200008,318.22778,661.9111,242.943541999999,227.249992,168.083332999999,159.511108,156.14854,0,7.2906,80.6337,24.94,85.12,4.06,25.26,83.98,3.59
2022,9,Kandy,LK21,-1.0,-1.83697019872102e-16,0,1,0,0,159.533329999999,265.494453333333,743.233366666666,83.1524283333333,332.200008,227.249992,318.22778,242.943541999999,0,7.2906,80.6337,25.13,84.18,3.65,24.94,85.12,4.06
2022,10,Kandy,LK21,-0.866025403784438,0.5,0,0,1,0,379.949989999999,256.744433333333,840.466696666666,110.083782,159.533329999999,332.200008,265.494453333333,83.1524283333333,0,7.2906,80.6337,24.81,85.35,2.69,25.13,84.18,3.65
2022,11,Kandy,LK21,-0.5,0.866025403784438,0,0,1,0,255.416663,366.188886666666,888.427766666666,76.93378,379.949989999999,159.533329999999,256.744433333333,110.083782,0,7.2906,80.6337,23.69,89.17,1.59,24.81,85.35,2.69
2022,12,Kandy,LK21,-2.4492935982947e-16,1.0,0,0,0,1,347.883326,259.994443333333,882.92775,131.19956,255.416663,379.949989999999,366.188886666666,76.93378,0,7.2906,80.6337,23.36,90.32,2.27,23.69,89.17,1.59
2023,1,Kandy,LK21,0.499999999999999,0.866025403784438,0,0,0,1,113.833332,198.57222,824.755533333333,67.4668083333333,347.883326,255.416663,259.994443333333,131.19956,1,7.2906,80.6337,22.17,89.95,2.49,23.36,90.32,2.27
2023,2,Kandy,LK21,0.866025403784438,0.5,0,0,0,1,107.666668,125.633339999999,584.200003333333,98.4753853333333,113.833332,347.883326,198.57222,67.4668083333333,0,7.2906,80.6337,22.83,88.75,2.49,22.17,89.95,2.49
2023,3,Kandy,LK21,1.0,6.12323399573676e-17,1,0,0,0,175.366668,147.355556666666,471.561123333333,132.579063333333,107.666668,113.833332,125.633339999999,98.4753853333333,0,7.2906,80.6337,25.06,84.72,1.69,22.83,88.75,2.49
2023,4,Kandy,LK21,0.866025403784438,-0.499999999999999,1,0,0,0,205.25,177.644443333333,450.633329999999,95.9577933333333,175.366668,107.666668,147.355556666666,132.579063333333,0,7.2906,80.6337,26.35,81.63,1.2,25.06,84.72,1.69
2023,5,Kandy,LK21,0.499999999999999,-0.866025403784438,0,1,0,0,292.783326,313.938883333333,638.93887,152.888793333333,205.25,175.366668,177.644443333333,95.9577933333333,0,7.2906,80.6337,25.96,87.03,2.55,26.35,81.63,1.2
2023,6,Kandy,LK21,1.22464679914735e-16,-1.0,0,1,0,0,374.583322999999,283.833316666666,775.416646666666,207.0675,292.783326,205.25,313.938883333333,152.888793333333,0,7.2906,80.6337,26.14,84.6,4.0,25.96,87.03,2.55
2023,7,Kandy,LK21,-0.499999999999999,-0.866025403784438,0,1,0,0,148.616667,276.71667,874.48888,107.708905666666,374.583322999999,292.783326,283.833316666666,207.0675,0,7.2906,80.6337,26.08,80.99,4.34,26.14,84.6,4.0
2023,8,Kandy,LK21,-0.866025403784438,-0.5,0,1,0,0,174.333333,124.211115333333,684.761133333333,128.718956666666,148.616667,374.583322999999,276.71667,107.708905666666,0,7.2906,80.6337,27.09,75.26,3.87,26.08,80.99,4.34
2023,9,Kandy,LK21,-1.0,-1.83697019872102e-16,0,1,0,0,216.98333,209.438893333333,610.366646666666,108.26497,174.333333,148.616667,124.211115333333,128.718956666666,0,7.2906,80.6337,25.89,81.56,3.85,27.09,75.26,3.87
2023,10,Kandy,LK21,-0.866025403784438,0.5,0,0,1,0,509.5,436.45,770.099966666666,158.965106666666,216.98333,174.333333,209.438893333333,108.26497,0,7.2906,80.6337,25.1,87.82,1.74,25.89,81.56,3.85
2023,11,Kandy,LK21,-0.5,0.866025403784438,0,0,1,0,490.83333,514.377763333333,1160.26673333333,142.70941,509.5,216.98333,436.45,158.965106666666,0,7.2906,80.6337,24.96,89.89,1.26,25.1,87.82,1.74
2023,12,Kandy,LK21,-2.4492935982947e-16,1.0,0,0,0,1,368.550004,409.211113333333,1360.03896666666,137.039694666666,490.83333,509.5,514.377763333333,142.70941,0,7.2906,80.6337,24.65,92.53,2.4,24.96,89.89,1.26
2024,1,Kandy,LK21,0.499999999999999,0.866025403784438,0,0,0,1,307.649992,363.183323333333,1286.7722,158.011851333333,368.550004,490.83333,409.211113333333,137.039694666666,0,7.2906,80.6337,23.55,90.94,2.25,24.65,92.53,2.4
2024,2,Kandy,LK21,0.866025403784438,0.5,0,0,0,1,23.1166673,51.4222243333333,823.8166,32.4169209999999,307.649992,368.550004,363.183323333333,158.011851333333,0,7.2906,80.6337,24.43,88.39,2.68,23.55,90.94,2.25
2024,3,Kandy,LK21,1.0,6.12323399573676e-17,1,0,0,0,36.6166654,26.788889,441.39442,33.698066,23.1166673,307.649992,51.4222243333333,32.4169209999999,0,7.2906,80.6337,25.31,80.47,1.81,24.43,88.39,2.68
2024,4,Kandy,LK21,0.866025403784438,-0.499999999999999,1,0,0,0,138.166668,104.783334666666,182.994443333333,65.7295806666666,36.6166654,23.1166673,26.788889,33.698066,0,7.2906,80.6337,28.58,73.76,1.19,25.31,80.47,1.81
2024,5,Kandy,LK21,0.499999999999999,-0.866025403784438,0,1,0,0,222.266665,196.844443333333,328.416666666666,126.40846,138.166668,36.6166654,104.783334666666,65.7295806666666,0,7.2906,80.6337,27.58,81.26,2.89,28.58,73.76,1.19
2024,6,Kandy,LK21,1.22464679914735e-16,-1.0,0,1,0,0,93.766666,145.294443333333,446.922226666666,56.7141736666666,222.266665,138.166668,196.844443333333,126.40846,0,7.2906,80.6337,26.52,82.81,3.98,27.58,81.26,2.89
2024,7,Kandy,LK21,-0.499999999999999,-0.866025403784438,0,1,0,0,72.283334,83.26111,425.399993333333,56.7379956666666,93.766666,222.266665,145.294443333333,56.7141736666666,0,7.2906,80.6337,26.39,80.47,4.27,26.52,82.81,3.98
2024,8,Kandy,LK21,-0.866025403784438,-0.5,0,1,0,0,147.583332999999,114.705556666666,343.261119999999,110.321652666666,72.283334,93.766666,83.26111,56.7379956666666,0,7.2906,80.6337,26.08,82.05,3.39,26.39,80.47,4.27
2024,9,Kandy,LK21,-1.0,-1.83697019872102e-16,0,1,0,0,92.233334,109.050003333333,307.016666666666,50.0842396666666,147.583332999999,72.283334,114.705556666666,110.321652666666,0,7.2906,80.6337,26.62,80.41,4.07,26.08,82.05,3.39
2024,10,Kandy,LK21,-0.866025403784438,0.5,0,0,1,0,398.449994,290.050003333333,513.805553333333,123.560886666666,92.233334,147.583332999999,109.050003333333,50.0842396666666,0,7.2906,80.6337,25.89,83.48,2.32,26.62,80.41,4.07
2024,11,Kandy,LK21,-0.5,0.866025403784438,0,0,1,0,455.84999,406.68888,805.78892,129.190313333333,398.449994,92.233334,290.050003333333,123.560886666666,0,7.2906,80.6337,24.94,89.22,2.06,25.89,83.48,2.32
2024,12,Kandy,LK21,-2.4492935982947e-16,1.0,0,0,0,1,212.783326999999,318.072216666666,1014.81114666666,79.9776536666666,455.84999,398.449994,406.68888,129.190313333333,0,7.2906,80.6337,24.38,89.64,1.8,24.94,89.22,2.06
2017,1,Matale,LK22,0.499999999999999,0.866025403784438,0,0,0,1,224.2985027,115.373136666666,495.686586666666,132.884167666666,312.142858428571,348.076757857142,324.476194285714,96.023536047619,0,7.4675,80.6234,23.61,77.95,2.45,23.752857142857142,90.36428571428571,2.174285714285714
2017,2,Matale,LK22,0.866025403784438,0.5,0,0,0,1,85.9403006,180.039803333333,432.074626666666,101.081198,224.2985027,312.142858428571,115.373136666666,132.884167666666,0,7.4675,80.6234,24.76,71.52,2.3,23.61,77.95,2.45
2017,3,Matale,LK22,1.0,6.12323399573676e-17,1,0,0,0,250.985076,254.149256666666,549.56223,221.176436666666,85.9403006,224.2985027,180.039803333333,101.081198,0,7.4675,80.6234,25.54,80.06,1.29,24.76,71.52,2.3
2017,4,Matale,LK22,0.866025403784438,-0.499999999999999,1,0,0,0,58.3134339,91.1044783333333,525.29355,38.9569086666666,250.985076,85.9403006,254.149256666666,221.176436666666,0,7.4675,80.6234,27.37,76.11,1.67,25.54,80.06,1.29
2017,5,Matale,LK22,0.499999999999999,-0.866025403784438,0,1,0,0,261.776122,163.38309,508.63683,170.276494666666,58.3134339,250.985076,91.1044783333333,38.9569086666666,0,7.4675,80.6234,27.28,77.47,2.77,27.37,76.11,1.67
2017,6,Matale,LK22,1.22464679914735e-16,-1.0,0,1,0,0,105.805968,179.82089,434.308466666666,151.662976666666,261.776122,58.3134339,163.38309,170.276494666666,0,7.4675,80.6234,26.14,80.6,4.29,27.28,77.47,2.77
2017,7,Matale,LK22,-0.499999999999999,-0.866025403784438,0,1,0,0,75.014925,81.5273633333333,424.731346666666,101.795653333333,105.805968,261.776122,179.82089,151.662976666666,0,7.4675,80.6234,26.33,78.33,4.05,26.14,80.6,4.29
2017,8,Matale,LK22,-0.866025403784438,-0.5,0,1,0,0,147.49254,135.19403,396.54229,184.444748,75.014925,105.805968,81.5273633333333,101.795653333333,0,7.4675,80.6234,26.0,79.95,4.08,26.33,78.33,4.05
2017,9,Matale,LK22,-1.0,-1.83697019872102e-16,0,1,0,0,171.791041,184.71144,401.43284,126.105387666666,147.49254,75.014925,135.19403,184.444748,0,7.4675,80.6234,25.83,80.85,3.39,26.0,79.95,4.08
2017,10,Matale,LK22,-0.866025403784438,0.5,0,0,1,0,249.850744,165.472636666666,485.378113333333,81.5868266666666,171.791041,147.49254,184.71144,126.105387666666,0,7.4675,80.6234,25.75,83.06,2.82,25.83,80.85,3.39
2017,11,Matale,LK22,-0.5,0.866025403784438,0,0,1,0,379.402983,359.11443,709.29848,106.378850333333,249.850744,171.791041,165.472636666666,81.5868266666666,0,7.4675,80.6234,24.4,88.53,2.12,25.75,83.06,2.82
2017,12,Matale,LK22,-2.4492935982947e-16,1.0,0,0,0,1,169.268654,251.16418,775.751246666666,53.3678043333333,379.402983,249.850744,359.11443,106.378850333333,0,7.4675,80.6234,23.58,88.01,1.97,24.4,88.53,2.12
2018,1,Matale,LK22,0.499999999999999,0.866025403784438,0,0,0,1,56.820898,78.6567133333333,688.93538,38.6976606666666,169.268654,379.402983,251.16418,53.3678043333333,1,7.4675,80.6234,22.72,85.06,1.99,23.58,88.01,1.97
2018,2,Matale,LK22,0.866025403784438,0.5,0,0,0,1,90.014923,75.2089553333333,405.029846666666,101.503753333333,56.820898,169.268654,78.6567133333333,38.6976606666666,0,7.4675,80.6234,24.27,80.74,2.42,22.72,85.06,1.99
2018,3,Matale,LK22,1.0,6.12323399573676e-17,1,0,0,0,120.895520999999,125.741293333333,279.606966666666,110.54329,90.014923,56.820898,75.2089553333333,101.503753333333,1,7.4675,80.6234,25.87,77.65,1.79,24.27,80.74,2.42
2018,4,Matale,LK22,0.866025403784438,-0.499999999999999,1,0,0,0,158.164181999999,153.208956666666,354.159203333333,93.0945916666666,120.895520999999,90.014923,125.741293333333,110.54329,0,7.4675,80.6234,27.13,76.63,1.13,25.87,77.65,1.79
2018,5,Matale,LK22,0.499999999999999,-0.866025403784438,0,1,0,0,393.582079999999,309.14428,588.094556666666,235.81384,158.164181999999,120.895520999999,153.208956666666,93.0945916666666,0,7.4675,80.6234,25.87,86.89,2.13,27.13,76.63,1.13
2018,6,Matale,LK22,1.22464679914735e-16,-1.0,0,1,0,0,74.149254,185.298498,647.651769999999,108.24936,393.582079999999,158.164181999999,309.14428,235.81384,0,7.4675,80.6234,25.29,87.56,4.38,25.87,86.89,2.13
2018,7,Matale,LK22,-0.499999999999999,-0.866025403784438,0,1,0,0,52.880598,57.2786053333333,551.721396666666,77.0334353333333,74.149254,393.582079999999,185.298498,108.24936,0,7.4675,80.6234,25.21,83.36,4.45,25.29,87.56,4.38
2018,8,Matale,LK22,-0.866025403784438,-0.5,0,1,0,0,117.343283,74.592039,317.16915,128.325120666666,52.880598,74.149254,57.2786053333333,77.0334353333333,0,7.4675,80.6234,25.17,81.69,4.61,25.21,83.36,4.45
2018,9,Matale,LK22,-1.0,-1.83697019872102e-16,0,1,0,0,130.447765,120.049748333333,251.920396666666,85.6239996666666,117.343283,52.880598,74.592039,128.325120666666,0,7.4675,80.6234,26.07,76.61,2.95,25.17,81.69,4.61
2018,10,Matale,LK22,-0.866025403784438,0.5,0,0,1,0,370.626865,339.383086666666,534.024873333333,141.641223333333,130.447765,117.343283,120.049748333333,85.6239996666666,0,7.4675,80.6234,24.98,85.48,1.49,26.07,76.61,2.95
2018,11,Matale,LK22,-0.5,0.866025403784438,0,0,1,0,273.537302,311.995016666666,771.42788,80.1002733333333,370.626865,130.447765,339.383086666666,141.641223333333,0,7.4675,80.6234,24.23,88.95,1.73,24.98,85.48,1.49
2018,12,Matale,LK22,-2.4492935982947e-16,1.0,0,0,0,1,177.761195,176.273636666666,827.651733333333,56.8519,273.537302,370.626865,311.995016666666,80.1002733333333,1,7.4675,80.6234,23.33,89.74,1.93,24.23,88.95,1.73
2019,1,Matale,LK22,0.499999999999999,0.866025403784438,0,0,0,1,32.955224,83.582091,571.850726666666,24.994731,177.761195,273.537302,176.273636666666,56.8519,0,7.4675,80.6234,22.72,86.74,2.42,23.33,89.74,1.93
2019,2,Matale,LK22,0.866025403784438,0.5,0,0,0,1,133.447762,133.024883333333,392.880593333333,112.085053333333,32.955224,177.761195,83.582091,24.994731,0,7.4675,80.6234,24.79,83.58,2.19,22.72,86.74,2.42
2019,3,Matale,LK22,1.0,6.12323399573676e-17,1,0,0,0,13.7761192,19.9751243333333,236.582096666666,22.7948013333333,133.447762,32.955224,133.024883333333,112.085053333333,0,7.4675,80.6234,26.87,68.16,1.75,24.79,83.58,2.19
2019,4,Matale,LK22,0.866025403784438,-0.499999999999999,1,0,0,0,166.164175,96.4825873333333,249.4826,93.695224,13.7761192,133.447762,19.9751243333333,22.7948013333333,0,7.4675,80.6234,28.96,64.44,1.14,26.87,68.16,1.75
2019,5,Matale,LK22,0.499999999999999,-0.866025403784438,0,1,0,0,81.104476,117.442788333333,233.900506666666,60.1678643333333,166.164175,13.7761192,96.4825873333333,93.695224,0,7.4675,80.6234,28.34,72.45,3.24,28.96,64.44,1.14
2019,6,Matale,LK22,1.22464679914735e-16,-1.0,0,1,0,0,103.014927,119.54726,333.47265,141.100404666666,81.104476,166.164175,117.442788333333,60.1678643333333,0,7.4675,80.6234,27.49,75.27,4.52,28.34,72.45,3.24
2019,7,Matale,LK22,-0.499999999999999,-0.866025403784438,0,1,0,0,59.880597,61.7462686666666,298.736326666666,83.7685866666666,103.014927,81.104476,119.54726,141.100404666666,0,7.4675,80.6234,26.77,75.43,4.12,27.49,75.27,4.52
2019,8,Matale,LK22,-0.866025403784438,-0.5,0,1,0,0,180.880598,148.57214,329.865666666666,218.924361333333,59.880597,103.014927,61.7462686666666,83.7685866666666,0,7.4675,80.6234,25.89,78.67,4.5,26.77,75.43,4.12
2019,9,Matale,LK22,-1.0,-1.83697019872102e-16,0,1,0,0,213.656715,171.626863333333,381.945259999999,144.090873333333,180.880598,59.880597,148.57214,218.924361333333,0,7.4675,80.6234,25.59,81.83,3.06,25.89,78.67,4.5
2019,10,Matale,LK22,-0.866025403784438,0.5,0,0,1,0,391.20895,336.90049,657.0995,132.24494,213.656715,180.880598,171.626863333333,144.090873333333,0,7.4675,80.6234,24.74,88.14,1.28,25.59,81.83,3.06
2019,11,Matale,LK22,-0.5,0.866025403784438,0,0,1,0,354.65672,318.338316666666,826.86566,97.5871846666666,391.20895,213.656715,336.90049,132.24494,0,7.4675,80.6234,24.75,88.87,1.69,24.74,88.14,1.28
2019,12,Matale,LK22,-2.4492935982947e-16,1.0,0,0,0,1,432.746265,524.12438,1179.3632,131.022095333333,354.65672,391.20895,318.338316666666,97.5871846666666,1,7.4675,80.6234,23.89,91.9,2.31,24.75,88.87,1.69
2020,1,Matale,LK22,0.499999999999999,0.866025403784438,0,0,0,1,33.7611937,112.363177333333,954.82589,25.6524646666666,432.746265,354.65672,524.12438,131.022095333333,1,7.4675,80.6234,23.26,88.25,2.35,23.89,91.9,2.31
2020,2,Matale,LK22,0.866025403784438,0.5,0,0,0,1,17.2089557,27.9751243333333,664.462656666666,28.048781,33.7611937,432.746265,112.363177333333,25.6524646666666,0,7.4675,80.6234,23.7,85.19,2.61,23.26,88.25,2.35
2020,3,Matale,LK22,1.0,6.12323399573676e-17,1,0,0,0,36.6716431,29.746269,170.084566666666,42.2155283333333,17.2089557,33.7611937,27.9751243333333,28.048781,0,7.4675,80.6234,26.57,71.19,1.67,23.7,85.19,2.61
2020,4,Matale,LK22,0.866025403784438,-0.499999999999999,1,0,0,0,112.925373,76.4079593333333,134.129353333333,67.01801,36.6716431,17.2089557,29.746269,42.2155283333333,0,7.4675,80.6234,28.18,71.34,1.35,26.57,71.19,1.67
2020,5,Matale,LK22,0.499999999999999,-0.866025403784438,0,1,0,0,340.44776,302.482583333333,408.63682,196.393826666666,112.925373,36.6716431,76.4079593333333,67.01801,0,7.4675,80.6234,26.82,83.42,2.6,28.18,71.34,1.35
2020,6,Matale,LK22,1.22464679914735e-16,-1.0,0,1,0,0,112.298509,149.014924999999,527.905466666666,162.161426333333,340.44776,112.925373,302.482583333333,196.393826666666,0,7.4675,80.6234,25.92,83.19,3.89,26.82,83.42,2.6
2020,7,Matale,LK22,-0.499999999999999,-0.866025403784438,0,1,0,0,165.373136,147.65672,599.154223333333,202.784733333333,112.298509,340.44776,149.014924999999,162.161426333333,0,7.4675,80.6234,25.22,84.58,3.12,25.92,83.19,3.89
2020,8,Matale,LK22,-0.866025403784438,-0.5,0,1,0,0,70.7761199999999,107.497513333333,404.169153333333,92.275288,165.373136,112.298509,147.65672,202.784733333333,0,7.4675,80.6234,25.66,82.44,3.82,25.22,84.58,3.12
2020,9,Matale,LK22,-1.0,-1.83697019872102e-16,0,1,0,0,265.253734,220.512433333333,475.666663333333,177.83519,70.7761199999999,165.373136,107.497513333333,92.275288,0,7.4675,80.6234,25.09,84.37,3.83,25.66,82.44,3.82
2020,10,Matale,LK22,-0.866025403784438,0.5,0,0,1,0,127.507460999999,140.06965,468.079586666666,43.2259259999999,265.253734,70.7761199999999,220.512433333333,177.83519,0,7.4675,80.6234,25.64,81.91,3.48,25.09,84.37,3.83
2020,11,Matale,LK22,-0.5,0.866025403784438,0,0,1,0,270.9403,265.92537,626.507476666666,79.9007283333333,127.507460999999,265.253734,140.06965,43.2259259999999,0,7.4675,80.6234,24.91,88.04,1.7,25.64,81.91,3.48
2020,12,Matale,LK22,-2.4492935982947e-16,1.0,0,0,0,1,383.835824,338.35822,744.35323,118.142736666666,270.9403,127.507460999999,265.92537,79.9007283333333,0,7.4675,80.6234,23.86,90.23,2.29,24.91,88.04,1.7
2021,1,Matale,LK22,0.499999999999999,0.866025403784438,0,0,0,1,350.179093,399.93034,1004.21392,175.712136666666,383.835824,270.9403,338.35822,118.142736666666,0,7.4675,80.6234,23.37,91.37,1.96,23.86,90.23,2.29
2021,2,Matale,LK22,0.866025403784438,0.5,0,0,0,1,35.8656717,88.5422853333333,826.830826666666,44.1593823333333,350.179093,383.835824,399.93034,175.712136666666,0,7.4675,80.6234,23.42,87.65,2.3,23.37,91.37,1.96
2021,3,Matale,LK22,1.0,6.12323399573676e-17,1,0,0,0,98.835822,77.9800983333333,566.452726666666,89.582879,35.8656717,350.179093,88.5422853333333,44.1593823333333,0,7.4675,80.6234,24.54,83.54,1.82,23.42,87.65,2.3
2021,4,Matale,LK22,0.866025403784438,-0.499999999999999,1,0,0,0,121.567166,108.27861,274.800996666666,70.2458646666666,98.835822,35.8656717,77.9800983333333,89.582879,0,7.4675,80.6234,26.14,83.28,1.38,24.54,83.54,1.82
2021,5,Matale,LK22,0.499999999999999,-0.866025403784438,0,1,0,0,259.64179,222.328359999999,408.587086666666,158.658576666666,121.567166,98.835822,108.27861,70.2458646666666,0,7.4675,80.6234,25.93,87.41,2.71,26.14,83.28,1.38
2021,6,Matale,LK22,1.22464679914735e-16,-1.0,0,1,0,0,88.492538,153.0398,483.646786666666,122.66855,259.64179,121.567166,222.328359999999,158.658576666666,0,7.4675,80.6234,25.3,88.23,3.5,25.93,87.41,2.71
2021,7,Matale,LK22,-0.499999999999999,-0.866025403784438,0,1,0,0,122.04478,122.049753333333,497.417913333333,159.178927666666,88.492538,259.64179,153.0398,122.66855,0,7.4675,80.6234,25.14,87.87,4.02,25.3,88.23,3.5
2021,8,Matale,LK22,-0.866025403784438,-0.5,0,1,0,0,101.597015,81.442785,356.532356666666,124.303346666666,122.04478,88.492538,122.049753333333,159.178927666666,0,7.4675,80.6234,24.94,86.49,3.86,25.14,87.87,4.02
2021,9,Matale,LK22,-1.0,-1.83697019872102e-16,0,1,0,0,185.358201,152.597016666666,356.08953,123.978796666666,101.597015,122.04478,81.442785,124.303346666666,0,7.4675,80.6234,25.43,85.62,3.62,24.94,86.49,3.86
2021,10,Matale,LK22,-0.866025403784438,0.5,0,0,1,0,351.283575,275.462673333333,509.502469999999,119.396333333333,185.358201,101.597015,152.597016666666,123.978796666666,0,7.4675,80.6234,25.01,87.43,2.65,25.43,85.62,3.62
2021,11,Matale,LK22,-0.5,0.866025403784438,0,0,1,0,460.074635,461.666673333333,889.726343333333,129.828323333333,351.283575,185.358201,275.462673333333,119.396333333333,0,7.4675,80.6234,24.21,91.18,2.24,25.01,87.43,2.65
2021,12,Matale,LK22,-2.4492935982947e-16,1.0,0,0,0,1,134.134326999999,245.497506666666,982.626836666666,43.637426,460.074635,351.283575,461.666673333333,129.828323333333,0,7.4675,80.6234,23.6,89.82,2.05,24.21,91.18,2.24
2022,1,Matale,LK22,0.499999999999999,0.866025403784438,0,0,0,1,53.5970159999999,72.9004963333333,780.064686666666,33.958844,134.134326999999,460.074635,245.497506666666,43.637426,0,7.4675,80.6234,23.51,87.69,2.12,23.6,89.82,2.05
2022,2,Matale,LK22,0.866025403784438,0.5,0,0,0,1,176.656718999999,140.855719,459.253713333333,169.749317,53.5970159999999,134.134326999999,72.9004963333333,33.958844,1,7.4675,80.6234,23.3,87.22,2.11,23.51,87.69,2.12
2022,3,Matale,LK22,1.0,6.12323399573676e-17,1,0,0,0,109.895524,134.601991666666,348.358216666666,102.976825,176.656718999999,53.5970159999999,140.855719,169.749317,0,7.4675,80.6234,25.12,85.48,1.67,23.3,87.22,2.11
2022,4,Matale,LK22,0.866025403784438,-0.499999999999999,1,0,0,0,198.07462,169.84577,445.3035,115.885946666666,109.895524,176.656718999999,134.601991666666,102.976825,0,7.4675,80.6234,25.89,85.83,1.29,25.12,85.48,1.67
2022,5,Matale,LK22,0.499999999999999,-0.866025403784438,0,1,0,0,104.880595,115.666668666666,420.11442,72.9240826666666,198.07462,109.895524,169.84577,115.885946666666,0,7.4675,80.6234,25.81,88.01,4.01,25.89,85.83,1.29
2022,6,Matale,LK22,1.22464679914735e-16,-1.0,0,1,0,0,75.68657,95.2686566666666,380.781093333333,115.029003333333,104.880595,198.07462,115.666668666666,72.9240826666666,0,7.4675,80.6234,25.26,87.21,3.62,25.81,88.01,4.01
2022,7,Matale,LK22,-0.499999999999999,-0.866025403784438,0,1,0,0,138.970146,80.0149266666666,290.950266666666,170.70255,75.68657,104.880595,95.2686566666666,115.029003333333,0,7.4675,80.6234,25.26,83.98,3.59,25.26,87.21,3.62
2022,8,Matale,LK22,-0.866025403784438,-0.5,0,1,0,0,206.671644,190.900496666666,366.18409,232.173003333333,138.970146,75.68657,80.0149266666666,170.70255,0,7.4675,80.6234,24.94,85.12,4.06,25.26,83.98,3.59
2022,9,Matale,LK22,-1.0,-1.83697019872102e-16,0,1,0,0,114.7014893,192.731341666666,463.646803333333,83.245522,206.671644,138.970146,190.900496666666,232.173003333333,0,7.4675,80.6234,25.13,84.18,3.65,24.94,85.12,4.06
2022,10,Matale,LK22,-0.866025403784438,0.5,0,0,1,0,259.13433,179.39304,563.02486,87.416972,114.7014893,206.671644,192.731341666666,83.245522,0,7.4675,80.6234,24.81,85.35,2.69,25.13,84.18,3.65
2022,11,Matale,LK22,-0.5,0.866025403784438,0,0,1,0,244.820895,319.273623333333,691.398033333333,73.7533529999999,259.13433,114.7014893,179.39304,87.416972,0,7.4675,80.6234,23.69,89.17,1.59,24.81,85.35,2.69
2022,12,Matale,LK22,-2.4492935982947e-16,1.0,0,0,0,1,455.880599999999,304.12439,802.791093333333,138.553473333333,244.820895,259.13433,319.273623333333,73.7533529999999,0,7.4675,80.6234,23.36,90.32,2.27,23.69,89.17,1.59
2023,1,Matale,LK22,0.499999999999999,0.866025403784438,0,0,0,1,150.238805,255.388063333333,878.786036666666,87.329302,455.880599999999,244.820895,304.12439,138.553473333333,0,7.4675,80.6234,22.17,89.95,2.49,23.36,90.32,2.27
2023,2,Matale,LK22,0.866025403784438,0.5,0,0,0,1,121.3134346,171.980093333333,731.49252,108.381055,150.238805,455.880599999999,255.388063333333,87.329302,0,7.4675,80.6234,22.83,88.75,2.49,22.17,89.95,2.49
2023,3,Matale,LK22,1.0,6.12323399573676e-17,1,0,0,0,124.552240999999,101.029852666666,528.398,112.96162,121.3134346,150.238805,171.980093333333,108.381055,0,7.4675,80.6234,25.06,84.72,1.69,22.83,88.75,2.49
2023,4,Matale,LK22,0.866025403784438,-0.499999999999999,1,0,0,0,150.253733,124.23383,397.24378,88.0345686666666,124.552240999999,121.3134346,101.029852666666,112.96162,0,7.4675,80.6234,26.35,81.63,1.2,25.06,84.72,1.69
2023,5,Matale,LK22,0.499999999999999,-0.866025403784438,0,1,0,0,375.492537999999,370.975113333333,596.2388,213.555994666666,150.253733,124.552240999999,124.23383,88.0345686666666,0,7.4675,80.6234,25.96,87.03,2.55,26.35,81.63,1.2
2023,6,Matale,LK22,1.22464679914735e-16,-1.0,0,1,0,0,133.388063,151.119406666666,646.328346666666,192.898998333333,375.492537999999,150.253733,370.975113333333,213.555994666666,0,7.4675,80.6234,26.14,84.6,4.0,25.96,87.03,2.55
2023,7,Matale,LK22,-0.499999999999999,-0.866025403784438,0,1,0,0,68.134327,113.029846666666,635.124383333333,96.4154603333333,133.388063,375.492537999999,151.119406666666,192.898998333333,0,7.4675,80.6234,26.08,80.99,4.34,26.14,84.6,4.0
2023,8,Matale,LK22,-0.866025403784438,-0.5,0,1,0,0,60.179106,42.4676629999999,306.616926666666,76.5260716666666,68.134327,133.388063,113.029846666666,96.4154603333333,0,7.4675,80.6234,27.09,75.26,3.87,26.08,80.99,4.34
2023,9,Matale,LK22,-1.0,-1.83697019872102e-16,0,1,0,0,162.074623,120.606966666666,276.104476666666,106.032031666666,60.179106,68.134327,42.4676629999999,76.5260716666666,0,7.4675,80.6234,25.89,81.56,3.85,27.09,75.26,3.87
2023,10,Matale,LK22,-0.866025403784438,0.5,0,0,1,0,413.343276,350.756203333333,513.830826666666,145.545905,162.074623,60.179106,120.606966666666,106.032031666666,0,7.4675,80.6234,25.1,87.82,1.74,25.89,81.56,3.85
2023,11,Matale,LK22,-0.5,0.866025403784438,0,0,1,0,453.10447,479.542286666666,950.905516666666,130.447176666666,413.343276,162.074623,350.756203333333,145.545905,0,7.4675,80.6234,24.96,89.89,1.26,25.1,87.82,1.74
2023,12,Matale,LK22,-2.4492935982947e-16,1.0,0,0,0,1,431.373144,431.791046666666,1262.0896,130.589316666666,453.10447,413.343276,479.542286666666,130.447176666666,0,7.4675,80.6234,24.65,92.53,2.4,24.96,89.89,1.26
2024,1,Matale,LK22,0.499999999999999,0.866025403784438,0,0,0,1,302.343272999999,388.606973333333,1299.9403,143.292032666666,431.373144,453.10447,431.791046666666,130.589316666666,0,7.4675,80.6234,23.55,90.94,2.25,24.65,92.53,2.4
2024,2,Matale,LK22,0.866025403784438,0.5,0,0,0,1,19.8656717,33.2835826666666,853.68153,31.5594133333333,302.343272999999,431.373144,388.606973333333,143.292032666666,0,7.4675,80.6234,24.43,88.39,2.68,23.55,90.94,2.25
2024,3,Matale,LK22,1.0,6.12323399573676e-17,1,0,0,0,23.6268654,19.358209,441.248723333333,29.559475,19.8656717,302.343272999999,33.2835826666666,31.5594133333333,0,7.4675,80.6234,25.31,80.47,1.81,24.43,88.39,2.68
2024,4,Matale,LK22,0.866025403784438,-0.499999999999999,1,0,0,0,89.507464,68.1194013333333,120.761196666666,54.9277789999999,23.6268654,19.8656717,19.358209,29.559475,0,7.4675,80.6234,28.58,73.76,1.19,25.31,80.47,1.81
2024,5,Matale,LK22,0.499999999999999,-0.866025403784438,0,1,0,0,254.776122,199.741296666666,287.21891,155.568211666666,89.507464,23.6268654,68.1194013333333,54.9277789999999,0,7.4675,80.6234,27.58,81.26,2.89,28.58,73.76,1.19
2024,6,Matale,LK22,1.22464679914735e-16,-1.0,0,1,0,0,49.0,128.29353,396.154226666666,76.2058853333333,254.776122,89.507464,199.741296666666,155.568211666666,0,7.4675,80.6234,26.52,82.81,3.98,27.58,81.26,2.89
2024,7,Matale,LK22,-0.499999999999999,-0.866025403784438,0,1,0,0,29.940298,30.3980109999999,358.432836666666,50.9533769999999,49.0,254.776122,128.29353,76.2058853333333,0,7.4675,80.6234,26.39,80.47,4.27,26.52,82.81,3.98
2024,8,Matale,LK22,-0.866025403784438,-0.5,0,1,0,0,101.865669,78.5074633333333,237.199006666666,125.186861,29.940298,49.0,30.3980109999999,50.9533769999999,0,7.4675,80.6234,26.08,82.05,3.39,26.39,80.47,4.27
2024,9,Matale,LK22,-1.0,-1.83697019872102e-16,0,1,0,0,51.58209,60.4626866666666,169.368153333333,39.2613246666666,101.865669,29.940298,78.5074633333333,125.186861,0,7.4675,80.6234,26.62,80.41,4.07,26.08,82.05,3.39
2024,10,Matale,LK22,-0.866025403784438,0.5,0,0,1,0,328.86567,237.83084,376.80099,117.559732,51.58209,101.865669,60.4626866666666,39.2613246666666,0,7.4675,80.6234,25.89,83.48,2.32,26.62,80.41,4.07
2024,11,Matale,LK22,-0.5,0.866025403784438,0,0,1,0,460.28359,378.218916666666,676.51245,127.379318,328.86567,51.58209,237.83084,117.559732,0,7.4675,80.6234,24.94,89.22,2.06,25.89,83.48,2.32
2024,12,Matale,LK22,-2.4492935982947e-16,1.0,0,0,0,1,270.477613,351.402996666666,967.4528,82.3369489999999,460.28359,328.86567,378.218916666666,127.379318,0,7.4675,80.6234,24.38,89.64,1.8,24.94,89.22,2.06
2017,1,Nuwara Eliya,LK23,0.499999999999999,0.866025403784438,0,0,0,1,152.7758616,87.0919533333333,473.218366666666,114.850450333333,240.780789714285,341.903937714285,278.779969047619,100.000625619047,0,6.9497,80.7891,21.26,81.22,2.03,21.898571428571433,90.28857142857143,1.9085714285714286
2017,2,Nuwara Eliya,LK23,0.866025403784438,0.5,0,0,0,1,87.8448263,140.436776666666,360.488506666666,90.5470116666666,152.7758616,240.780789714285,87.0919533333333,114.850450333333,0,6.9497,80.7891,22.43,76.59,1.8,21.26,81.22,2.03
2017,3,Nuwara Eliya,LK23,1.0,6.12323399573676e-17,1,0,0,0,267.258621,249.965503333333,477.494253333333,192.273538333333,87.8448263,152.7758616,140.436776666666,90.5470116666666,0,6.9497,80.7891,23.23,83.48,1.11,22.43,76.59,1.8
2017,4,Nuwara Eliya,LK23,0.866025403784438,-0.499999999999999,1,0,0,0,97.844832,136.821843333333,527.224116666666,46.9366599999999,267.258621,87.8448263,249.965503333333,192.273538333333,0,6.9497,80.7891,24.37,82.4,1.42,23.23,83.48,1.11
2017,5,Nuwara Eliya,LK23,0.499999999999999,-0.866025403784438,0,1,0,0,339.24139,213.965526666666,600.752883333333,148.297163333333,97.844832,267.258621,136.821843333333,46.9366599999999,0,6.9497,80.7891,24.21,84.67,2.42,24.37,82.4,1.42
2017,6,Nuwara Eliya,LK23,1.22464679914735e-16,-1.0,0,1,0,0,232.637929,303.160929999999,653.948283333333,103.293926666666,339.24139,97.844832,213.965526666666,148.297163333333,0,6.9497,80.7891,23.12,88.33,3.66,24.21,84.67,2.42
2017,7,Nuwara Eliya,LK23,-0.499999999999999,-0.866025403784438,0,1,0,0,129.137928,151.540233333333,668.666653333333,76.2108486666666,232.637929,339.24139,303.160929999999,103.293926666666,0,6.9497,80.7891,23.18,86.7,3.49,23.12,88.33,3.66
2017,8,Nuwara Eliya,LK23,-0.866025403784438,-0.5,0,1,0,0,234.72414,227.09771,681.798846666666,144.972918,129.137928,232.637929,151.540233333333,76.2108486666666,0,6.9497,80.7891,23.03,87.09,3.59,23.18,86.7,3.49
2017,9,Nuwara Eliya,LK23,-1.0,-1.83697019872102e-16,0,1,0,0,233.517236,248.936783333333,627.5747,101.800045333333,234.72414,129.137928,227.09771,144.972918,0,6.9497,80.7891,23.03,86.93,3.09,23.03,87.09,3.59
2017,10,Nuwara Eliya,LK23,-0.866025403784438,0.5,0,0,1,0,298.258626,215.454013333333,691.48852,91.9391749999999,233.517236,234.72414,248.936783333333,101.800045333333,0,6.9497,80.7891,23.13,87.84,2.54,23.03,86.93,3.09
2017,11,Nuwara Eliya,LK23,-0.5,0.866025403784438,0,0,1,0,402.62068,382.270113333333,846.660916666666,123.2626,298.258626,233.517236,215.454013333333,91.9391749999999,0,6.9497,80.7891,22.36,89.23,1.91,23.13,87.84,2.54
2017,12,Nuwara Eliya,LK23,-2.4492935982947e-16,1.0,0,0,0,1,185.724133,271.597703333333,869.32184,78.411705,402.62068,298.258626,382.270113333333,123.2626,0,6.9497,80.7891,21.78,88.61,1.77,22.36,89.23,1.91
2018,1,Nuwara Eliya,LK23,0.499999999999999,0.866025403784438,0,0,0,1,51.3103439,86.5057483333333,740.373563333333,44.8499133333333,185.724133,402.62068,271.597703333333,78.411705,0,6.9497,80.7891,20.77,86.04,1.7,21.78,88.61,1.77
2018,2,Nuwara Eliya,LK23,0.866025403784438,0.5,0,0,0,1,80.551724,79.1494246666666,437.252873333333,80.3836899999999,51.3103439,185.724133,86.5057483333333,44.8499133333333,0,6.9497,80.7891,22.03,84.97,1.78,20.77,86.04,1.7
2018,3,Nuwara Eliya,LK23,1.0,6.12323399573676e-17,1,0,0,0,180.0,151.764368333333,317.419536666666,127.153716666666,80.551724,51.3103439,79.1494246666666,80.3836899999999,0,6.9497,80.7891,23.14,83.23,1.36,22.03,84.97,1.78
2018,4,Nuwara Eliya,LK23,0.866025403784438,-0.499999999999999,1,0,0,0,233.465514999999,215.304593333333,446.218383333333,103.156235,180.0,80.551724,151.764368333333,127.153716666666,0,6.9497,80.7891,24.06,83.44,1.01,23.14,83.23,1.36
2018,5,Nuwara Eliya,LK23,0.499999999999999,-0.866025403784438,0,1,0,0,426.51725,355.22988,722.29885,184.82003,233.465514999999,180.0,215.304593333333,103.156235,0,6.9497,80.7891,23.42,90.34,2.11,24.06,83.44,1.01
2018,6,Nuwara Eliya,LK23,1.22464679914735e-16,-1.0,0,1,0,0,223.189653,313.787373333333,884.32182,98.12741,426.51725,233.465514999999,355.22988,184.82003,0,6.9497,80.7891,22.78,91.58,3.93,23.42,90.34,2.11
2018,7,Nuwara Eliya,LK23,-0.499999999999999,-0.866025403784438,0,1,0,0,162.672418,166.994253333333,836.011486666666,94.2914883333333,223.189653,426.51725,313.787373333333,98.12741,0,6.9497,80.7891,22.38,89.62,3.91,22.78,91.58,3.93
2018,8,Nuwara Eliya,LK23,-0.866025403784438,-0.5,0,1,0,0,246.482753,202.126433333333,682.908033333333,138.209463333333,162.672418,223.189653,166.994253333333,94.2914883333333,0,6.9497,80.7891,22.18,89.09,3.95,22.38,89.62,3.91
2018,9,Nuwara Eliya,LK23,-1.0,-1.83697019872102e-16,0,1,0,0,195.241379,199.344826666666,568.465566666666,81.3832173333333,246.482753,162.672418,202.126433333333,138.209463333333,1,6.9497,80.7891,22.83,86.08,2.44,22.18,89.09,3.95
2018,10,Nuwara Eliya,LK23,-0.866025403784438,0.5,0,0,1,0,475.879305,410.333333333333,811.804596666666,154.103661666666,195.241379,246.482753,199.344826666666,81.3832173333333,0,6.9497,80.7891,22.56,89.18,1.37,22.83,86.08,2.44
2018,11,Nuwara Eliya,LK23,-0.5,0.866025403784438,0,0,1,0,290.913783999999,355.649416666666,965.3276,90.673582,475.879305,195.241379,410.333333333333,154.103661666666,0,6.9497,80.7891,22.28,89.52,1.5,22.56,89.18,1.37
2018,12,Nuwara Eliya,LK23,-2.4492935982947e-16,1.0,0,0,0,1,150.603452,192.471273333333,958.453979999999,65.4703443333333,290.913783999999,475.879305,355.649416666666,90.673582,0,6.9497,80.7891,21.47,88.79,1.75,22.28,89.52,1.5
2019,1,Nuwara Eliya,LK23,0.499999999999999,0.866025403784438,0,0,0,1,43.8965485999999,80.5459783333333,628.666633333333,39.0382776666666,150.603452,290.913783999999,192.471273333333,65.4703443333333,0,6.9497,80.7891,21.22,87.25,2.11,21.47,88.79,1.75
2019,2,Nuwara Eliya,LK23,0.866025403784438,0.5,0,0,0,1,172.568974,155.40805,428.4253,146.747916666666,43.8965485999999,150.603452,80.5459783333333,39.0382776666666,0,6.9497,80.7891,22.63,86.41,1.76,21.22,87.25,2.11
2019,3,Nuwara Eliya,LK23,1.0,6.12323399573676e-17,1,0,0,0,39.672412,59.0172409999999,294.97128,35.17058,172.568974,43.8965485999999,155.40805,146.747916666666,0,6.9497,80.7891,23.54,77.15,1.21,22.63,86.41,1.76
2019,4,Nuwara Eliya,LK23,0.866025403784438,-0.499999999999999,1,0,0,0,189.603454,117.178162,331.603463333333,83.8814893333333,39.672412,172.568974,59.0172409999999,35.17058,0,6.9497,80.7891,25.11,75.84,1.03,23.54,77.15,1.21
2019,5,Nuwara Eliya,LK23,0.499999999999999,-0.866025403784438,0,1,0,0,121.586204,162.298848333333,338.494253333333,57.0873866666666,189.603454,39.672412,117.178162,83.8814893333333,0,6.9497,80.7891,24.72,83.62,2.67,25.11,75.84,1.03
2019,6,Nuwara Eliya,LK23,1.22464679914735e-16,-1.0,0,1,0,0,281.189659,239.54598,519.022983333333,123.26108,121.586204,189.603454,162.298848333333,57.0873866666666,0,6.9497,80.7891,24.12,84.88,3.84,24.72,83.62,2.67
2019,7,Nuwara Eliya,LK23,-0.499999999999999,-0.866025403784438,0,1,0,0,223.655163,240.448276666666,642.2931,126.193301666666,281.189659,121.586204,239.54598,123.26108,0,6.9497,80.7891,23.51,84.5,3.39,24.12,84.88,3.84
2019,8,Nuwara Eliya,LK23,-0.866025403784438,-0.5,0,1,0,0,289.34483,278.540233333333,758.534479999999,180.805323333333,223.655163,281.189659,240.448276666666,126.193301666666,0,6.9497,80.7891,22.83,86.67,3.9,23.51,84.5,3.39
2019,9,Nuwara Eliya,LK23,-1.0,-1.83697019872102e-16,0,1,0,0,368.913804,290.643693333333,809.632166666666,150.932255333333,289.34483,223.655163,278.540233333333,180.805323333333,0,6.9497,80.7891,22.8,87.93,2.69,22.83,86.67,3.9
2019,10,Nuwara Eliya,LK23,-0.866025403784438,0.5,0,0,1,0,442.75862,436.62068,1005.80463333333,138.368716666666,368.913804,289.34483,290.643693333333,150.932255333333,0,6.9497,80.7891,22.61,89.75,1.27,22.8,87.93,2.69
2019,11,Nuwara Eliya,LK23,-0.5,0.866025403784438,0,0,1,0,302.310345,338.045966666666,1065.31036666666,93.6011133333333,442.75862,368.913804,436.62068,138.368716666666,0,6.9497,80.7891,22.8,89.6,1.36,22.61,89.75,1.27
2019,12,Nuwara Eliya,LK23,-2.4492935982947e-16,1.0,0,0,0,1,300.27587,359.919543333333,1134.58616666666,121.644786666666,302.310345,442.75862,338.045966666666,93.6011133333333,0,6.9497,80.7891,22.14,91.02,1.82,22.8,89.6,1.36
2020,1,Nuwara Eliya,LK23,0.499999999999999,0.866025403784438,0,0,0,1,48.551724,103.931034333333,801.896533333333,41.73784,300.27587,302.310345,359.919543333333,121.644786666666,1,6.9497,80.7891,21.75,87.89,1.98,22.14,91.02,1.82
2020,2,Nuwara Eliya,LK23,0.866025403784438,0.5,0,0,0,1,20.7586209999999,29.1494266666666,493.000013333333,29.5319219999999,48.551724,300.27587,103.931034333333,41.73784,1,6.9497,80.7891,22.04,86.24,2.09,21.75,87.89,1.98
2020,3,Nuwara Eliya,LK23,1.0,6.12323399573676e-17,1,0,0,0,62.741379,51.2011506666666,184.281603333333,51.4105899999999,20.7586209999999,48.551724,29.1494266666666,29.5319219999999,0,6.9497,80.7891,23.66,78.88,1.13,22.04,86.24,2.09
2020,4,Nuwara Eliya,LK23,0.866025403784438,-0.499999999999999,1,0,0,0,144.0000115,97.68391,178.034483333333,65.2326576666666,62.741379,20.7586209999999,51.2011506666666,51.4105899999999,0,6.9497,80.7891,24.81,79.74,1.03,23.66,78.88,1.13
2020,5,Nuwara Eliya,LK23,0.499999999999999,-0.866025403784438,0,1,0,0,364.60345,320.729893333333,469.61497,158.467196666666,144.0000115,62.741379,97.68391,65.2326576666666,0,6.9497,80.7891,24.14,88.3,2.44,24.81,79.74,1.03
2020,6,Nuwara Eliya,LK23,1.22464679914735e-16,-1.0,0,1,0,0,220.01724,234.31609,652.729916666666,100.648466666666,364.60345,144.0000115,320.729893333333,158.467196666666,0,6.9497,80.7891,23.18,88.61,3.46,24.14,88.3,2.44
2020,7,Nuwara Eliya,LK23,-0.499999999999999,-0.866025403784438,0,1,0,0,223.448269999999,240.15517,795.2012,126.346711333333,220.01724,364.60345,234.31609,100.648466666666,0,6.9497,80.7891,22.56,90.0,2.83,23.18,88.61,3.46
2020,8,Nuwara Eliya,LK23,-0.866025403784438,-0.5,0,1,0,0,143.827594,176.563216666666,651.034483333333,94.3398833333333,223.448269999999,220.01724,240.15517,126.346711333333,0,6.9497,80.7891,22.85,88.46,3.21,22.56,90.0,2.83
2020,9,Nuwara Eliya,LK23,-1.0,-1.83697019872102e-16,0,1,0,0,344.94828,269.9023,686.620716666666,143.268443333333,143.827594,223.448269999999,176.563216666666,94.3398833333333,0,6.9497,80.7891,22.43,89.46,3.41,22.85,88.46,3.21
2020,10,Nuwara Eliya,LK23,-0.866025403784438,0.5,0,0,1,0,147.62069,215.729883333333,662.1954,49.9662723333333,344.94828,143.827594,269.9023,143.268443333333,0,6.9497,80.7891,22.8,88.17,3.1,22.43,89.46,3.41
2020,11,Nuwara Eliya,LK23,-0.5,0.866025403784438,0,0,1,0,263.810349999999,247.959763333333,733.591976666666,83.5119476666666,147.62069,344.94828,215.729883333333,49.9662723333333,1,6.9497,80.7891,22.7,89.31,1.46,22.8,88.17,3.1
2020,12,Nuwara Eliya,LK23,-2.4492935982947e-16,1.0,0,0,0,1,237.465525,233.224136666666,696.913816666666,99.2508753333333,263.810349999999,147.62069,247.959763333333,83.5119476666666,1,6.9497,80.7891,22.07,90.01,1.88,22.7,89.31,1.46
2021,1,Nuwara Eliya,LK23,0.499999999999999,0.866025403784438,0,0,0,1,209.931042,242.655176666666,723.839076666666,144.810344333333,237.465525,263.810349999999,233.224136666666,99.2508753333333,0,6.9497,80.7891,21.61,90.49,1.63,22.07,90.01,1.88
2021,2,Nuwara Eliya,LK23,0.866025403784438,0.5,0,0,0,1,81.017243,90.4252866666666,566.3046,80.3066,209.931042,237.465525,242.655176666666,144.810344333333,0,6.9497,80.7891,21.97,87.06,2.01,21.61,90.49,1.63
2021,3,Nuwara Eliya,LK23,1.0,6.12323399573676e-17,1,0,0,0,176.637933,135.385061333333,468.46554,121.629043333333,81.017243,209.931042,90.4252866666666,80.3066,1,6.9497,80.7891,22.33,84.81,1.42,21.97,87.06,2.01
2021,4,Nuwara Eliya,LK23,0.866025403784438,-0.499999999999999,1,0,0,0,155.31034,160.793099999999,386.603426666666,69.8890823333333,176.637933,81.017243,135.385061333333,121.629043333333,1,6.9497,80.7891,23.66,86.92,1.2,22.33,84.81,1.42
2021,5,Nuwara Eliya,LK23,0.499999999999999,-0.866025403784438,0,1,0,0,381.155179,307.770123333333,603.948313333333,165.21328,155.31034,176.637933,160.793099999999,69.8890823333333,0,6.9497,80.7891,23.59,90.5,2.53,23.66,86.92,1.2
2021,6,Nuwara Eliya,LK23,1.22464679914735e-16,-1.0,0,1,0,0,255.586204,340.79886,809.36208,110.075759999999,381.155179,155.31034,307.770123333333,165.21328,0,6.9497,80.7891,22.89,91.54,3.16,23.59,90.5,2.53
2021,7,Nuwara Eliya,LK23,-0.499999999999999,-0.866025403784438,0,1,0,0,277.913795,267.718386666666,916.28733,157.673186666666,255.586204,381.155179,340.79886,110.075759999999,0,6.9497,80.7891,22.72,91.56,3.63,22.89,91.54,3.16
2021,8,Nuwara Eliya,LK23,-0.866025403784438,-0.5,0,1,0,0,260.344833,219.98851,828.505679999999,150.575383333333,277.913795,255.586204,267.718386666666,157.673186666666,0,6.9497,80.7891,22.38,90.95,3.45,22.72,91.56,3.63
2021,9,Nuwara Eliya,LK23,-1.0,-1.83697019872102e-16,0,1,0,0,316.93104,301.9023,789.609219999999,131.400783333333,260.344833,277.913795,219.98851,150.575383333333,0,6.9497,80.7891,22.84,90.72,3.24,22.38,90.95,3.45
2021,10,Nuwara Eliya,LK23,-0.866025403784438,0.5,0,0,1,0,369.620687,342.373576666666,864.2644,117.512543333333,316.93104,260.344833,301.9023,131.400783333333,0,6.9497,80.7891,22.65,91.16,2.42,22.84,90.72,3.24
2021,11,Nuwara Eliya,LK23,-0.5,0.866025403784438,0,0,1,0,420.293104999999,436.10345,1080.37926666666,129.266376666666,369.620687,316.93104,342.373576666666,117.512543333333,0,6.9497,80.7891,22.05,92.64,2.18,22.65,91.16,2.42
2021,12,Nuwara Eliya,LK23,-2.4492935982947e-16,1.0,0,0,0,1,137.275857,239.275863333333,1017.75288,58.6115513333333,420.293104999999,369.620687,436.10345,129.266376666666,0,6.9497,80.7891,21.79,89.92,1.76,22.05,92.64,2.18
2022,1,Nuwara Eliya,LK23,0.499999999999999,0.866025403784438,0,0,0,1,58.310344,76.2356336666666,751.61495,47.349929,137.275857,420.293104999999,239.275863333333,58.6115513333333,0,6.9497,80.7891,21.86,87.12,1.81,21.79,89.92,1.76
2022,2,Nuwara Eliya,LK23,0.866025403784438,0.5,0,0,0,1,124.120683,95.8620646666666,411.37357,114.527111333333,58.310344,137.275857,76.2356336666666,47.349929,0,6.9497,80.7891,21.62,86.65,1.69,21.86,87.12,1.81
2022,3,Nuwara Eliya,LK23,1.0,6.12323399573676e-17,1,0,0,0,124.913795,127.195401666666,299.293096666666,92.3609966666666,124.120683,58.310344,95.8620646666666,114.527111333333,0,6.9497,80.7891,22.89,87.36,1.56,21.62,86.65,1.69
2022,4,Nuwara Eliya,LK23,0.866025403784438,-0.499999999999999,1,0,0,0,278.551719,227.833336666666,450.890783333333,122.31265,124.913795,124.120683,127.195401666666,92.3609966666666,0,6.9497,80.7891,23.6,88.66,1.17,22.89,87.36,1.56
2022,5,Nuwara Eliya,LK23,0.499999999999999,-0.866025403784438,0,1,0,0,223.53449,223.379313333333,578.408016666666,100.300833333333,278.551719,124.913795,227.833336666666,122.31265,0,6.9497,80.7891,23.39,91.95,3.64,23.6,88.66,1.17
2022,6,Nuwara Eliya,LK23,1.22464679914735e-16,-1.0,0,1,0,0,214.120687,223.022983333333,674.235686666666,94.7794643333333,223.53449,278.551719,223.379313333333,100.300833333333,0,6.9497,80.7891,22.74,91.71,3.29,23.39,91.95,3.64
2022,7,Nuwara Eliya,LK23,-0.499999999999999,-0.866025403784438,0,1,0,0,260.293118,205.74713,652.149503333333,144.290809333333,214.120687,223.53449,223.022983333333,94.7794643333333,0,6.9497,80.7891,22.51,89.85,3.2,22.74,91.71,3.29
2022,8,Nuwara Eliya,LK23,-0.866025403784438,-0.5,0,1,0,0,374.655177,351.482743333333,780.2529,219.549218,260.293118,214.120687,205.74713,144.290809333333,0,6.9497,80.7891,22.3,90.58,3.7,22.51,89.85,3.2
2022,9,Nuwara Eliya,LK23,-1.0,-1.83697019872102e-16,0,1,0,0,189.241382,305.557473333333,862.78739,82.1780166666666,374.655177,260.293118,351.482743333333,219.549218,0,6.9497,80.7891,22.52,89.72,3.22,22.3,90.58,3.7
2022,10,Nuwara Eliya,LK23,-0.866025403784438,0.5,0,0,1,0,396.2414,267.632183333333,924.672426666666,118.769264666666,189.241382,374.655177,305.557473333333,82.1780166666666,0,6.9497,80.7891,22.31,89.76,2.5,22.52,89.72,3.22
2022,11,Nuwara Eliya,LK23,-0.5,0.866025403784438,0,0,1,0,263.94828,371.528746666666,944.718356666666,83.5824936666666,396.2414,189.241382,267.632183333333,118.769264666666,0,6.9497,80.7891,21.76,89.83,1.48,22.31,89.76,2.5
2022,12,Nuwara Eliya,LK23,-2.4492935982947e-16,1.0,0,0,0,1,317.534485,261.482766666666,900.643653333333,132.628333333333,263.94828,396.2414,371.528746666666,83.5824936666666,0,6.9497,80.7891,21.3,91.02,2.28,21.76,89.83,1.48
2023,1,Nuwara Eliya,LK23,0.499999999999999,0.866025403784438,0,0,0,1,87.931034,165.77586,798.787333333333,68.722163,317.534485,263.94828,261.482766666666,132.628333333333,0,6.9497,80.7891,20.51,89.79,2.39,21.3,91.02,2.28
2023,2,Nuwara Eliya,LK23,0.866025403784438,0.5,0,0,0,1,121.103446,126.011498333333,553.270066666666,110.33189,87.931034,317.534485,165.77586,68.722163,0,6.9497,80.7891,21.22,88.42,2.24,20.51,89.79,2.39
2023,3,Nuwara Eliya,LK23,1.0,6.12323399573676e-17,1,0,0,0,192.448273,162.637926666666,454.42528,134.595853333333,121.103446,87.931034,126.011498333333,110.33189,0,6.9497,80.7891,23.03,86.03,1.46,21.22,88.42,2.24
2023,4,Nuwara Eliya,LK23,0.866025403784438,-0.499999999999999,1,0,0,0,208.77586,188.045976666666,476.695403333333,92.702974,192.448273,121.103446,162.637926666666,134.595853333333,0,6.9497,80.7891,23.95,84.36,1.07,23.03,86.03,1.46
2023,5,Nuwara Eliya,LK23,0.499999999999999,-0.866025403784438,0,1,0,0,347.706897,353.55172,704.23562,145.262146666666,208.77586,192.448273,188.045976666666,92.702974,0,6.9497,80.7891,23.6,90.18,2.32,23.95,84.36,1.07
2023,6,Nuwara Eliya,LK23,1.22464679914735e-16,-1.0,0,1,0,0,442.05173,349.879303333333,891.477,192.710293333333,347.706897,208.77586,353.55172,145.262146666666,0,6.9497,80.7891,23.47,90.4,3.57,23.6,90.18,2.32
2023,7,Nuwara Eliya,LK23,-0.499999999999999,-0.866025403784438,0,1,0,0,188.103445,320.614946666666,1024.04595333333,109.673175,442.05173,347.706897,349.879303333333,192.710293333333,0,6.9497,80.7891,23.01,89.33,3.67,23.47,90.4,3.57
2023,8,Nuwara Eliya,LK23,-0.866025403784438,-0.5,0,1,0,0,181.379308,143.91379,814.408016666666,108.957486666666,188.103445,442.05173,320.614946666666,109.673175,0,6.9497,80.7891,23.51,86.98,3.21,23.01,89.33,3.67
2023,9,Nuwara Eliya,LK23,-1.0,-1.83697019872102e-16,0,1,0,0,251.86207,245.764366666666,710.293116666666,107.014758,181.379308,188.103445,143.91379,108.957486666666,0,6.9497,80.7891,22.91,89.54,3.36,23.51,86.98,3.21
2023,10,Nuwara Eliya,LK23,-0.866025403784438,0.5,0,0,1,0,523.75862,448.172403333333,837.850566666666,170.454629999999,251.86207,181.379308,245.764366666666,107.014758,0,6.9497,80.7891,22.82,91.12,1.6,22.91,89.54,3.36
2023,11,Nuwara Eliya,LK23,-0.5,0.866025403784438,0,0,1,0,449.43102,478.752856666666,1172.6897,138.719333333333,523.75862,251.86207,448.172403333333,170.454629999999,0,6.9497,80.7891,22.99,90.37,1.07,22.82,91.12,1.6
2023,12,Nuwara Eliya,LK23,-2.4492935982947e-16,1.0,0,0,0,1,356.586205999999,393.488496666666,1320.41376666666,143.986783333333,449.43102,523.75862,478.752856666666,138.719333333333,0,6.9497,80.7891,22.74,92.65,2.1,22.99,90.37,1.07
2024,1,Nuwara Eliya,LK23,0.499999999999999,0.866025403784438,0,0,0,1,242.87931,307.919533333333,1180.16093333333,163.625821,356.586205999999,449.43102,393.488496666666,143.986783333333,0,6.9497,80.7891,21.95,90.22,1.85,22.74,92.65,2.1
2024,2,Nuwara Eliya,LK23,0.866025403784438,0.5,0,0,0,1,30.793103,45.9540213333333,747.362023333333,38.2905803333333,242.87931,356.586205999999,307.919533333333,163.625821,0,6.9497,80.7891,22.73,88.06,2.41,21.95,90.22,1.85
2024,3,Nuwara Eliya,LK23,1.0,6.12323399573676e-17,1,0,0,0,44.7241363,33.4425283333333,387.3161,36.6719806666666,30.793103,242.87931,45.9540213333333,38.2905803333333,0,6.9497,80.7891,23.41,82.56,1.29,22.73,88.06,2.41
2024,4,Nuwara Eliya,LK23,0.866025403784438,-0.499999999999999,1,0,0,0,166.672413,128.017238333333,207.413786666666,75.0743156666666,44.7241363,30.793103,33.4425283333333,36.6719806666666,0,6.9497,80.7891,25.27,82.37,0.96,23.41,82.56,1.29
2024,5,Nuwara Eliya,LK23,0.499999999999999,-0.866025403784438,0,1,0,0,239.551721,218.977003333333,380.43676,107.603240666666,166.672413,44.7241363,128.017238333333,75.0743156666666,0,6.9497,80.7891,24.76,87.77,2.76,25.27,82.37,0.96
2024,6,Nuwara Eliya,LK23,1.22464679914735e-16,-1.0,0,1,0,0,113.46552,161.126435,508.120653333333,53.3087866666666,239.551721,166.672413,218.977003333333,107.603240666666,0,6.9497,80.7891,23.68,89.23,3.56,24.76,87.77,2.76
2024,7,Nuwara Eliya,LK23,-0.499999999999999,-0.866025403784438,0,1,0,0,95.120688,103.793103333333,483.896546666666,58.8736966666666,113.46552,239.551721,161.126435,53.3087866666666,0,6.9497,80.7891,23.36,87.9,3.64,23.68,89.23,3.56
2024,8,Nuwara Eliya,LK23,-0.866025403784438,-0.5,0,1,0,0,209.327587,163.626436666666,428.545976666666,121.22881,95.120688,113.46552,103.793103333333,58.8736966666666,0,6.9497,80.7891,23.24,88.6,2.96,23.36,87.9,3.64
2024,9,Nuwara Eliya,LK23,-1.0,-1.83697019872102e-16,0,1,0,0,124.172411,156.471261666666,423.890799999999,55.3283209999999,209.327587,95.120688,163.626436666666,121.22881,0,6.9497,80.7891,23.57,87.56,3.53,23.24,88.6,2.96
2024,10,Nuwara Eliya,LK23,-0.866025403784438,0.5,0,0,1,0,372.25863,281.040233333333,601.137956666666,120.09255,124.172411,209.327587,156.471261666666,55.3283209999999,0,6.9497,80.7891,23.19,89.05,2.12,23.57,87.56,3.53
2024,11,Nuwara Eliya,LK23,-0.5,0.866025403784438,0,0,1,0,437.67242,394.396563333333,831.90805,133.757891333333,372.25863,124.172411,281.040233333333,120.09255,0,6.9497,80.7891,22.95,89.84,1.98,23.19,89.05,2.12
2024,12,Nuwara Eliya,LK23,-2.4492935982947e-16,1.0,0,0,0,1,200.75862,294.672406666666,970.109253333333,83.6538256666666,437.67242,372.25863,394.396563333333,133.757891333333,0,6.9497,80.7891,22.47,89.59,1.6,22.95,89.84,1.98
2017,1,Galle,LK31,0.499999999999999,0.866025403784438,0,0,0,1,158.870359999999,105.432096666666,652.018523333333,108.077244666666,214.452380571428,383.857144285714,272.731038095238,104.61214547619,0,6.0535,80.221,26.5,75.29,2.91,27.251428571428573,80.71285714285715,3.005714285714286
2017,2,Galle,LK31,0.866025403784438,0.5,0,0,0,1,114.740738,156.969126666666,453.462943333333,104.622452666666,158.870359999999,214.452380571428,105.432096666666,108.077244666666,0,6.0535,80.221,26.88,74.33,2.24,26.5,75.29,2.91
2017,3,Galle,LK31,1.0,6.12323399573676e-17,1,0,0,0,213.074075,197.82716,460.228373333333,122.790483333333,114.740738,158.870359999999,156.969126666666,104.622452666666,0,6.0535,80.221,27.57,79.43,2.43,26.88,74.33,2.24
2017,4,Galle,LK31,0.866025403784438,-0.499999999999999,1,0,0,0,169.648148,194.63581,549.432073333333,68.7814293333333,213.074075,114.740738,197.82716,122.790483333333,0,6.0535,80.221,28.42,81.86,3.91,27.57,79.43,2.43
2017,5,Galle,LK31,0.499999999999999,-0.866025403784438,0,1,0,0,637.685189999999,385.666666666666,778.12965,140.675858666666,169.648148,213.074075,194.63581,68.7814293333333,0,6.0535,80.221,28.25,83.32,4.84,28.42,81.86,3.91
2017,6,Galle,LK31,1.22464679914735e-16,-1.0,0,1,0,0,158.425926,399.080266666666,979.382766666666,63.2491153333333,637.685189999999,169.648148,385.666666666666,140.675858666666,0,6.0535,80.221,27.51,85.54,5.52,28.25,83.32,4.84
2017,7,Galle,LK31,-0.499999999999999,-0.866025403784438,0,1,0,0,120.222223,134.864193333333,919.6111,68.7619116666666,158.425926,637.685189999999,399.080266666666,63.2491153333333,0,6.0535,80.221,27.69,84.16,5.66,27.51,85.54,5.52
2017,8,Galle,LK31,-0.866025403784438,-0.5,0,1,0,0,232.833334,210.160489999999,744.104973333333,141.481585666666,120.222223,158.425926,134.864193333333,68.7619116666666,0,6.0535,80.221,27.39,84.92,5.77,27.69,84.16,5.66
2017,9,Galle,LK31,-1.0,-1.83697019872102e-16,0,1,0,0,361.38889,358.388886666666,703.41361,124.737529666666,232.833334,120.222223,210.160489999999,141.481585666666,0,6.0535,80.221,27.29,84.21,5.33,27.39,84.92,5.77
2017,10,Galle,LK31,-0.866025403784438,0.5,0,0,1,0,340.166675,295.45062,864.000033333333,87.4549566666666,361.38889,232.833334,358.388886666666,124.737529666666,0,6.0535,80.221,27.54,84.44,4.7,27.29,84.21,5.33
2017,11,Galle,LK31,-0.5,0.866025403784438,0,0,1,0,445.555562,371.524686666666,1025.36419,118.1549,340.166675,361.38889,295.45062,87.4549566666666,0,6.0535,80.221,27.17,82.82,3.3,27.54,84.44,4.7
2017,12,Galle,LK31,-2.4492935982947e-16,1.0,0,0,0,1,160.444446,295.469146666666,962.444379999999,81.0748766666666,445.555562,340.166675,371.524686666666,118.1549,0,6.0535,80.221,27.04,79.73,2.64,27.17,82.82,3.3
2018,1,Galle,LK31,0.499999999999999,0.866025403784438,0,0,0,1,59.685185,82.796298,749.79008,47.016906,160.444446,445.555562,295.469146666666,81.0748766666666,0,6.0535,80.221,26.73,75.21,2.2,27.04,79.73,2.64
2018,2,Galle,LK31,0.866025403784438,0.5,0,0,0,1,107.888891,103.185188333333,481.45062,96.3568313333333,59.685185,160.444446,82.796298,47.016906,0,6.0535,80.221,26.95,78.61,2.34,26.73,75.21,2.2
2018,3,Galle,LK31,1.0,6.12323399573676e-17,1,0,0,0,245.259266,212.975316666666,398.956806666666,142.785836666666,107.888891,59.685185,103.185188333333,96.3568313333333,0,6.0535,80.221,27.74,80.11,2.87,26.95,78.61,2.34
2018,4,Galle,LK31,0.866025403784438,-0.499999999999999,1,0,0,0,307.944456,262.438283333333,578.598793333333,116.977623333333,245.259266,107.888891,212.975316666666,142.785836666666,0,6.0535,80.221,28.16,81.72,2.74,27.74,80.11,2.87
2018,5,Galle,LK31,0.499999999999999,-0.866025403784438,0,1,0,0,746.148169999999,617.438299999999,1092.85181666666,160.780176666666,307.944456,245.259266,262.438283333333,116.977623333333,0,6.0535,80.221,27.97,84.45,4.52,28.16,81.72,2.74
2018,6,Galle,LK31,1.22464679914735e-16,-1.0,0,1,0,0,332.740735,467.290106666666,1347.16676666666,123.993993333333,746.148169999999,307.944456,617.438299999999,160.780176666666,0,6.0535,80.221,27.57,85.7,5.86,27.97,84.45,4.52
2018,7,Galle,LK31,-0.499999999999999,-0.866025403784438,0,1,0,0,140.85185,200.549386666666,1285.27783333333,77.6040866666666,332.740735,746.148169999999,467.290106666666,123.993993333333,0,6.0535,80.221,27.01,86.79,5.63,27.57,85.7,5.86
2018,8,Galle,LK31,-0.866025403784438,-0.5,0,1,0,0,163.759262999999,153.796293333333,821.635816666666,97.2433493333333,140.85185,332.740735,200.549386666666,77.6040866666666,0,6.0535,80.221,26.52,87.62,5.43,27.01,86.79,5.63
2018,9,Galle,LK31,-1.0,-1.83697019872102e-16,0,1,0,0,313.240742,190.222225333333,544.56789,91.509229,163.759262999999,140.85185,153.796293333333,97.2433493333333,0,6.0535,80.221,27.03,83.0,4.48,26.52,87.62,5.43
2018,10,Galle,LK31,-0.866025403784438,0.5,0,0,1,0,551.64815,578.50001,922.518533333333,147.553768333333,313.240742,163.759262999999,190.222225333333,91.509229,0,6.0535,80.221,26.93,84.62,3.75,27.03,83.0,4.48
2018,11,Galle,LK31,-0.5,0.866025403784438,0,0,1,0,355.592595,416.950633333333,1185.6728,95.5372633333333,551.64815,313.240742,578.50001,147.553768333333,0,6.0535,80.221,27.18,82.99,3.02,26.93,84.62,3.75
2018,12,Galle,LK31,-2.4492935982947e-16,1.0,0,0,0,1,97.962963,156.666673333333,1152.11733333333,52.56072,355.592595,551.64815,416.950633333333,95.5372633333333,0,6.0535,80.221,27.1,78.56,2.83,27.18,82.99,3.02
2019,1,Galle,LK31,0.499999999999999,0.866025403784438,0,0,0,1,47.1481475,61.4876546666666,635.104946666666,39.6253896666666,97.962963,355.592595,156.666673333333,52.56072,0,6.0535,80.221,26.85,77.24,2.58,27.1,78.56,2.83
2019,2,Galle,LK31,0.866025403784438,0.5,0,0,0,1,168.907405,156.592586666666,374.746916666666,134.097022333333,47.1481475,97.962963,61.4876546666666,39.6253896666666,0,6.0535,80.221,27.44,79.61,2.49,26.85,77.24,2.58
2019,3,Galle,LK31,1.0,6.12323399573676e-17,1,0,0,0,73.9814799999999,83.8024666666666,301.882716666666,49.1732706666666,168.907405,47.1481475,156.592586666666,134.097022333333,0,6.0535,80.221,28.0,76.48,2.49,27.44,79.61,2.49
2019,4,Galle,LK31,0.866025403784438,-0.499999999999999,1,0,0,0,235.962963,140.203700666666,380.598756666666,88.6690516666666,73.9814799999999,168.907405,83.8024666666666,49.1732706666666,0,6.0535,80.221,28.56,78.27,2.49,28.0,76.48,2.49
2019,5,Galle,LK31,0.499999999999999,-0.866025403784438,0,1,0,0,251.740736,250.080246666666,474.086406666666,57.9653103333333,235.962963,73.9814799999999,140.203700666666,88.6690516666666,0,6.0535,80.221,28.65,82.96,4.81,28.56,78.27,2.49
2019,6,Galle,LK31,1.22464679914735e-16,-1.0,0,1,0,0,495.25926,496.469166666666,886.753096666666,176.334403333333,251.740736,235.962963,250.080246666666,57.9653103333333,0,6.0535,80.221,28.65,81.91,5.8,28.65,82.96,4.81
2019,7,Galle,LK31,-0.499999999999999,-0.866025403784438,0,1,0,0,169.92593,235.160489999999,981.7099,91.3205199999999,495.25926,251.740736,496.469166666666,176.334403333333,0,6.0535,80.221,27.8,83.33,5.1,28.65,81.91,5.8
2019,8,Galle,LK31,-0.866025403784438,-0.5,0,1,0,0,543.42594,390.944433333333,1122.57413333333,312.698463333333,169.92593,495.25926,235.160489999999,91.3205199999999,0,6.0535,80.221,27.57,82.64,5.74,27.8,83.33,5.1
2019,9,Galle,LK31,-1.0,-1.83697019872102e-16,0,1,0,0,1145.81483,879.475313333333,1505.5802,349.32437,543.42594,169.92593,390.944433333333,312.698463333333,0,6.0535,80.221,27.33,84.26,4.44,27.57,82.64,5.74
2019,10,Galle,LK31,-0.866025403784438,0.5,0,0,1,0,629.72224,847.888933333333,2118.30873333333,157.29862,1145.81483,543.42594,879.475313333333,349.32437,0,6.0535,80.221,26.92,84.03,3.15,27.33,84.26,4.44
2019,11,Galle,LK31,-0.5,0.866025403784438,0,0,1,0,350.87036,471.97531,2199.33963333333,93.9895966666666,629.72224,1145.81483,847.888933333333,157.29862,0,6.0535,80.221,27.42,83.17,2.86,26.92,84.03,3.15
2019,12,Galle,LK31,-2.4492935982947e-16,1.0,0,0,0,1,243.037045,299.12345,1618.98776666666,118.997846666666,350.87036,629.72224,471.97531,93.9895966666666,0,6.0535,80.221,27.32,82.05,2.99,27.42,83.17,2.86
2020,1,Galle,LK31,0.499999999999999,0.866025403784438,0,0,0,1,71.962964,123.919756666666,895.01857,54.975843,243.037045,350.87036,299.12345,118.997846666666,0,6.0535,80.221,27.48,77.53,2.84,27.32,82.05,2.99
2020,2,Galle,LK31,0.866025403784438,0.5,0,0,0,1,38.6481477,46.6296293333333,469.672843333333,41.1042313333333,71.962964,243.037045,123.919756666666,54.975843,0,6.0535,80.221,27.59,76.88,2.73,27.48,77.53,2.84
2020,3,Galle,LK31,1.0,6.12323399573676e-17,1,0,0,0,66.962962,56.172839,226.722233333333,44.1098243333333,38.6481477,71.962964,46.6296293333333,41.1042313333333,0,6.0535,80.221,28.11,77.04,2.45,27.59,76.88,2.73
2020,4,Galle,LK31,0.866025403784438,-0.499999999999999,1,0,0,0,217.962967,138.876545333333,241.679013333333,81.398692,66.962962,38.6481477,56.172839,44.1098243333333,0,6.0535,80.221,28.67,79.9,2.95,28.11,77.04,2.45
2020,5,Galle,LK31,0.499999999999999,-0.866025403784438,0,1,0,0,541.53703,466.327166666666,661.376563333333,116.691256666666,217.962967,66.962962,138.876545333333,81.398692,0,6.0535,80.221,28.8,83.08,4.97,28.67,79.9,2.95
2020,6,Galle,LK31,1.22464679914735e-16,-1.0,0,1,0,0,270.296294,323.95679,929.160483333333,105.625363333333,541.53703,217.962967,466.327166666666,116.691256666666,0,6.0535,80.221,28.25,82.69,5.65,28.8,83.08,4.97
2020,7,Galle,LK31,-0.499999999999999,-0.866025403784438,0,1,0,0,306.518515,320.277766666666,1110.56166666666,160.137066666666,270.296294,541.53703,323.95679,105.625363333333,0,6.0535,80.221,27.5,83.39,5.18,28.25,82.69,5.65
2020,8,Galle,LK31,-0.866025403784438,-0.5,0,1,0,0,237.481484,323.061726666666,967.2963,169.661213333333,306.518515,270.296294,320.277766666666,160.137066666666,0,6.0535,80.221,27.41,84.44,4.8,27.5,83.39,5.18
2020,9,Galle,LK31,-1.0,-1.83697019872102e-16,0,1,0,0,563.9074,401.0432,1044.3827,180.087503333333,237.481484,306.518515,323.061726666666,169.661213333333,0,6.0535,80.221,27.35,84.32,5.5,27.41,84.44,4.8
2020,10,Galle,LK31,-0.866025403784438,0.5,0,0,1,0,124.074073,275.080236666666,999.185149999999,34.409074,563.9074,237.481484,401.0432,180.087503333333,0,6.0535,80.221,27.44,84.46,5.24,27.35,84.32,5.5
2020,11,Galle,LK31,-0.5,0.866025403784438,0,0,1,0,299.57407,261.93827,938.061679999999,81.0891133333333,124.074073,563.9074,275.080236666666,34.409074,0,6.0535,80.221,27.58,82.25,2.89,27.44,84.46,5.24
2020,12,Galle,LK31,-2.4492935982947e-16,1.0,0,0,0,1,172.759254,187.648143333333,724.666666666666,88.2676883333333,299.57407,124.074073,261.93827,81.0891133333333,0,6.0535,80.221,27.25,80.66,2.86,27.58,82.25,2.89
2021,1,Galle,LK31,0.499999999999999,0.866025403784438,0,0,0,1,221.203704,213.58024,663.166683333333,149.666536666666,172.759254,299.57407,187.648143333333,88.2676883333333,0,6.0535,80.221,26.8,80.86,2.64,27.25,80.66,2.86
2021,2,Galle,LK31,0.866025403784438,0.5,0,0,0,1,88.75926,132.327163333333,533.55555,80.3479163333333,221.203704,172.759254,213.58024,149.666536666666,0,6.0535,80.221,27.36,78.0,2.44,26.8,80.86,2.64
2021,3,Galle,LK31,1.0,6.12323399573676e-17,1,0,0,0,235.351854,172.969131666666,518.87654,134.462678,88.75926,221.203704,132.327163333333,80.3479163333333,0,6.0535,80.221,27.52,77.77,2.57,27.36,78.0,2.44
2021,4,Galle,LK31,0.866025403784438,-0.499999999999999,1,0,0,0,197.74074,188.7037,494.000019999999,74.920765,235.351854,88.75926,172.969131666666,134.462678,0,6.0535,80.221,28.26,81.02,3.17,27.52,77.77,2.57
2021,5,Galle,LK31,0.499999999999999,-0.866025403784438,0,1,0,0,626.07408,513.16052,874.833366666666,136.662646666666,197.74074,235.351854,188.7037,74.920765,0,6.0535,80.221,28.49,82.21,4.64,28.26,81.02,3.17
2021,6,Galle,LK31,1.22464679914735e-16,-1.0,0,1,0,0,371.20371,505.537033333333,1207.4013,131.025758333333,626.07408,197.74074,513.16052,136.662646666666,0,6.0535,80.221,27.9,83.68,5.71,28.49,82.21,4.64
2021,7,Galle,LK31,-0.499999999999999,-0.866025403784438,0,1,0,0,384.03703,359.006153333333,1377.70376666666,203.04764,371.20371,626.07408,505.537033333333,131.025758333333,0,6.0535,80.221,27.62,84.67,6.08,27.9,83.68,5.71
2021,8,Galle,LK31,-0.866025403784438,-0.5,0,1,0,0,261.388888,225.672843333333,1090.21604666666,137.602357333333,384.03703,371.20371,359.006153333333,203.04764,0,6.0535,80.221,27.14,85.42,5.41,27.62,84.67,6.08
2021,9,Galle,LK31,-1.0,-1.83697019872102e-16,0,1,0,0,289.48149,321.425923333333,906.104899999999,93.7373109999999,261.388888,384.03703,225.672843333333,137.602357333333,0,6.0535,80.221,27.55,84.47,5.63,27.14,85.42,5.41
2021,10,Galle,LK31,-0.866025403784438,0.5,0,0,1,0,416.46296,376.345676666666,923.444413333333,111.244288666666,289.48149,261.388888,321.425923333333,93.7373109999999,0,6.0535,80.221,27.43,84.72,4.74,27.55,84.47,5.63
2021,11,Galle,LK31,-0.5,0.866025403784438,0,0,1,0,425.81482,445.15434,1142.9259,113.512241333333,416.46296,289.48149,376.345676666666,111.244288666666,0,6.0535,80.221,27.33,83.19,4.74,27.43,84.72,4.74
2021,12,Galle,LK31,-2.4492935982947e-16,1.0,0,0,0,1,177.370372,264.530863333333,1086.03086666666,84.56459,425.81482,416.46296,445.15434,113.512241333333,0,6.0535,80.221,27.32,78.94,2.36,27.33,83.19,4.74
2022,1,Galle,LK31,0.499999999999999,0.866025403784438,0,0,0,1,98.777776,112.62963,822.314766666666,71.5893323333333,177.370372,425.81482,264.530863333333,84.56459,0,6.0535,80.221,27.22,78.84,2.33,27.32,78.94,2.36
2022,2,Galle,LK31,0.866025403784438,0.5,0,0,0,1,137.333331,103.246913333333,480.407403333333,119.682463333333,98.777776,177.370372,112.62963,71.5893323333333,0,6.0535,80.221,27.18,76.98,2.27,27.22,78.84,2.33
2022,3,Galle,LK31,1.0,6.12323399573676e-17,1,0,0,0,164.907408,170.061726666666,385.938293333333,97.3078066666666,137.333331,98.777776,103.246913333333,119.682463333333,0,6.0535,80.221,27.95,78.72,3.22,27.18,76.98,2.27
2022,4,Galle,LK31,0.866025403784438,-0.499999999999999,1,0,0,0,346.499989999999,293.71605,567.02469,130.879008333333,164.907408,137.333331,170.061726666666,97.3078066666666,0,6.0535,80.221,28.16,82.12,3.0,27.95,78.72,3.22
2022,5,Galle,LK31,0.499999999999999,-0.866025403784438,0,1,0,0,660.18518,499.166673333333,962.94443,145.088316666666,346.499989999999,164.907408,293.71605,130.879008333333,1,6.0535,80.221,28.31,84.52,6.1,28.16,82.12,3.0
2022,6,Galle,LK31,1.22464679914735e-16,-1.0,0,1,0,0,211.01851,413.753079999999,1206.63583333333,81.256984,660.18518,346.499989999999,499.166673333333,145.088316666666,0,6.0535,80.221,27.72,84.09,5.88,28.31,84.52,6.1
2022,7,Galle,LK31,-0.499999999999999,-0.866025403784438,0,1,0,0,251.740753,181.60494,1094.5247,134.859225,211.01851,660.18518,413.753079999999,81.256984,0,6.0535,80.221,27.14,85.06,5.83,27.72,84.09,5.88
2022,8,Galle,LK31,-0.866025403784438,-0.5,0,1,0,0,288.888885999999,294.40124,889.759243333333,163.925143333333,251.740753,211.01851,181.60494,134.859225,0,6.0535,80.221,26.8,85.98,5.93,27.14,85.06,5.83
2022,9,Galle,LK31,-1.0,-1.83697019872102e-16,0,1,0,0,132.944444,238.54938,714.55558,49.2071506666666,288.888885999999,251.740753,294.40124,163.925143333333,0,6.0535,80.221,27.05,84.55,5.31,26.8,85.98,5.93
2022,10,Galle,LK31,-0.866025403784438,0.5,0,0,1,0,547.2037,315.04321,847.99385,129.973179333333,132.944444,288.888885999999,238.54938,49.2071506666666,0,6.0535,80.221,27.21,83.02,5.36,27.05,84.55,5.31
2022,11,Galle,LK31,-0.5,0.866025403784438,0,0,1,0,306.203713,488.691353333333,1042.28392,82.8399473333333,547.2037,132.944444,315.04321,129.973179333333,0,6.0535,80.221,27.13,80.92,3.21,27.21,83.02,5.36
2022,12,Galle,LK31,-2.4492935982947e-16,1.0,0,0,0,1,253.314813999999,256.666666666666,1060.40111666666,122.009876666666,306.203713,547.2037,488.691353333333,82.8399473333333,0,6.0535,80.221,26.98,81.19,3.97,27.13,80.92,3.21
2023,1,Galle,LK31,0.499999999999999,0.866025403784438,0,0,0,1,143.37037,155.12962,900.487633333333,99.0855649999999,253.314813999999,306.203713,256.666666666666,122.009876666666,0,6.0535,80.221,26.57,76.98,3.18,26.98,81.19,3.97
2023,2,Galle,LK31,0.866025403784438,0.5,0,0,0,1,242.203694999999,247.20987,659.006136666666,193.087059999999,143.37037,253.314813999999,155.12962,99.0855649999999,0,6.0535,80.221,26.99,78.72,3.04,26.57,76.98,3.18
2023,3,Galle,LK31,1.0,6.12323399573676e-17,1,0,0,0,356.38889,297.777786666666,700.117266666666,202.417216666666,242.203694999999,143.37037,247.20987,193.087059999999,0,6.0535,80.221,27.88,79.18,2.69,26.99,78.72,3.04
2023,4,Galle,LK31,0.866025403784438,-0.499999999999999,1,0,0,0,230.481482,245.518516666666,790.50617,86.1634419999999,356.38889,242.203694999999,297.777786666666,202.417216666666,0,6.0535,80.221,28.65,78.34,2.35,27.88,79.18,2.69
2023,5,Galle,LK31,0.499999999999999,-0.866025403784438,0,1,0,0,1101.42592,903.320986666666,1446.61733333333,236.389003333333,230.481482,356.38889,245.518516666666,86.1634419999999,0,6.0535,80.221,28.53,83.44,4.84,28.65,78.34,2.35
2023,6,Galle,LK31,1.22464679914735e-16,-1.0,0,1,0,0,410.16667,590.388886666666,1739.2284,148.52706,1101.42592,230.481482,903.320986666666,236.389003333333,0,6.0535,80.221,28.33,83.86,6.04,28.53,83.44,4.84
2023,7,Galle,LK31,-0.499999999999999,-0.866025403784438,0,1,0,0,188.629629,251.425933333333,1745.13583333333,104.061866666666,410.16667,1101.42592,590.388886666666,148.52706,0,6.0535,80.221,27.73,85.88,5.47,28.33,83.86,6.04
2023,8,Galle,LK31,-0.866025403784438,-0.5,0,1,0,0,226.018517,150.956793333333,992.771633333333,116.705373333333,188.629629,410.16667,251.425933333333,104.061866666666,0,6.0535,80.221,27.99,83.74,5.34,27.73,85.88,5.47
2023,9,Galle,LK31,-1.0,-1.83697019872102e-16,0,1,0,0,715.87036,649.401233333333,1051.78394666666,234.11629,226.018517,188.629629,150.956793333333,116.705373333333,0,6.0535,80.221,27.76,83.48,5.39,27.99,83.74,5.34
2023,10,Galle,LK31,-0.866025403784438,0.5,0,0,1,0,924.29629,881.709856666666,1682.06796666666,245.297496666666,715.87036,226.018517,649.401233333333,234.11629,0,6.0535,80.221,27.32,83.8,3.29,27.76,83.48,5.39
2023,11,Galle,LK31,-0.5,0.866025403784438,0,0,1,0,503.38889,584.10495,2115.21616666666,133.426843333333,924.29629,715.87036,881.709856666666,245.297496666666,0,6.0535,80.221,27.55,82.54,2.22,27.32,83.8,3.29
2023,12,Galle,LK31,-2.4492935982947e-16,1.0,0,0,0,1,396.27777,449.012323333333,1914.82713333333,184.80942,503.38889,924.29629,584.10495,133.426843333333,0,6.0535,80.221,27.75,83.86,3.39,27.55,82.54,2.22
2024,1,Galle,LK31,0.499999999999999,0.866025403784438,0,0,0,1,296.351852,362.783966666666,1395.9012,190.713403333333,396.27777,503.38889,449.012323333333,184.80942,0,6.0535,80.221,27.36,79.22,2.34,27.75,83.86,3.39
2024,2,Galle,LK31,0.866025403784438,0.5,0,0,0,1,58.962961,80.271606,892.067846666666,56.07981,296.351852,396.27777,362.783966666666,190.713403333333,0,6.0535,80.221,28.02,80.04,3.21,27.36,79.22,2.34
2024,3,Galle,LK31,1.0,6.12323399573676e-17,1,0,0,0,84.777777,57.253088,500.308643333333,53.248064,58.962961,296.351852,80.271606,56.07981,0,6.0535,80.221,28.51,76.64,2.11,28.02,80.04,3.21
2024,4,Galle,LK31,0.866025403784438,-0.499999999999999,1,0,0,0,253.574074,199.635806666666,337.160483333333,96.1559416666666,84.777777,58.962961,57.253088,53.248064,0,6.0535,80.221,29.15,80.81,2.58,28.51,76.64,2.11
2024,5,Galle,LK31,0.499999999999999,-0.866025403784438,0,1,0,0,452.277765,415.759246666666,672.648146666666,98.1641016666666,253.574074,84.777777,199.635806666666,96.1559416666666,0,6.0535,80.221,29.0,83.77,5.27,29.15,80.81,2.58
2024,6,Galle,LK31,1.22464679914735e-16,-1.0,0,1,0,0,170.388889,252.259253333333,867.654286666666,64.90346,452.277765,253.574074,415.759246666666,98.1641016666666,0,6.0535,80.221,28.36,84.83,5.64,29.0,83.77,5.27
2024,7,Galle,LK31,-0.499999999999999,-0.866025403784438,0,1,0,0,173.574078,161.395066666666,829.413633333333,95.1329916666666,170.388889,452.277765,252.259253333333,64.90346,0,6.0535,80.221,28.3,84.23,5.21,28.36,84.83,5.64
2024,8,Galle,LK31,-0.866025403784438,-0.5,0,1,0,0,339.833333,256.24693,669.901223333333,179.927283333333,173.574078,170.388889,161.395066666666,95.1329916666666,0,6.0535,80.221,27.91,83.63,5.21,28.3,84.23,5.21
2024,9,Galle,LK31,-1.0,-1.83697019872102e-16,0,1,0,0,293.666665999999,330.753086666666,748.395046666666,94.4910566666666,339.833333,173.574078,256.24693,179.927283333333,0,6.0535,80.221,28.07,84.4,5.63,27.91,83.63,5.21
2024,10,Galle,LK31,-0.866025403784438,0.5,0,0,1,0,432.462959999999,396.845673333333,983.845633333333,113.922236666666,293.666665999999,339.833333,330.753086666666,94.4910566666666,0,6.0535,80.221,27.9,83.81,4.62,28.07,84.4,5.63
2024,11,Galle,LK31,-0.5,0.866025403784438,0,0,1,0,462.814809999999,445.283933333333,1172.88266666666,122.82467,432.462959999999,293.666665999999,396.845673333333,113.922236666666,0,6.0535,80.221,27.67,83.72,4.13,27.9,83.81,4.62
2024,12,Galle,LK31,-2.4492935982947e-16,1.0,0,0,0,1,190.722213,271.59876,1113.7284,99.1419453333333,462.814809999999,432.462959999999,445.283933333333,122.82467,0,6.0535,80.221,27.74,81.59,3.33,27.67,83.72,4.13
2017,1,Matara,LK32,0.499999999999999,0.866025403784438,0,0,0,1,137.461542,87.914527,574.3675,96.772197,215.96337,360.300366,270.328448857142,104.638715333333,0,5.9549,80.555,26.18,75.1,2.57,26.669999999999998,82.88142857142859,2.994285714285714
2017,2,Matara,LK32,0.866025403784438,0.5,0,0,0,1,126.435899,149.273506666666,414.453006666666,117.087603333333,137.461542,215.96337,87.914527,96.772197,0,5.9549,80.555,26.65,75.08,3.05,26.18,75.1,2.57
2017,3,Matara,LK32,1.0,6.12323399573676e-17,1,0,0,0,185.025646,194.76068,431.948723333333,114.803136666666,126.435899,137.461542,149.273506666666,117.087603333333,0,5.9549,80.555,27.27,79.54,2.38,26.65,75.08,3.05
2017,4,Matara,LK32,0.866025403784438,-0.499999999999999,1,0,0,0,129.435898,150.777783333333,494.81197,66.9246346666666,185.025646,126.435899,194.76068,114.803136666666,0,5.9549,80.555,28.12,81.39,3.57,27.27,79.54,2.38
2017,5,Matara,LK32,0.499999999999999,-0.866025403784438,0,1,0,0,550.20512,321.905986666666,667.44441,155.0233,129.435898,185.025646,150.777783333333,66.9246346666666,0,5.9549,80.555,27.86,83.77,4.34,28.12,81.39,3.57
2017,6,Matara,LK32,1.22464679914735e-16,-1.0,0,1,0,0,140.410255,354.324796666666,827.008583333333,62.820739,550.20512,129.435898,321.905986666666,155.0233,0,5.9549,80.555,27.12,85.96,5.19,27.86,83.77,4.34
2017,7,Matara,LK32,-0.499999999999999,-0.866025403784438,0,1,0,0,90.000001,102.461534999999,778.692283333333,68.0354,140.410255,550.20512,354.324796666666,62.820739,0,5.9549,80.555,27.33,84.17,5.24,27.12,85.96,5.19
2017,8,Matara,LK32,-0.866025403784438,-0.5,0,1,0,0,202.333335,179.333336666666,636.119676666666,145.868694333333,90.000001,140.410255,102.461534999999,68.0354,0,5.9549,80.555,27.17,83.94,5.4,27.33,84.17,5.24
2017,9,Matara,LK32,-1.0,-1.83697019872102e-16,0,1,0,0,278.0,286.461533333333,568.2564,125.288557,202.333335,90.000001,179.333336666666,145.868694333333,0,5.9549,80.555,26.97,84.07,4.9,27.17,83.94,5.4
2017,10,Matara,LK32,-0.866025403784438,0.5,0,0,1,0,262.948715,218.487183333333,684.282056666666,82.2784853333333,278.0,202.333335,286.461533333333,125.288557,0,5.9549,80.555,27.25,84.34,4.38,26.97,84.07,4.9
2017,11,Matara,LK32,-0.5,0.866025403784438,0,0,1,0,421.692303,331.863256666666,836.811956666666,114.822115,262.948715,278.0,218.487183333333,82.2784853333333,0,5.9549,80.555,26.82,83.31,2.87,27.25,84.34,4.38
2017,12,Matara,LK32,-2.4492935982947e-16,1.0,0,0,0,1,160.435894,292.49572,842.846153333333,80.62527,421.692303,262.948715,331.863256666666,114.822115,0,5.9549,80.555,26.58,81.3,2.63,26.82,83.31,2.87
2018,1,Matara,LK32,0.499999999999999,0.866025403784438,0,0,0,1,52.3846154999999,74.8034186666666,699.162403333333,42.6402123333333,160.435894,421.692303,292.49572,80.62527,0,5.9549,80.555,26.08,77.35,2.17,26.58,81.3,2.63
2018,2,Matara,LK32,0.866025403784438,0.5,0,0,0,1,111.512822,103.69231,470.991446666666,100.405346666666,52.3846154999999,160.435894,74.8034186666666,42.6402123333333,0,5.9549,80.555,26.46,80.69,3.24,26.08,77.35,2.17
2018,3,Matara,LK32,1.0,6.12323399573676e-17,1,0,0,0,225.487182,199.333333333333,377.82908,137.884806666666,111.512822,52.3846154999999,103.69231,100.405346666666,0,5.9549,80.555,27.36,80.7,3.12,26.46,80.69,3.24
2018,4,Matara,LK32,0.866025403784438,-0.499999999999999,1,0,0,0,248.282044999999,220.025636666666,523.05129,118.899363333333,225.487182,111.512822,199.333333333333,137.884806666666,0,5.9549,80.555,27.77,82.18,2.52,27.36,80.7,3.12
2018,5,Matara,LK32,0.499999999999999,-0.866025403784438,0,1,0,0,661.12822,541.752156666666,961.111146666666,179.657926666666,248.282044999999,225.487182,220.025636666666,118.899363333333,0,5.9549,80.555,27.46,85.9,4.02,27.77,82.18,2.52
2018,6,Matara,LK32,1.22464679914735e-16,-1.0,0,1,0,0,255.435899,380.042733333333,1141.82053333333,109.774121333333,661.12822,248.282044999999,541.752156666666,179.657926666666,0,5.9549,80.555,26.91,87.78,5.23,27.46,85.9,4.02
2018,7,Matara,LK32,-0.499999999999999,-0.866025403784438,0,1,0,0,102.794872,154.205125333333,1076.00014333333,75.704198,255.435899,661.12822,380.042733333333,109.774121333333,0,5.9549,80.555,26.6,87.06,5.3,26.91,87.78,5.23
2018,8,Matara,LK32,-0.866025403784438,-0.5,0,1,0,0,120.871799,113.760687333333,648.008593333333,87.760323,102.794872,255.435899,154.205125333333,75.704198,0,5.9549,80.555,26.19,87.35,5.23,26.6,87.06,5.3
2018,9,Matara,LK32,-1.0,-1.83697019872102e-16,0,1,0,0,219.692303999999,133.205124666666,401.170896666666,82.9130143333333,120.871799,102.794872,113.760687333333,87.760323,0,5.9549,80.555,26.73,83.07,4.21,26.19,87.35,5.23
2018,10,Matara,LK32,-0.866025403784438,0.5,0,0,1,0,448.0,429.683766666666,676.64955,143.25058,219.692303999999,120.871799,133.205124666666,82.9130143333333,0,5.9549,80.555,26.62,84.6,3.21,26.73,83.07,4.21
2018,11,Matara,LK32,-0.5,0.866025403784438,0,0,1,0,336.48719,402.786336666666,965.675256666666,93.435695,448.0,219.692303999999,429.683766666666,143.25058,0,5.9549,80.555,26.75,83.67,2.59,26.62,84.6,3.21
2018,12,Matara,LK32,-2.4492935982947e-16,1.0,0,0,0,1,108.871794,157.880338666666,990.35045,56.4485766666666,336.48719,448.0,402.786336666666,93.435695,0,5.9549,80.555,26.55,79.64,2.39,26.75,83.67,2.59
2019,1,Matara,LK32,0.499999999999999,0.866025403784438,0,0,0,1,52.5384615,61.512818,622.17948,42.7671279999999,108.871794,336.48719,157.880338666666,56.4485766666666,0,5.9549,80.555,26.53,77.29,2.67,26.55,79.64,2.39
2019,2,Matara,LK32,0.866025403784438,0.5,0,0,0,1,181.410259,166.632473333333,386.025646666666,144.68059,52.5384615,108.871794,61.512818,42.7671279999999,0,5.9549,80.555,27.2,79.91,3.24,26.53,77.29,2.67
2019,3,Matara,LK32,1.0,6.12323399573676e-17,1,0,0,0,69.076922,87.79487,315.940176666666,49.4893746666666,181.410259,52.5384615,166.632473333333,144.68059,0,5.9549,80.555,27.87,75.29,2.95,27.2,79.91,3.24
2019,4,Matara,LK32,0.866025403784438,-0.499999999999999,1,0,0,0,196.743593,115.529914333333,369.957246666666,93.7633966666666,69.076922,181.410259,87.79487,49.4893746666666,0,5.9549,80.555,28.56,76.58,2.36,27.87,75.29,2.95
2019,5,Matara,LK32,0.499999999999999,-0.866025403784438,0,1,0,0,212.230762,213.427343333333,416.75215,62.9307133333333,196.743593,69.076922,115.529914333333,93.7633966666666,0,5.9549,80.555,28.34,82.62,4.46,28.56,76.58,2.36
2019,6,Matara,LK32,1.22464679914735e-16,-1.0,0,1,0,0,401.153855,407.641036666666,736.598266666666,160.83037,212.230762,196.743593,213.427343333333,62.9307133333333,0,5.9549,80.555,28.31,81.56,5.46,28.34,82.62,4.46
2019,7,Matara,LK32,-0.499999999999999,-0.866025403784438,0,1,0,0,151.4359,197.67522,818.743583333333,106.89347,401.153855,212.230762,407.641036666666,160.83037,0,5.9549,80.555,27.59,82.21,4.92,28.31,81.56,5.46
2019,8,Matara,LK32,-0.866025403784438,-0.5,0,1,0,0,438.999998,324.803426666666,930.119683333333,298.394622,151.4359,401.153855,197.67522,106.89347,0,5.9549,80.555,27.2,82.94,5.43,27.59,82.21,4.92
2019,9,Matara,LK32,-1.0,-1.83697019872102e-16,0,1,0,0,884.974369999999,696.521356666666,1219.00013333333,346.54865,438.999998,151.4359,324.803426666666,298.394622,0,5.9549,80.555,26.92,84.94,4.15,27.2,82.94,5.43
2019,10,Matara,LK32,-0.866025403784438,0.5,0,0,1,0,551.153849999999,660.666666666666,1681.9914,164.69813,884.974369999999,438.999998,696.521356666666,346.54865,0,5.9549,80.555,26.51,85.04,2.82,26.92,84.94,4.15
2019,11,Matara,LK32,-0.5,0.866025403784438,0,0,1,0,335.384614,453.273493333333,1810.46143333333,92.2486663333333,551.153849999999,884.974369999999,660.666666666666,164.69813,0,5.9549,80.555,26.93,85.19,3.02,26.51,85.04,2.82
2019,12,Matara,LK32,-2.4492935982947e-16,1.0,0,0,0,1,250.948716,303.410263333333,1417.3504,120.271273333333,335.384614,551.153849999999,453.273493333333,92.2486663333333,0,5.9549,80.555,26.68,85.34,3.47,26.93,85.19,3.02
2020,1,Matara,LK32,0.499999999999999,0.866025403784438,0,0,0,1,60.256409,105.50427,862.187966666666,47.3748423333333,250.948716,335.384614,303.410263333333,120.271273333333,0,5.9549,80.555,26.77,80.71,3.58,26.68,85.34,3.47
2020,2,Matara,LK32,0.866025403784438,0.5,0,0,0,1,38.23077,45.5470083333333,454.461586666666,41.3880626666666,60.256409,250.948716,105.50427,47.3748423333333,0,5.9549,80.555,26.93,79.61,3.84,26.77,80.71,3.58
2020,3,Matara,LK32,1.0,6.12323399573676e-17,1,0,0,0,67.6666669999999,56.5384616666666,207.589723333333,46.7029126666666,38.23077,60.256409,45.5470083333333,41.3880626666666,0,5.9549,80.555,27.7,77.71,2.85,26.93,79.61,3.84
2020,4,Matara,LK32,0.866025403784438,-0.499999999999999,1,0,0,0,184.538459,118.367518666666,220.452986666666,87.7931666666666,67.6666669999999,38.23077,56.5384616666666,46.7029126666666,0,5.9549,80.555,28.31,80.09,2.9,27.7,77.71,2.85
2020,5,Matara,LK32,0.499999999999999,-0.866025403784438,0,1,0,0,501.79489,426.811973333333,601.717963333333,136.222493333333,184.538459,67.6666669999999,118.367518666666,87.7931666666666,0,5.9549,80.555,28.27,84.28,4.49,28.31,80.09,2.9
2020,6,Matara,LK32,1.22464679914735e-16,-1.0,0,1,0,0,242.871786999999,285.24787,830.427343333333,113.134337,501.79489,184.538459,426.811973333333,136.222493333333,0,5.9549,80.555,27.72,83.63,5.17,28.27,84.28,4.49
2020,7,Matara,LK32,-0.499999999999999,-0.866025403784438,0,1,0,0,258.948717,289.683766666666,1001.74359666666,176.469341333333,242.871786999999,501.79489,285.24787,113.134337,0,5.9549,80.555,27.01,84.63,4.71,27.72,83.63,5.17
2020,8,Matara,LK32,-0.866025403784438,-0.5,0,1,0,0,192.871794,261.735036666666,836.66664,163.732279666666,258.948717,242.871786999999,289.683766666666,176.469341333333,0,5.9549,80.555,27.08,84.4,4.6,27.01,84.63,4.71
2020,9,Matara,LK32,-1.0,-1.83697019872102e-16,0,1,0,0,434.10255,309.478626666666,860.89739,177.38734,192.871794,258.948717,261.735036666666,163.732279666666,0,5.9549,80.555,26.89,84.98,5.1,27.08,84.4,4.6
2020,10,Matara,LK32,-0.866025403784438,0.5,0,0,1,0,112.102566,223.726496666666,794.94015,37.9054113333333,434.10255,192.871794,309.478626666666,177.38734,0,5.9549,80.555,27.05,84.89,4.9,26.89,84.98,5.1
2020,11,Matara,LK32,-0.5,0.866025403784438,0,0,1,0,279.230765,242.034186666666,775.239299999999,77.669481,112.102566,434.10255,223.726496666666,37.9054113333333,0,5.9549,80.555,27.14,83.31,2.7,27.05,84.89,4.9
2020,12,Matara,LK32,-2.4492935982947e-16,1.0,0,0,0,1,145.743593,171.649573333333,637.410266666666,74.6533549999999,279.230765,112.102566,242.034186666666,77.669481,0,5.9549,80.555,26.71,82.67,2.86,27.14,83.31,2.7
2021,1,Matara,LK32,0.499999999999999,0.866025403784438,0,0,0,1,227.384614,213.470083333333,627.153866666666,152.185846666666,145.743593,279.230765,171.649573333333,74.6533549999999,0,5.9549,80.555,26.28,82.76,2.67,26.71,82.67,2.86
2021,2,Matara,LK32,0.866025403784438,0.5,0,0,0,1,90.2307699999999,133.102566666666,518.22221,79.8669713333333,227.384614,145.743593,213.470083333333,152.185846666666,0,5.9549,80.555,26.87,80.05,2.86,26.28,82.76,2.67
2021,3,Matara,LK32,1.0,6.12323399573676e-17,1,0,0,0,216.179484,156.136746666666,502.709383333333,132.954173333333,90.2307699999999,227.384614,133.102566666666,79.8669713333333,0,5.9549,80.555,26.95,79.68,2.98,26.87,80.05,2.86
2021,4,Matara,LK32,0.866025403784438,-0.499999999999999,1,0,0,0,162.333338,164.16239,453.401716666666,78.9034373333333,216.179484,90.2307699999999,156.136746666666,132.954173333333,0,5.9549,80.555,27.89,81.11,2.9,26.95,79.68,2.98
2021,5,Matara,LK32,0.499999999999999,-0.866025403784438,0,1,0,0,537.89743,439.008553333333,759.307726666666,148.58113,162.333338,216.179484,164.16239,78.9034373333333,0,5.9549,80.555,28.01,83.32,4.18,27.89,81.11,2.9
2021,6,Matara,LK32,1.22464679914735e-16,-1.0,0,1,0,0,290.333342,408.572646666666,1011.7436,116.737103333333,537.89743,162.333338,439.008553333333,148.58113,0,5.9549,80.555,27.41,84.71,5.24,28.01,83.32,4.18
2021,7,Matara,LK32,-0.499999999999999,-0.866025403784438,0,1,0,0,315.769218,289.786326666666,1137.3675,214.13547,290.333342,537.89743,408.572646666666,116.737103333333,0,5.9549,80.555,27.1,85.9,5.56,27.41,84.71,5.24
2021,8,Matara,LK32,-0.866025403784438,-0.5,0,1,0,0,194.102564,180.786326666666,879.145336666666,119.992502,315.769218,290.333342,289.786326666666,214.13547,0,5.9549,80.555,26.66,86.66,5.02,27.1,85.9,5.56
2021,9,Matara,LK32,-1.0,-1.83697019872102e-16,0,1,0,0,230.307698,242.111116666666,712.683743333333,95.7326946666666,194.102564,315.769218,180.786326666666,119.992502,0,5.9549,80.555,27.04,85.92,5.1,26.66,86.66,5.02
2021,10,Matara,LK32,-0.866025403784438,0.5,0,0,1,0,361.897428,322.085463333333,744.98297,116.769054666666,230.307698,194.102564,242.111116666666,95.7326946666666,0,5.9549,80.555,27.0,85.75,4.36,27.04,85.92,5.1
2021,11,Matara,LK32,-0.5,0.866025403784438,0,0,1,0,396.153862,394.974369999999,959.170946666666,108.788636666666,361.897428,230.307698,322.085463333333,116.769054666666,0,5.9549,80.555,26.81,84.37,4.11,27.0,85.75,4.36
2021,12,Matara,LK32,-2.4492935982947e-16,1.0,0,0,0,1,190.487179,280.119666666666,997.179433333333,90.0846803333333,396.153862,361.897428,394.974369999999,108.788636666666,0,5.9549,80.555,26.72,82.11,2.92,26.81,84.37,4.11
2022,1,Matara,LK32,0.499999999999999,0.866025403784438,0,0,0,1,93.102566,112.06838,787.162413333333,67.341132,190.487179,396.153862,280.119666666666,90.0846803333333,0,5.9549,80.555,26.64,80.98,2.66,26.72,82.11,2.92
2022,2,Matara,LK32,0.866025403784438,0.5,0,0,0,1,119.307694,93.59829,485.786366666666,104.916079333333,93.102566,190.487179,112.06838,67.341132,0,5.9549,80.555,26.58,79.21,2.47,26.64,80.98,2.66
2022,3,Matara,LK32,1.0,6.12323399573676e-17,1,0,0,0,164.948716,161.598286666666,367.26495,102.133623333333,119.307694,93.102566,93.59829,104.916079333333,0,5.9549,80.555,27.44,80.23,2.81,26.58,79.21,2.47
2022,4,Matara,LK32,0.866025403784438,-0.499999999999999,1,0,0,0,226.410256,198.48718,453.683739999999,108.408556666666,164.948716,119.307694,161.598286666666,102.133623333333,0,5.9549,80.555,27.8,82.88,2.73,27.44,80.23,2.81
2022,5,Matara,LK32,0.499999999999999,-0.866025403784438,0,1,0,0,557.56411,417.324783333333,777.410246666666,154.705126666666,226.410256,164.948716,198.48718,108.408556666666,0,5.9549,80.555,27.67,86.53,5.44,27.8,82.88,2.73
2022,6,Matara,LK32,1.22464679914735e-16,-1.0,0,1,0,0,195.000003,354.247863333333,970.059833333333,83.6886976666666,557.56411,226.410256,417.324783333333,154.705126666666,0,5.9549,80.555,27.14,85.91,5.29,27.67,86.53,5.44
2022,7,Matara,LK32,-0.499999999999999,-0.866025403784438,0,1,0,0,202.487183,150.427351666666,921.999976666666,141.586708666666,195.000003,557.56411,354.247863333333,83.6886976666666,0,5.9549,80.555,26.72,85.93,5.23,27.14,85.91,5.29
2022,8,Matara,LK32,-0.866025403784438,-0.5,0,1,0,0,263.461532,262.24787,766.923089999999,176.991256,202.487183,195.000003,150.427351666666,141.586708666666,0,5.9549,80.555,26.28,87.08,5.34,26.72,85.93,5.23
2022,9,Matara,LK32,-1.0,-1.83697019872102e-16,0,1,0,0,94.4358954,185.58119,598.25645,46.18638,263.461532,202.487183,262.24787,176.991256,0,5.9549,80.555,26.74,84.71,5.08,26.28,87.08,5.34
2022,10,Matara,LK32,-0.866025403784438,0.5,0,0,1,0,418.02564,241.66666,689.495699999999,120.908559,94.4358954,263.461532,185.58119,46.18638,0,5.9549,80.555,26.85,83.48,4.75,26.74,84.71,5.08
2022,11,Matara,LK32,-0.5,0.866025403784438,0,0,1,0,296.435898,423.418793333333,850.6666,82.50862,418.02564,94.4358954,241.66666,120.908559,0,5.9549,80.555,26.67,81.76,2.69,26.85,83.48,4.75
2022,12,Matara,LK32,-2.4492935982947e-16,1.0,0,0,0,1,235.153844,238.948713333333,904.034113333333,113.874245333333,296.435898,418.02564,423.418793333333,82.50862,0,5.9549,80.555,26.31,82.69,3.31,26.67,81.76,2.69
2023,1,Matara,LK32,0.499999999999999,0.866025403784438,0,0,0,1,138.076923,139.273499999999,801.640933333333,96.6852443333333,235.153844,296.435898,238.948713333333,113.874245333333,0,5.9549,80.555,25.83,79.92,3.31,26.31,82.69,3.31
2023,2,Matara,LK32,0.866025403784438,0.5,0,0,0,1,242.794868,259.6923,637.914526666666,193.841363333333,138.076923,235.153844,139.273499999999,96.6852443333333,0,5.9549,80.555,26.36,80.97,3.24,25.83,79.92,3.31
2023,3,Matara,LK32,1.0,6.12323399573676e-17,1,0,0,0,343.358978,302.606843333333,701.5726,205.868103333333,242.794868,138.076923,259.6923,193.841363333333,0,5.9549,80.555,27.39,80.98,2.94,26.36,80.97,3.24
2023,4,Matara,LK32,0.866025403784438,-0.499999999999999,1,0,0,0,185.666663,185.410253333333,747.709366666666,87.7263513333333,343.358978,242.794868,302.606843333333,205.868103333333,0,5.9549,80.555,28.24,79.26,2.33,27.39,80.98,2.94
2023,5,Matara,LK32,0.499999999999999,-0.866025403784438,0,1,0,0,932.74359,796.111066666666,1284.12816666666,250.716473333333,185.666663,343.358978,185.410253333333,87.7263513333333,0,5.9549,80.555,27.97,85.0,4.38,28.24,79.26,2.33
2023,6,Matara,LK32,1.22464679914735e-16,-1.0,0,1,0,0,264.948715,411.487159999999,1393.0086,111.638034666666,932.74359,185.666663,796.111066666666,250.716473333333,0,5.9549,80.555,27.81,85.17,5.51,27.97,85.0,4.38
2023,7,Matara,LK32,-0.499999999999999,-0.866025403784438,0,1,0,0,150.897439,192.811966666666,1400.41023333333,107.442073333333,264.948715,932.74359,411.487159999999,111.638034666666,0,5.9549,80.555,27.22,86.91,5.12,27.81,85.17,5.51
2023,8,Matara,LK32,-0.866025403784438,-0.5,0,1,0,0,173.871799,112.145301333333,716.444443333333,103.973877666666,150.897439,264.948715,192.811966666666,107.442073333333,0,5.9549,80.555,27.69,83.36,5.08,27.22,86.91,5.12
2023,9,Matara,LK32,-1.0,-1.83697019872102e-16,0,1,0,0,646.89745,557.615396666666,862.572623333333,268.424653333333,173.871799,150.897439,112.145301333333,103.973877666666,0,5.9549,80.555,27.3,84.68,5.01,27.69,83.36,5.08
2023,10,Matara,LK32,-0.866025403784438,0.5,0,0,1,0,814.23075,780.974383333333,1450.73506666666,259.387606666666,646.89745,173.871799,557.615396666666,268.424653333333,0,5.9549,80.555,26.89,85.36,3.07,27.3,84.68,5.01
2023,11,Matara,LK32,-0.5,0.866025403784438,0,0,1,0,456.71793,539.119676666666,1877.7094,124.677113333333,814.23075,646.89745,780.974383333333,259.387606666666,0,5.9549,80.555,27.17,83.99,2.04,26.89,85.36,3.07
2023,12,Matara,LK32,-2.4492935982947e-16,1.0,0,0,0,1,420.10257,447.794866666666,1767.88886666666,196.513606666666,456.71793,814.23075,539.119676666666,124.677113333333,0,5.9549,80.555,27.14,86.42,3.38,27.17,83.99,2.04
2024,1,Matara,LK32,0.499999999999999,0.866025403784438,0,0,0,1,319.923062999999,394.239333333333,1381.1539,205.516649333333,420.10257,456.71793,447.794866666666,196.513606666666,0,5.9549,80.555,26.7,82.73,3.03,27.14,86.42,3.38
2024,2,Matara,LK32,0.866025403784438,0.5,0,0,0,1,44.051283,66.5042749999999,908.538456666666,45.8103753333333,319.923062999999,420.10257,394.239333333333,205.516649333333,0,5.9549,80.555,27.33,82.61,3.94,26.7,82.73,3.03
2024,3,Matara,LK32,1.0,6.12323399573676e-17,1,0,0,0,83.410258,54.7692306666666,515.51282,56.3196593333333,44.051283,319.923062999999,66.5042749999999,45.8103753333333,0,5.9549,80.555,28.03,78.38,2.65,27.33,82.61,3.94
2024,4,Matara,LK32,0.866025403784438,-0.499999999999999,1,0,0,0,183.538463999999,151.8547,273.128203333333,88.71198,83.410258,44.051283,54.7692306666666,56.3196593333333,0,5.9549,80.555,28.89,81.27,2.45,28.03,78.38,2.65
2024,5,Matara,LK32,0.499999999999999,-0.866025403784438,0,1,0,0,358.948722,326.598289999999,533.222236666666,98.3939176666666,183.538463999999,83.410258,151.8547,88.71198,0,5.9549,80.555,28.63,84.27,4.76,28.89,81.27,2.45
2024,6,Matara,LK32,1.22464679914735e-16,-1.0,0,1,0,0,168.512817999999,231.811966666666,710.264933333333,71.782108,358.948722,183.538463999999,326.598289999999,98.3939176666666,0,5.9549,80.555,27.97,85.06,5.23,28.63,84.27,4.76
2024,7,Matara,LK32,-0.499999999999999,-0.866025403784438,0,1,0,0,119.589743,120.111111666666,678.521383333333,87.0110266666666,168.512817999999,358.948722,231.811966666666,71.782108,0,5.9549,80.555,27.78,84.9,4.81,27.97,85.06,5.23
2024,8,Matara,LK32,-0.866025403784438,-0.5,0,1,0,0,281.153853999999,198.769241666666,550.692296666666,172.329468333333,119.589743,168.512817999999,120.111111666666,87.0110266666666,0,5.9549,80.555,27.48,84.17,4.72,27.78,84.9,4.81
2024,9,Matara,LK32,-1.0,-1.83697019872102e-16,0,1,0,0,219.025637,249.213666666666,568.093999999999,89.0742543333333,281.153853999999,119.589743,198.769241666666,172.329468333333,0,5.9549,80.555,27.81,83.88,5.34,27.48,84.17,4.72
2024,10,Matara,LK32,-0.866025403784438,0.5,0,0,1,0,340.487176,308.957263333333,756.940133333333,107.392242,219.025637,281.153853999999,249.213666666666,89.0742543333333,0,5.9549,80.555,27.48,84.52,4.25,27.81,83.88,5.34
2024,11,Matara,LK32,-0.5,0.866025403784438,0,0,1,0,446.282054,414.658103333333,972.829033333333,121.56783,340.487176,219.025637,308.957263333333,107.392242,0,5.9549,80.555,27.33,83.93,3.4,27.48,84.52,4.25
2024,12,Matara,LK32,-2.4492935982947e-16,1.0,0,0,0,1,178.307689999999,257.965816666666,981.581223333333,92.6092043333333,446.282054,340.487176,414.658103333333,121.56783,0,5.9549,80.555,27.25,82.78,2.67,27.33,83.93,3.4
2017,1,Hambantota,LK33,0.499999999999999,0.866025403784438,0,0,0,1,120.470585599999,66.8901943333333,412.03139,95.5741126666666,182.489073428571,265.889071285714,217.659942619047,101.619077380952,1,6.1429,81.1212,26.27,78.3,4.0,26.872857142857146,83.88,3.914285714285714
2017,2,Hambantota,LK33,0.866025403784438,0.5,0,0,0,1,86.1411768,114.356863,304.99215,125.464458333333,120.470585599999,182.489073428571,66.8901943333333,95.5741126666666,1,6.1429,81.1212,26.79,76.75,4.25,26.27,78.3,4.0
2017,3,Hambantota,LK33,1.0,6.12323399573676e-17,1,0,0,0,89.611764,112.717643333333,293.964696666666,108.51166,86.1411768,120.470585599999,114.356863,125.464458333333,0,6.1429,81.1212,27.45,79.05,2.65,26.79,76.75,4.25
2017,4,Hambantota,LK33,0.866025403784438,-0.499999999999999,1,0,0,0,71.529409,75.8392119999999,302.913706666666,61.532421,89.611764,86.1411768,112.717643333333,108.51166,1,6.1429,81.1212,28.58,80.26,4.11,27.45,79.05,2.65
2017,5,Hambantota,LK33,0.499999999999999,-0.866025403784438,0,1,0,0,221.388234999999,131.639215,320.196073333333,169.55703,71.529409,89.611764,75.8392119999999,61.532421,0,6.1429,81.1212,28.27,82.86,5.1,28.58,80.26,4.11
2017,6,Hambantota,LK33,1.22464679914735e-16,-1.0,0,1,0,0,40.22353,135.082346666666,342.5608,68.223714,221.388234999999,71.529409,131.639215,169.55703,0,6.1429,81.1212,27.54,85.29,6.17,28.27,82.86,5.1
2017,7,Hambantota,LK33,-0.499999999999999,-0.866025403784438,0,1,0,0,28.9882357,29.2352943333333,295.956876666666,73.138075,40.22353,221.388234999999,135.082346666666,68.223714,0,6.1429,81.1212,27.68,84.07,6.08,27.54,85.29,6.17
2017,8,Hambantota,LK33,-0.866025403784438,-0.5,0,1,0,0,91.388238,75.8470613333333,240.1647,145.748739,28.9882357,40.22353,29.2352943333333,73.138075,0,6.1429,81.1212,27.54,83.46,6.15,27.68,84.07,6.08
2017,9,Hambantota,LK33,-1.0,-1.83697019872102e-16,0,1,0,0,71.67059,85.2705916666666,190.352946666666,116.472956666666,91.388238,28.9882357,75.8470613333333,145.748739,0,6.1429,81.1212,27.33,83.81,5.77,27.54,83.46,6.15
2017,10,Hambantota,LK33,-0.866025403784438,0.5,0,0,1,0,133.364705,98.0509766666666,259.16863,83.498112,71.67059,91.388238,85.2705916666666,116.472956666666,0,6.1429,81.1212,27.64,83.88,5.06,27.33,83.81,5.77
2017,11,Hambantota,LK33,-0.5,0.866025403784438,0,0,1,0,343.447057999999,251.007853333333,434.329416666666,122.32952,133.364705,71.67059,98.0509766666666,83.498112,0,6.1429,81.1212,27.12,83.35,3.41,27.64,83.88,5.06
2017,12,Hambantota,LK33,-2.4492935982947e-16,1.0,0,0,0,1,130.176468,236.321569999999,585.380413333333,74.1758913333333,343.447057999999,133.364705,251.007853333333,122.32952,0,6.1429,81.1212,26.79,81.96,3.52,27.12,83.35,3.41
2018,1,Hambantota,LK33,0.499999999999999,0.866025403784438,0,0,0,1,54.658825,58.6627469999999,545.992166666666,48.930299,130.176468,343.447057999999,236.321569999999,74.1758913333333,0,6.1429,81.1212,26.15,80.25,3.58,26.79,81.96,3.52
2018,2,Hambantota,LK33,0.866025403784438,0.5,0,0,0,1,71.682353,76.7882366666666,371.772563333333,99.2794516666666,54.658825,130.176468,58.6627469999999,48.930299,0,6.1429,81.1212,26.48,83.06,4.55,26.15,80.25,3.58
2018,3,Hambantota,LK33,1.0,6.12323399573676e-17,1,0,0,0,107.141174,102.439214666666,237.890196666666,124.101028,71.682353,54.658825,76.7882366666666,99.2794516666666,0,6.1429,81.1212,27.54,81.14,3.61,26.48,83.06,4.55
2018,4,Hambantota,LK33,0.866025403784438,-0.499999999999999,1,0,0,0,159.705885,139.564706666666,318.792166666666,123.840915333333,107.141174,71.682353,102.439214666666,124.101028,0,6.1429,81.1212,28.12,81.15,2.69,27.54,81.14,3.61
2018,5,Hambantota,LK33,0.499999999999999,-0.866025403784438,0,1,0,0,283.4,240.737253333333,482.7412,199.38537,159.705885,107.141174,139.564706666666,123.840915333333,0,6.1429,81.1212,27.83,85.73,4.65,28.12,81.15,2.69
2018,6,Hambantota,LK33,1.22464679914735e-16,-1.0,0,1,0,0,53.470588,129.498046666666,509.799983333333,85.8897683333333,283.4,159.705885,240.737253333333,199.38537,1,6.1429,81.1212,27.12,88.33,5.96,27.83,85.73,4.65
2018,7,Hambantota,LK33,-0.499999999999999,-0.866025403784438,0,1,0,0,29.4470581,37.6039216666666,407.839196666666,74.050362,53.470588,283.4,129.498046666666,85.8897683333333,0,6.1429,81.1212,26.98,86.32,6.14,27.12,88.33,5.96
2018,8,Hambantota,LK33,-0.866025403784438,-0.5,0,1,0,0,48.611765,41.8509813333333,208.952953333333,86.501392,29.4470581,53.470588,37.6039216666666,74.050362,0,6.1429,81.1212,26.5,87.18,5.95,26.98,86.32,6.14
2018,9,Hambantota,LK33,-1.0,-1.83697019872102e-16,0,1,0,0,69.3294146,44.4078436666666,123.862748666666,92.2803513333333,48.611765,29.4470581,41.8509813333333,86.501392,0,6.1429,81.1212,27.18,82.25,5.12,26.5,87.18,5.95
2018,10,Hambantota,LK33,-0.866025403784438,0.5,0,0,1,0,246.54118,191.784313333333,278.043143333333,147.314893333333,69.3294146,48.611765,44.4078436666666,92.2803513333333,0,6.1429,81.1212,27.04,83.08,3.39,27.18,82.25,5.12
2018,11,Hambantota,LK33,-0.5,0.866025403784438,0,0,1,0,222.105878,280.376466666666,516.56866,81.5879226666666,246.54118,69.3294146,191.784313333333,147.314893333333,0,6.1429,81.1212,27.07,82.74,2.82,27.04,83.08,3.39
2018,12,Hambantota,LK33,-2.4492935982947e-16,1.0,0,0,0,1,111.164705,127.901956666666,600.062756666666,63.866939,222.105878,246.54118,280.376466666666,81.5879226666666,0,6.1429,81.1212,26.72,81.58,3.23,27.07,82.74,2.82
2019,1,Hambantota,LK33,0.499999999999999,0.866025403784438,0,0,0,1,39.0000001,43.247059,451.52544,37.8504716666666,111.164705,222.105878,127.901956666666,63.866939,0,6.1429,81.1212,26.35,81.26,4.73,26.72,81.58,3.23
2019,2,Hambantota,LK33,0.866025403784438,0.5,0,0,0,1,140.294122,127.04706,298.196073333333,165.189586666666,39.0000001,111.164705,43.247059,37.8504716666666,0,6.1429,81.1212,27.33,81.15,4.17,26.35,81.26,4.73
2019,3,Hambantota,LK33,1.0,6.12323399573676e-17,1,0,0,0,39.858824,58.7647066666666,229.058823333333,56.47163,140.294122,39.0000001,127.04706,165.189586666666,0,6.1429,81.1212,28.14,75.87,3.71,27.33,81.15,4.17
2019,4,Hambantota,LK33,0.866025403784438,-0.499999999999999,1,0,0,0,117.141179,70.3960773333333,256.20785,93.7683636666666,39.858824,140.294122,58.7647066666666,56.47163,0,6.1429,81.1212,28.96,74.9,2.55,28.14,75.87,3.71
2019,5,Hambantota,LK33,0.499999999999999,-0.866025403784438,0,1,0,0,90.211766,104.505883333333,233.666666666666,75.578101,117.141179,39.858824,70.3960773333333,93.7683636666666,0,6.1429,81.1212,28.79,81.63,5.48,28.96,74.9,2.55
2019,6,Hambantota,LK33,1.22464679914735e-16,-1.0,0,1,0,0,101.670587,125.462735333333,300.364686666666,137.194063333333,90.211766,117.141179,104.505883333333,75.578101,0,6.1429,81.1212,28.79,80.34,6.49,28.79,81.63,5.48
2019,7,Hambantota,LK33,-0.499999999999999,-0.866025403784438,0,1,0,0,53.364706,56.0509803333333,286.01959,113.952246666666,101.670587,90.211766,125.462735333333,137.194063333333,0,6.1429,81.1212,28.13,81.0,5.97,28.79,80.34,6.49
2019,8,Hambantota,LK33,-0.866025403784438,-0.5,0,1,0,0,176.22352,134.349008333333,315.86274,266.34655,53.364706,101.670587,56.0509803333333,113.952246666666,0,6.1429,81.1212,27.7,81.65,6.5,28.13,81.0,5.97
2019,9,Hambantota,LK33,-1.0,-1.83697019872102e-16,0,1,0,0,236.62353,202.545103333333,392.945096666666,314.460396666666,176.22352,53.364706,134.349008333333,266.34655,0,6.1429,81.1212,27.34,84.2,5.0,27.7,81.65,6.5
2019,10,Hambantota,LK33,-0.866025403784438,0.5,0,0,1,0,329.48235,271.968623333333,608.862713333333,181.966816666666,236.62353,176.22352,202.545103333333,314.460396666666,0,6.1429,81.1212,26.87,84.53,3.18,27.34,84.2,5.0
2019,11,Hambantota,LK33,-0.5,0.866025403784438,0,0,1,0,249.188238,290.705883333333,765.219563333333,89.9880373333333,329.48235,236.62353,271.968623333333,181.966816666666,0,6.1429,81.1212,27.26,84.73,3.47,26.87,84.53,3.18
2019,12,Hambantota,LK33,-2.4492935982947e-16,1.0,0,0,0,1,226.717643,286.79608,849.47062,121.680748999999,249.188238,329.48235,290.705883333333,89.9880373333333,0,6.1429,81.1212,26.93,85.73,4.36,27.26,84.73,3.47
2020,1,Hambantota,LK33,0.499999999999999,0.866025403784438,0,0,0,1,46.3882347,72.6666693333333,650.168666666666,42.5531843333333,226.717643,249.188238,286.79608,121.680748999999,1,6.1429,81.1212,26.93,81.84,4.84,26.93,85.73,4.36
2020,2,Hambantota,LK33,0.866025403784438,0.5,0,0,0,1,30.4823536,41.1137243333333,400.57647,52.6614243333333,46.3882347,226.717643,72.6666693333333,42.5531843333333,0,6.1429,81.1212,27.06,80.37,5.15,26.93,81.84,4.84
2020,3,Hambantota,LK33,1.0,6.12323399573676e-17,1,0,0,0,37.1882356,34.9882353333333,148.76862,51.9386023333333,30.4823536,46.3882347,41.1137243333333,52.6614243333333,0,6.1429,81.1212,28.05,76.37,3.55,27.06,80.37,5.15
2020,4,Hambantota,LK33,0.866025403784438,-0.499999999999999,1,0,0,0,97.094119,62.1372556666666,138.239214666666,79.4830213333333,37.1882356,30.4823536,34.9882353333333,51.9386023333333,0,6.1429,81.1212,28.73,78.64,3.19,28.05,76.37,3.55
2020,5,Hambantota,LK33,0.499999999999999,-0.866025403784438,0,1,0,0,251.376472999999,212.48235,309.607826666666,178.024836666666,97.094119,37.1882356,62.1372556666666,79.4830213333333,0,6.1429,81.1212,28.63,83.93,5.19,28.73,78.64,3.19
2020,6,Hambantota,LK33,1.22464679914735e-16,-1.0,0,1,0,0,69.670586,121.690202,396.309793333333,115.438317666666,251.376472999999,97.094119,212.48235,178.024836666666,0,6.1429,81.1212,28.06,83.39,5.92,28.63,83.93,5.19
2020,7,Hambantota,LK33,-0.499999999999999,-0.866025403784438,0,1,0,0,89.02353,92.3137216666666,426.486286666666,172.22058,69.670586,251.376472999999,121.690202,115.438317666666,0,6.1429,81.1212,27.53,83.9,5.55,28.06,83.39,5.92
2020,8,Hambantota,LK33,-0.866025403784438,-0.5,0,1,0,0,83.5294123,102.635293333333,316.63921,148.001418333333,89.02353,69.670586,92.3137216666666,172.22058,0,6.1429,81.1212,27.56,83.33,5.58,27.53,83.9,5.55
2020,9,Hambantota,LK33,-1.0,-1.83697019872102e-16,0,1,0,0,130.188236,101.905882,296.854893333333,185.282653333333,83.5294123,89.02353,102.635293333333,148.001418333333,0,6.1429,81.1212,27.33,84.25,6.0,27.56,83.33,5.58
2020,10,Hambantota,LK33,-0.866025403784438,0.5,0,0,1,0,68.482353,80.95294,285.4941,45.642794,130.188236,83.5294123,101.905882,185.282653333333,0,6.1429,81.1212,27.45,84.34,5.59,27.33,84.25,6.0
2020,11,Hambantota,LK33,-0.5,0.866025403784438,0,0,1,0,219.529409999999,192.301963333333,375.160773333333,80.271532,68.482353,130.188236,80.95294,45.642794,0,6.1429,81.1212,27.43,83.18,3.1,27.45,84.34,5.59
2020,12,Hambantota,LK33,-2.4492935982947e-16,1.0,0,0,0,1,109.117645,130.741175,403.99606,64.931006,219.529409999999,68.482353,192.301963333333,80.271532,0,6.1429,81.1212,26.82,84.12,3.89,27.43,83.18,3.1
2021,1,Hambantota,LK33,0.499999999999999,0.866025403784438,0,0,0,1,195.070584,184.98823,508.03135,142.134440666666,109.117645,219.529409999999,130.741175,64.931006,0,6.1429,81.1212,26.43,84.44,3.66,26.82,84.12,3.89
2021,2,Hambantota,LK33,0.866025403784438,0.5,0,0,0,1,74.882351,110.470588333333,426.200016666666,90.7840423333333,195.070584,109.117645,184.98823,142.134440666666,0,6.1429,81.1212,26.87,82.63,4.49,26.43,84.44,3.66
2021,3,Hambantota,LK33,1.0,6.12323399573676e-17,1,0,0,0,159.588232,103.086272666666,398.545096666666,176.419602,74.882351,195.070584,110.470588333333,90.7840423333333,0,6.1429,81.1212,27.21,80.38,3.63,26.87,82.63,4.49
2021,4,Hambantota,LK33,0.866025403784438,-0.499999999999999,1,0,0,0,87.6117666,112.81176,326.368616666666,73.0671526666666,159.588232,74.882351,103.086272666666,176.419602,0,6.1429,81.1212,28.26,80.49,3.34,27.21,80.38,3.63
2021,5,Hambantota,LK33,0.499999999999999,-0.866025403784438,0,1,0,0,229.435303999999,192.49413,408.39216,165.190243333333,87.6117666,159.588232,112.81176,73.0671526666666,0,6.1429,81.1212,28.38,82.41,4.62,28.26,80.49,3.34
2021,6,Hambantota,LK33,1.22464679914735e-16,-1.0,0,1,0,0,63.4,128.870586666666,434.17645,92.411718,229.435303999999,87.6117666,192.49413,165.190243333333,0,6.1429,81.1212,27.84,84.1,6.05,28.38,82.41,4.62
2021,7,Hambantota,LK33,-0.499999999999999,-0.866025403784438,0,1,0,0,93.047059,82.0509833333333,403.415683333333,182.580978,63.4,229.435303999999,128.870586666666,92.411718,0,6.1429,81.1212,27.51,85.54,6.35,27.84,84.1,6.05
2021,8,Hambantota,LK33,-0.866025403784438,-0.5,0,1,0,0,94.941176,72.968632,283.890186666666,142.544056666666,93.047059,63.4,82.0509833333333,182.580978,0,6.1429,81.1212,27.02,86.24,5.9,27.51,85.54,6.35
2021,9,Hambantota,LK33,-1.0,-1.83697019872102e-16,0,1,0,0,69.400001,86.70196,241.721583333333,102.013282,94.941176,93.047059,72.968632,142.544056666666,0,6.1429,81.1212,27.42,85.48,5.94,27.02,86.24,5.9
2021,10,Hambantota,LK33,-0.866025403784438,0.5,0,0,1,0,186.317654,141.172553333333,300.843159999999,113.579175,69.400001,94.941176,86.70196,102.013282,0,6.1429,81.1212,27.44,84.88,4.89,27.42,85.48,5.94
2021,11,Hambantota,LK33,-0.5,0.866025403784438,0,0,1,0,301.62351,273.027446666666,500.901976666666,108.30752,186.317654,69.400001,141.172553333333,113.579175,0,6.1429,81.1212,27.26,83.69,4.57,27.44,84.88,4.89
2021,12,Hambantota,LK33,-2.4492935982947e-16,1.0,0,0,0,1,141.10588,214.21176,628.411776666666,77.4811083333333,301.62351,186.317654,273.027446666666,108.30752,0,6.1429,81.1212,26.91,83.52,4.24,27.26,83.69,4.57
2022,1,Hambantota,LK33,0.499999999999999,0.866025403784438,0,0,0,1,63.7294105,81.7137233333333,568.9529,51.9399933333333,141.10588,301.62351,214.21176,77.4811083333333,0,6.1429,81.1212,26.68,82.65,3.77,26.91,83.52,4.24
2022,2,Hambantota,LK33,0.866025403784438,0.5,0,0,0,1,80.082351,65.8274466666666,361.752916666666,107.020771666666,63.7294105,141.10588,81.7137233333333,51.9399933333333,0,6.1429,81.1212,26.68,81.47,3.84,26.68,82.65,3.77
2022,3,Hambantota,LK33,1.0,6.12323399573676e-17,1,0,0,0,106.494121,101.258825,248.799986666666,122.103003333333,80.082351,63.7294105,65.8274466666666,107.020771666666,0,6.1429,81.1212,27.69,81.11,3.59,26.68,81.47,3.84
2022,4,Hambantota,LK33,0.866025403784438,-0.499999999999999,1,0,0,0,133.223529999999,117.615686666666,284.701966666666,105.01533,106.494121,80.082351,101.258825,122.103003333333,0,6.1429,81.1212,28.16,81.98,3.06,27.69,81.11,3.59
2022,5,Hambantota,LK33,0.499999999999999,-0.866025403784438,0,1,0,0,186.741167,160.019606666666,378.894113333333,138.014063333333,133.223529999999,106.494121,117.615686666666,105.01533,0,6.1429,81.1212,28.0,86.13,6.36,28.16,81.98,3.06
2022,6,Hambantota,LK33,1.22464679914735e-16,-1.0,0,1,0,0,54.458825,109.796074666666,387.431376666666,86.512529,186.741167,133.223529999999,160.019606666666,138.014063333333,0,6.1429,81.1212,27.49,85.68,6.07,28.0,86.13,6.36
2022,7,Hambantota,LK33,-0.499999999999999,-0.866025403784438,0,1,0,0,73.317647,49.8980366666666,319.713746666666,143.978428666666,54.458825,186.741167,109.796074666666,86.512529,0,6.1429,81.1212,27.17,85.38,5.77,27.49,85.68,6.07
2022,8,Hambantota,LK33,-0.866025403784438,-0.5,0,1,0,0,130.9647063,121.0,280.694126666666,200.305711,73.317647,54.458825,49.8980366666666,143.978428666666,0,6.1429,81.1212,26.54,87.53,6.01,27.17,85.38,5.77
2022,9,Hambantota,LK33,-1.0,-1.83697019872102e-16,0,1,0,0,32.1411774,75.6156833333333,246.513736666666,61.5662343333333,130.9647063,73.317647,121.0,200.305711,0,6.1429,81.1212,27.13,84.02,6.02,26.54,87.53,6.01
2022,10,Hambantota,LK33,-0.866025403784438,0.5,0,0,1,0,217.176467,124.258822666666,320.874513333333,121.056585333333,32.1411774,130.9647063,75.6156833333333,61.5662343333333,1,6.1429,81.1212,27.33,82.63,5.2,27.13,84.02,6.02
2022,11,Hambantota,LK33,-0.5,0.866025403784438,0,0,1,0,216.38824,276.556863333333,476.431376666666,79.4202863333333,217.176467,32.1411774,124.258822666666,121.056585333333,0,6.1429,81.1212,27.07,80.64,2.82,27.33,82.63,5.2
2022,12,Hambantota,LK33,-2.4492935982947e-16,1.0,0,0,0,1,184.317643,170.999993333333,571.815666666666,104.006851333333,216.38824,217.176467,276.556863333333,79.4202863333333,0,6.1429,81.1212,26.52,83.63,4.04,27.07,80.64,2.82
2023,1,Hambantota,LK33,0.499999999999999,0.866025403784438,0,0,0,1,109.882353,109.819605666666,557.376476666666,87.687679,184.317643,216.38824,170.999993333333,104.006851333333,0,6.1429,81.1212,25.88,83.42,4.97,26.52,83.63,4.04
2023,2,Hambantota,LK33,0.866025403784438,0.5,0,0,0,1,139.635298,171.541176666666,452.3608,157.725211666666,109.882353,184.317643,109.819605666666,87.687679,0,6.1429,81.1212,26.45,83.3,4.99,25.88,83.42,4.97
2023,3,Hambantota,LK33,1.0,6.12323399573676e-17,1,0,0,0,195.282356,173.003926666666,454.36472,216.463318999999,139.635298,109.882353,171.541176666666,157.725211666666,0,6.1429,81.1212,27.7,80.06,3.42,26.45,83.3,4.99
2023,4,Hambantota,LK33,0.866025403784438,-0.499999999999999,1,0,0,0,109.988236,96.6470583333333,441.19219,88.2985823333333,195.282356,139.635298,173.003926666666,216.463318999999,0,6.1429,81.1212,28.61,78.66,2.64,27.7,80.06,3.42
2023,5,Hambantota,LK33,0.499999999999999,-0.866025403784438,0,1,0,0,391.717656,371.22353,640.874533333333,259.498453333333,109.988236,195.282356,96.6470583333333,88.2985823333333,0,6.1429,81.1212,28.4,84.38,5.2,28.61,78.66,2.64
2023,6,Hambantota,LK33,1.22464679914735e-16,-1.0,0,1,0,0,49.3176459999999,109.996082,577.866706666666,80.8842716666666,391.717656,109.988236,371.22353,259.498453333333,0,6.1429,81.1212,28.16,84.74,6.37,28.4,84.38,5.2
2023,7,Hambantota,LK33,-0.499999999999999,-0.866025403784438,0,1,0,0,46.6235293,53.494119,534.7137,104.69588,49.3176459999999,391.717656,109.996082,80.8842716666666,0,6.1429,81.1212,27.47,87.2,5.93,28.16,84.74,6.37
2023,8,Hambantota,LK33,-0.866025403784438,-0.5,0,1,0,0,54.2352927,33.368627,196.858829999999,87.7442323333333,46.6235293,49.3176459999999,53.494119,104.69588,0,6.1429,81.1212,28.07,82.74,6.07,27.47,87.2,5.93
2023,9,Hambantota,LK33,-1.0,-1.83697019872102e-16,0,1,0,0,190.94118,158.850983333333,245.71373,259.154183333333,54.2352927,46.6235293,33.368627,87.7442323333333,0,6.1429,81.1212,27.74,84.1,5.98,28.07,82.74,6.07
2023,10,Hambantota,LK33,-0.866025403784438,0.5,0,0,1,0,385.89411,338.815676666666,531.035273333333,239.893141666666,190.94118,54.2352927,158.850983333333,259.154183333333,0,6.1429,81.1212,27.24,84.94,3.58,27.74,84.1,5.98
2023,11,Hambantota,LK33,-0.5,0.866025403784438,0,0,1,0,308.941165,318.50588,816.17252,110.693143333333,385.89411,190.94118,338.815676666666,239.893141666666,0,6.1429,81.1212,27.53,82.96,2.48,27.24,84.94,3.58
2023,12,Hambantota,LK33,-2.4492935982947e-16,1.0,0,0,0,1,374.82353,356.647063333333,1013.96863333333,205.190996666666,308.941165,385.89411,318.50588,110.693143333333,0,6.1429,81.1212,27.42,86.62,4.12,27.53,82.96,2.48
2024,1,Hambantota,LK33,0.499999999999999,0.866025403784438,0,0,0,1,265.329417,356.709823333333,1031.86273333333,179.460223,374.82353,308.941165,356.647063333333,205.190996666666,0,6.1429,81.1212,26.86,84.32,4.29,27.42,86.62,4.12
2024,2,Hambantota,LK33,0.866025403784438,0.5,0,0,0,1,21.0705885,41.1058839999999,754.46272,40.295944,265.329417,374.82353,356.709823333333,179.460223,0,6.1429,81.1212,27.53,83.24,4.96,26.86,84.32,4.29
2024,3,Hambantota,LK33,1.0,6.12323399573676e-17,1,0,0,0,51.952941,33.6156863333333,431.431403333333,67.6635033333333,21.0705885,265.329417,41.1058839999999,40.295944,0,6.1429,81.1212,28.24,78.69,3.51,27.53,83.24,4.96
2024,4,Hambantota,LK33,0.866025403784438,-0.499999999999999,1,0,0,0,119.72941,95.2666686666666,169.988236666666,95.7290366666666,51.952941,21.0705885,33.6156863333333,67.6635033333333,0,6.1429,81.1212,29.34,79.63,2.69,28.24,78.69,3.51
2024,5,Hambantota,LK33,0.499999999999999,-0.866025403784438,0,1,0,0,147.11765,152.086273333333,280.968623333333,106.29761,119.72941,51.952941,95.2666686666666,95.7290366666666,0,6.1429,81.1212,29.1,83.27,5.36,29.34,79.63,2.69
2024,6,Hambantota,LK33,1.22464679914735e-16,-1.0,0,1,0,0,47.6705879999999,82.3725466666666,329.725493333333,74.6372266666666,147.11765,119.72941,152.086273333333,106.29761,0,6.1429,81.1212,28.36,84.25,6.09,29.1,83.27,5.36
2024,7,Hambantota,LK33,-0.499999999999999,-0.866025403784438,0,1,0,0,29.941176,29.2039213333333,263.66274,74.8002933333333,47.6705879999999,147.11765,82.3725466666666,74.6372266666666,0,6.1429,81.1212,28.09,84.67,5.37,28.36,84.25,6.09
2024,8,Hambantota,LK33,-0.866025403784438,-0.5,0,1,0,0,125.894123,79.3882346666666,190.964703333333,179.960043333333,29.941176,47.6705879999999,29.2039213333333,74.8002933333333,0,6.1429,81.1212,27.97,83.29,5.65,28.09,84.67,5.37
2024,9,Hambantota,LK33,-1.0,-1.83697019872102e-16,0,1,0,0,51.5529425999999,85.1803933333333,193.772543333333,77.771792,125.894123,29.941176,79.3882346666666,179.960043333333,0,6.1429,81.1212,28.29,82.61,6.19,27.97,83.29,5.65
2024,10,Hambantota,LK33,-0.866025403784438,0.5,0,0,1,0,197.823531,149.090198666666,313.658846666666,121.429741999999,51.5529425999999,125.894123,85.1803933333333,77.771792,0,6.1429,81.1212,27.9,84.08,4.99,28.29,82.61,6.19
2024,11,Hambantota,LK33,-0.5,0.866025403784438,0,0,1,0,352.199996,296.960793333333,531.231386666666,125.434714666666,197.823531,51.5529425999999,149.090198666666,121.429741999999,0,6.1429,81.1212,27.73,82.74,3.48,27.9,84.08,4.99
2024,12,Hambantota,LK33,-2.4492935982947e-16,1.0,0,0,0,1,144.658822999999,207.792153333333,653.843113333333,86.3940073333333,352.199996,197.823531,296.960793333333,125.434714666666,0,6.1429,81.1212,27.48,82.9,3.15,27.73,82.74,3.48
2017,1,Jaffna,LK41,0.499999999999999,0.866025403784438,0,0,0,1,127.548384,85.1505366666666,481.9677,176.720213333333,219.626722857142,472.004614571428,298.125966666666,95.5825148095238,0,9.6615,80.0255,25.82,75.68,5.47,26.787142857142857,81.69714285714285,5.094285714285713
2017,2,Jaffna,LK41,0.866025403784438,0.5,0,0,0,1,18.8709687,92.3763426666666,326.279556666666,83.1165926666666,127.548384,219.626722857142,85.1505366666666,176.720213333333,0,9.6615,80.0255,26.22,71.05,4.61,25.82,75.68,5.47
2017,3,Jaffna,LK41,1.0,6.12323399573676e-17,1,0,0,0,49.7096767,52.2258066666666,229.75269,165.750856666666,18.8709687,127.548384,92.3763426666666,83.1165926666666,0,9.6615,80.0255,28.15,75.09,3.35,26.22,71.05,4.61
2017,4,Jaffna,LK41,0.866025403784438,-0.499999999999999,1,0,0,0,13.4838702,13.6559135,158.258068,38.8165103333333,49.7096767,18.8709687,52.2258066666666,165.750856666666,0,9.6615,80.0255,30.11,73.3,4.04,28.15,75.09,3.35
2017,5,Jaffna,LK41,0.499999999999999,-0.866025403784438,0,1,0,0,38.4193549999999,32.709678,98.591402,104.920874666666,13.4838702,49.7096767,13.6559135,38.8165103333333,0,9.6615,80.0255,30.11,76.06,5.34,30.11,73.3,4.04
2017,6,Jaffna,LK41,1.22464679914735e-16,-1.0,0,1,0,0,1.1935484,11.2795704666666,57.6451623333333,99.87317,38.4193549999999,13.4838702,32.709678,104.920874666666,0,9.6615,80.0255,29.47,76.28,7.21,30.11,76.06,5.34
2017,7,Jaffna,LK41,-0.499999999999999,-0.866025403784438,0,1,0,0,0.32258064,0.107526879999999,44.0967776666666,99.0450033333333,1.1935484,38.4193549999999,11.2795704666666,99.87317,0,9.6615,80.0255,29.68,73.15,5.82,29.47,76.28,7.21
2017,8,Jaffna,LK41,-0.866025403784438,-0.5,0,1,0,0,25.741936,16.6559141999999,28.0430113333333,140.241894666666,0.32258064,1.1935484,0.107526879999999,99.0450033333333,0,9.6615,80.0255,28.98,77.66,5.49,29.68,73.15,5.82
2017,9,Jaffna,LK41,-1.0,-1.83697019872102e-16,0,1,0,0,46.064518,40.5698916666666,57.3333356666666,161.8101,25.741936,0.32258064,16.6559141999999,140.241894666666,0,9.6615,80.0255,28.43,80.45,5.7,28.98,77.66,5.49
2017,10,Jaffna,LK41,-0.866025403784438,0.5,0,0,1,0,160.774197,92.1505426666666,149.376353333333,67.3855566666666,46.064518,25.741936,40.5698916666666,161.8101,0,9.6615,80.0255,28.59,78.87,5.07,28.43,80.45,5.7
2017,11,Jaffna,LK41,-0.5,0.866025403784438,0,0,1,0,487.161294,457.010766666666,589.7312,107.138702666666,160.774197,46.064518,92.1505426666666,67.3855566666666,1,9.6615,80.0255,27.34,83.59,4.76,28.59,78.87,5.07
2017,12,Jaffna,LK41,-2.4492935982947e-16,1.0,0,0,0,1,40.290323,144.2258,693.387133333333,23.1501036666666,487.161294,160.774197,457.010766666666,107.138702666666,0,9.6615,80.0255,26.63,78.85,4.69,27.34,83.59,4.76
2018,1,Jaffna,LK41,0.499999999999999,0.866025403784438,0,0,0,1,33.19355,33.0215066666666,634.25808,55.4952276666666,40.290323,487.161294,144.2258,23.1501036666666,1,9.6615,80.0255,25.71,76.12,4.94,26.63,78.85,4.69
2018,2,Jaffna,LK41,0.866025403784438,0.5,0,0,0,1,10.6774191,17.1720426666666,194.41936,61.9028466666666,33.19355,40.290323,33.0215066666666,55.4952276666666,1,9.6615,80.0255,26.33,75.64,5.12,25.71,76.12,4.94
2018,3,Jaffna,LK41,1.0,6.12323399573676e-17,1,0,0,0,32.354839,25.8602159999999,76.0537633333333,130.623698,10.6774191,33.19355,17.1720426666666,61.9028466666666,0,9.6615,80.0255,28.26,73.88,4.01,26.33,75.64,5.12
2018,4,Jaffna,LK41,0.866025403784438,-0.499999999999999,1,0,0,0,29.0,27.8064523333333,70.83871,59.6743356666666,32.354839,10.6774191,25.8602159999999,130.623698,0,9.6615,80.0255,29.87,73.21,3.39,28.26,73.88,4.01
2018,5,Jaffna,LK41,0.499999999999999,-0.866025403784438,0,1,0,0,61.000001,47.16129,100.82796,160.408493333333,29.0,32.354839,27.8064523333333,59.6743356666666,0,9.6615,80.0255,29.45,78.85,4.77,29.87,73.21,3.39
2018,6,Jaffna,LK41,1.22464679914735e-16,-1.0,0,1,0,0,1.0645162,25.9032270666666,100.870968,99.1813686666666,61.000001,29.0,47.16129,160.408493333333,0,9.6615,80.0255,28.97,79.26,7.32,29.45,78.85,4.77
2018,7,Jaffna,LK41,-0.499999999999999,-0.866025403784438,0,1,0,0,0.06451613,0.0215053766666666,73.086022,97.4751433333333,1.0645162,61.000001,25.9032270666666,99.1813686666666,0,9.6615,80.0255,29.05,75.72,6.38,28.97,79.26,7.32
2018,8,Jaffna,LK41,-0.866025403784438,-0.5,0,1,0,0,15.2903224,8.01075233333333,33.935486,102.344471333333,0.06451613,1.0645162,0.0215053766666666,97.4751433333333,0,9.6615,80.0255,28.68,75.59,6.08,29.05,75.72,6.38
2018,9,Jaffna,LK41,-1.0,-1.83697019872102e-16,0,1,0,0,31.5483873,21.6881726666666,29.720429,103.229538666666,15.2903224,0.06451613,8.01075233333333,102.344471333333,0,9.6615,80.0255,28.58,75.78,4.94,28.68,75.59,6.08
2018,10,Jaffna,LK41,-0.866025403784438,0.5,0,0,1,0,315.096778,206.440856666666,236.139786666666,146.018496666666,31.5483873,15.2903224,21.6881726666666,103.229538666666,0,9.6615,80.0255,28.13,79.48,3.77,28.58,75.78,4.94
2018,11,Jaffna,LK41,-0.5,0.866025403784438,0,0,1,0,397.774196,477.064543333333,705.193566666666,87.8616333333333,315.096778,31.5483873,206.440856666666,146.018496666666,0,9.6615,80.0255,27.28,80.75,4.42,28.13,79.48,3.77
2018,12,Jaffna,LK41,-2.4492935982947e-16,1.0,0,0,0,1,140.967742999999,127.709676666666,811.215126666666,74.3104096666666,397.774196,315.096778,477.064543333333,87.8616333333333,0,9.6615,80.0255,26.59,80.74,4.84,27.28,80.75,4.42
2019,1,Jaffna,LK41,0.499999999999999,0.866025403784438,0,0,0,1,18.2258064,71.666669,676.440953333333,40.5732843333333,140.967742999999,397.774196,127.709676666666,74.3104096666666,1,9.6615,80.0255,25.7,74.94,5.18,26.59,80.74,4.84
2019,2,Jaffna,LK41,0.866025403784438,0.5,0,0,0,1,14.0645165,17.55914,216.935499999999,67.698728,18.2258064,140.967742999999,71.666669,40.5732843333333,1,9.6615,80.0255,27.4,75.8,4.56,25.7,74.94,5.18
2019,3,Jaffna,LK41,1.0,6.12323399573676e-17,1,0,0,0,3.3548387,5.23655919999999,94.4623733333333,49.0650599999999,14.0645165,18.2258064,17.55914,67.698728,1,9.6615,80.0255,29.08,69.06,4.06,27.4,75.8,4.56
2019,4,Jaffna,LK41,0.866025403784438,-0.499999999999999,1,0,0,0,39.7419354,22.0537634666666,44.8494633333333,75.016679,3.3548387,14.0645165,5.23655919999999,49.0650599999999,0,9.6615,80.0255,30.81,66.62,3.04,29.08,69.06,4.06
2019,5,Jaffna,LK41,0.499999999999999,-0.866025403784438,0,1,0,0,13.67742,26.989247,54.2795693333333,60.6476836666666,39.7419354,3.3548387,22.0537634666666,75.016679,0,9.6615,80.0255,30.28,76.35,6.34,30.81,66.62,3.04
2019,6,Jaffna,LK41,1.22464679914735e-16,-1.0,0,1,0,0,2.2903225,7.65591416666666,56.6989226666666,105.75349,13.67742,39.7419354,26.989247,60.6476836666666,0,9.6615,80.0255,29.96,76.66,7.35,30.28,76.35,6.34
2019,7,Jaffna,LK41,-0.499999999999999,-0.866025403784438,0,1,0,0,1.0,0.333333333333333,34.978494,103.16588,2.2903225,13.67742,7.65591416666666,105.75349,0,9.6615,80.0255,29.22,76.06,6.41,29.96,76.66,7.35
2019,8,Jaffna,LK41,-0.866025403784438,-0.5,0,1,0,0,25.645162,15.064516,23.0537636666666,137.613816666666,1.0,2.2903225,0.333333333333333,103.16588,0,9.6615,80.0255,28.74,76.8,7.37,29.22,76.06,6.41
2019,9,Jaffna,LK41,-1.0,-1.83697019872102e-16,0,1,0,0,53.5483864999999,39.666666,55.0645126666666,168.013746666666,25.645162,1.0,15.064516,137.613816666666,0,9.6615,80.0255,28.39,79.97,5.79,28.74,76.8,7.37
2019,10,Jaffna,LK41,-0.866025403784438,0.5,0,0,1,0,403.25806,208.075268666666,262.806444666666,151.693486666666,53.5483864999999,25.645162,39.666666,168.013746666666,1,9.6615,80.0255,27.99,80.24,3.15,28.39,79.97,5.79
2019,11,Jaffna,LK41,-0.5,0.866025403784438,0,0,1,0,247.387095999999,322.365566666666,570.107526666666,57.2210703333333,403.25806,53.5483864999999,208.075268666666,151.693486666666,0,9.6615,80.0255,28.02,81.18,3.85,27.99,80.24,3.15
2019,12,Jaffna,LK41,-2.4492935982947e-16,1.0,0,0,0,1,225.258066999999,334.344099999999,864.784933333333,93.4933583333333,247.387095999999,403.25806,322.365566666666,57.2210703333333,0,9.6615,80.0255,27.06,80.83,5.17,28.02,81.18,3.85
2020,1,Jaffna,LK41,0.499999999999999,0.866025403784438,0,0,0,1,22.419354,50.2150523333333,706.924733333333,44.6099796666666,225.258066999999,247.387095999999,334.344099999999,93.4933583333333,0,9.6615,80.0255,26.77,76.26,4.57,27.06,80.83,5.17
2020,2,Jaffna,LK41,0.866025403784438,0.5,0,0,0,1,12.1935488,15.6666663333333,400.225809999999,67.5370713333333,22.419354,225.258066999999,50.2150523333333,44.6099796666666,0,9.6615,80.0255,27.19,73.1,5.11,26.77,76.26,4.57
2020,3,Jaffna,LK41,1.0,6.12323399573676e-17,1,0,0,0,3.3870967,7.29032233333333,73.1720406666666,49.2055839999999,12.1935488,22.419354,15.6666663333333,67.5370713333333,0,9.6615,80.0255,28.57,70.56,4.15,27.19,73.1,5.11
2020,4,Jaffna,LK41,0.866025403784438,-0.499999999999999,1,0,0,0,24.3548394999999,12.7311831333333,35.688174,57.0567166666666,3.3870967,12.1935488,7.29032233333333,49.2055839999999,0,9.6615,80.0255,30.35,70.48,3.47,28.57,70.56,4.15
2020,5,Jaffna,LK41,0.499999999999999,-0.866025403784438,0,1,0,0,42.6451616,44.0967763333333,64.1182776666666,108.081745333333,24.3548394999999,3.3870967,12.7311831333333,57.0567166666666,0,9.6615,80.0255,30.44,74.75,4.72,30.35,70.48,3.47
2020,6,Jaffna,LK41,1.22464679914735e-16,-1.0,0,1,0,0,1.7419355,12.9892471666666,69.817207,102.813331666666,42.6451616,24.3548394999999,44.0967763333333,108.081745333333,0,9.6615,80.0255,29.66,75.23,6.47,30.44,74.75,4.72
2020,7,Jaffna,LK41,-0.499999999999999,-0.866025403784438,0,1,0,0,4.193548,1.39784933333333,58.4838736666666,122.59288,1.7419355,42.6451616,12.9892471666666,102.813331666666,0,9.6615,80.0255,28.75,77.86,5.48,29.66,75.23,6.47
2020,8,Jaffna,LK41,-0.866025403784438,-0.5,0,1,0,0,15.0322575,15.0860213333333,29.4731176666666,107.176728666666,4.193548,1.7419355,1.39784933333333,122.59288,0,9.6615,80.0255,28.74,78.53,6.31,28.75,77.86,5.48
2020,9,Jaffna,LK41,-1.0,-1.83697019872102e-16,0,1,0,0,41.258065,25.9784946666666,42.4623656666666,130.360091666666,15.0322575,4.193548,15.0860213333333,107.176728666666,0,9.6615,80.0255,28.33,79.39,6.43,28.74,78.53,6.31
2020,10,Jaffna,LK41,-0.866025403784438,0.5,0,0,1,0,61.741935,56.645163,97.7096796666666,35.3448096666666,41.258065,15.0322575,25.9784946666666,130.360091666666,0,9.6615,80.0255,28.42,78.54,4.93,28.33,79.39,6.43
2020,11,Jaffna,LK41,-0.5,0.866025403784438,0,0,1,0,372.064516,271.52687,354.150526666666,84.504085,61.741935,41.258065,56.645163,35.3448096666666,0,9.6615,80.0255,27.94,81.09,4.55,28.42,78.54,4.93
2020,12,Jaffna,LK41,-2.4492935982947e-16,1.0,0,0,0,1,524.9032,546.655913333333,874.827936666666,215.24964,372.064516,61.741935,271.52687,84.504085,0,9.6615,80.0255,26.48,83.62,5.43,27.94,81.09,4.55
2021,1,Jaffna,LK41,0.499999999999999,0.866025403784438,0,0,0,1,235.806449999999,297.12904,1115.3118,278.660730666666,524.9032,372.064516,546.655913333333,215.24964,0,9.6615,80.0255,26.39,82.68,4.85,26.48,83.62,5.43
2021,2,Jaffna,LK41,0.866025403784438,0.5,0,0,0,1,16.6774193999999,53.3763433333333,897.161356666666,74.20809,235.806449999999,524.9032,297.12904,278.660730666666,0,9.6615,80.0255,26.23,76.63,4.78,26.39,82.68,4.85
2021,3,Jaffna,LK41,1.0,6.12323399573676e-17,1,0,0,0,9.4193552,8.93548423333333,359.440836666666,65.4319186666666,16.6774193999999,235.806449999999,53.3763433333333,74.20809,0,9.6615,80.0255,28.05,75.19,3.95,26.23,76.63,4.78
2021,4,Jaffna,LK41,0.866025403784438,-0.499999999999999,1,0,0,0,66.1935463,48.23656,110.548383333333,105.599162666666,9.4193552,16.6774193999999,8.93548423333333,65.4319186666666,0,9.6615,80.0255,29.48,75.83,3.65,28.05,75.19,3.95
2021,5,Jaffna,LK41,0.499999999999999,-0.866025403784438,0,1,0,0,29.612904,42.60215,99.7741933333333,89.880424,66.1935463,9.4193552,48.23656,105.599162666666,0,9.6615,80.0255,29.6,78.08,5.6,29.48,75.83,3.65
2021,6,Jaffna,LK41,1.22464679914735e-16,-1.0,0,1,0,0,6.967742,16.3010746666666,107.139786666666,130.83132,29.612904,66.1935463,42.60215,89.880424,0,9.6615,80.0255,29.22,78.45,6.18,29.6,78.08,5.6
2021,7,Jaffna,LK41,-0.499999999999999,-0.866025403784438,0,1,0,0,0.48387095,0.161290316666666,59.0645176666666,100.026163333333,6.967742,29.612904,16.3010746666666,130.83132,0,9.6615,80.0255,29.17,76.85,6.27,29.22,78.45,6.18
2021,8,Jaffna,LK41,-0.866025403784438,-0.5,0,1,0,0,24.5806435,14.1290321333333,30.5913966666666,133.919876666666,0.48387095,6.967742,0.161290316666666,100.026163333333,0,9.6615,80.0255,28.74,77.09,5.81,29.17,76.85,6.27
2021,9,Jaffna,LK41,-1.0,-1.83697019872102e-16,0,1,0,0,29.741934,25.419355,39.7096766666666,99.5340866666666,24.5806435,0.48387095,14.1290321333333,133.919876666666,0,9.6615,80.0255,28.71,78.94,5.45,28.74,77.09,5.81
2021,10,Jaffna,LK41,-0.866025403784438,0.5,0,0,1,0,341.096768,221.129026666666,260.677416666666,158.068763333333,29.741934,24.5806435,25.419355,99.5340866666666,0,9.6615,80.0255,28.16,82.0,4.48,28.71,78.94,5.45
2021,11,Jaffna,LK41,-0.5,0.866025403784438,0,0,1,0,863.67745,750.914013333333,997.462333333333,187.934656666666,341.096768,29.741934,221.129026666666,158.068763333333,0,9.6615,80.0255,27.19,85.3,4.63,28.16,82.0,4.48
2021,12,Jaffna,LK41,-2.4492935982947e-16,1.0,0,0,0,1,48.0,276.5054,1248.54833333333,29.2333143333333,863.67745,341.096768,750.914013333333,187.934656666666,0,9.6615,80.0255,26.99,78.43,4.55,27.19,85.3,4.63
2022,1,Jaffna,LK41,0.499999999999999,0.866025403784438,0,0,0,1,46.516129,48.3870966666666,1075.80645333333,71.6068133333333,48.0,863.67745,276.5054,29.2333143333333,0,9.6615,80.0255,26.61,78.62,4.78,26.99,78.43,4.55
2022,2,Jaffna,LK41,0.866025403784438,0.5,0,0,0,1,55.9677415,58.720431,383.61294,164.528496666666,46.516129,48.0,48.3870966666666,71.6068133333333,0,9.6615,80.0255,26.51,76.3,4.79,26.61,78.62,4.78
2022,3,Jaffna,LK41,1.0,6.12323399573676e-17,1,0,0,0,22.548386,32.6451596666666,139.75269,98.1980266666666,55.9677415,46.516129,58.720431,164.528496666666,0,9.6615,80.0255,28.35,75.64,4.18,26.51,76.3,4.79
2022,4,Jaffna,LK41,0.866025403784438,-0.499999999999999,1,0,0,0,179.741936,140.741941666666,232.10753,269.175796666666,22.548386,55.9677415,32.6451596666666,98.1980266666666,0,9.6615,80.0255,29.22,77.8,3.18,28.35,75.64,4.18
2022,5,Jaffna,LK41,0.499999999999999,-0.866025403784438,0,1,0,0,15.3548382999999,57.83871,231.2258,56.8461536666666,179.741936,22.548386,140.741941666666,269.175796666666,0,9.6615,80.0255,29.41,80.19,6.76,29.22,77.8,3.18
2022,6,Jaffna,LK41,1.22464679914735e-16,-1.0,0,1,0,0,0.7741935,1.892473,200.473123333333,97.6248133333333,15.3548382999999,179.741936,57.83871,56.8461536666666,0,9.6615,80.0255,28.74,79.38,5.69,29.41,80.19,6.76
2022,7,Jaffna,LK41,-0.499999999999999,-0.866025403784438,0,1,0,0,2.7419355,0.913978499999999,60.6451639999999,113.762433333333,0.7741935,15.3548382999999,1.892473,97.6248133333333,0,9.6615,80.0255,28.82,76.34,5.07,28.74,79.38,5.69
2022,8,Jaffna,LK41,-0.866025403784438,-0.5,0,1,0,0,35.903226,21.580645,24.387097,171.63235,2.7419355,0.7741935,0.913978499999999,113.762433333333,0,9.6615,80.0255,28.27,79.43,5.45,28.82,76.34,5.07
2022,9,Jaffna,LK41,-1.0,-1.83697019872102e-16,0,1,0,0,11.3870961,22.88172,45.3763463333333,64.98868,35.903226,2.7419355,21.580645,171.63235,0,9.6615,80.0255,28.27,79.51,5.62,28.27,79.43,5.45
2022,10,Jaffna,LK41,-0.866025403784438,0.5,0,0,1,0,338.709676,190.182806666666,234.645166666666,146.527126666666,11.3870961,35.903226,22.88172,64.98868,0,9.6615,80.0255,28.15,78.31,3.79,28.27,79.51,5.62
2022,11,Jaffna,LK41,-0.5,0.866025403784438,0,0,1,0,328.22581,433.279576666666,646.34408,73.9691113333333,338.709676,11.3870961,190.182806666666,146.527126666666,0,9.6615,80.0255,26.85,81.32,4.25,28.15,78.31,3.79
2022,12,Jaffna,LK41,-2.4492935982947e-16,1.0,0,0,0,1,202.645156,214.763443333333,838.225786666666,86.449681,328.22581,338.709676,433.279576666666,73.9691113333333,0,9.6615,80.0255,26.51,83.14,5.4,26.85,81.32,4.25
2023,1,Jaffna,LK41,0.499999999999999,0.866025403784438,0,0,0,1,52.161289,59.0860203333333,707.12908,80.8604176666666,202.645156,328.22581,214.763443333333,86.449681,0,9.6615,80.0255,25.7,76.71,5.29,26.51,83.14,5.4
2023,2,Jaffna,LK41,0.866025403784438,0.5,0,0,0,1,110.3225826,136.161293333333,410.010743333333,252.967361999999,52.161289,202.645156,59.0860203333333,80.8604176666666,0,9.6615,80.0255,26.14,77.26,4.83,25.7,76.71,5.29
2023,3,Jaffna,LK41,1.0,6.12323399573676e-17,1,0,0,0,35.83871,22.956989,218.204293333333,139.293373333333,110.3225826,52.161289,136.161293333333,252.967361999999,0,9.6615,80.0255,28.16,75.66,3.94,26.14,77.26,4.83
2023,4,Jaffna,LK41,0.866025403784438,-0.499999999999999,1,0,0,0,46.0322592,36.064516,195.182789999999,90.4525023333333,35.83871,110.3225826,22.956989,139.293373333333,0,9.6615,80.0255,29.95,72.4,3.35,28.16,75.66,3.94
2023,5,Jaffna,LK41,0.499999999999999,-0.866025403784438,0,1,0,0,178.483869,196.440863333333,255.462366666666,331.263787,46.0322592,35.83871,36.064516,90.4525023333333,0,9.6615,80.0255,29.26,81.47,5.05,29.95,72.4,3.35
2023,6,Jaffna,LK41,1.22464679914735e-16,-1.0,0,1,0,0,1.1290323,9.2688171,241.774186666666,99.52727,178.483869,46.0322592,196.440863333333,331.263787,0,9.6615,80.0255,29.63,78.5,6.23,29.26,81.47,5.05
2023,7,Jaffna,LK41,-0.499999999999999,-0.866025403784438,0,1,0,0,0.3548387,0.118279566666666,205.827956666666,99.2412333333333,1.1290323,178.483869,9.2688171,99.52727,0,9.6615,80.0255,29.31,75.81,6.38,29.63,78.5,6.23
2023,8,Jaffna,LK41,-0.866025403784438,-0.5,0,1,0,0,7.967742,5.0645162,14.4516126666666,79.130585,0.3548387,1.1290323,0.118279566666666,99.2412333333333,0,9.6615,80.0255,29.33,76.38,5.71,29.31,75.81,6.38
2023,9,Jaffna,LK41,-1.0,-1.83697019872102e-16,0,1,0,0,23.290322,16.1075263333333,21.2903226666666,94.1158049999999,7.967742,0.3548387,5.0645162,79.130585,0,9.6615,80.0255,28.86,77.31,7.19,29.33,76.38,5.71
2023,10,Jaffna,LK41,-0.866025403784438,0.5,0,0,1,0,143.258063,98.5913966666666,119.763443333333,71.8255106666666,23.290322,7.967742,16.1075263333333,94.1158049999999,0,9.6615,80.0255,28.36,79.1,4.23,28.86,77.31,7.19
2023,11,Jaffna,LK41,-0.5,0.866025403784438,0,0,1,0,607.74194,500.258046666666,614.956976666666,136.351306666666,143.258063,23.290322,98.5913966666666,71.8255106666666,0,9.6615,80.0255,27.8,83.47,3.4,28.36,79.1,4.23
2023,12,Jaffna,LK41,-2.4492935982947e-16,1.0,0,0,0,1,355.322571,442.677433333333,1041.52683333333,147.191096666666,607.74194,143.258063,500.258046666666,136.351306666666,0,9.6615,80.0255,27.25,86.27,5.58,27.8,83.47,3.4
2024,1,Jaffna,LK41,0.499999999999999,0.866025403784438,0,0,0,1,98.129036,163.311835333333,1106.24726666666,113.052709,355.322571,607.74194,442.677433333333,147.191096666666,0,9.6615,80.0255,26.59,79.48,4.92,27.25,86.27,5.58
2024,2,Jaffna,LK41,0.866025403784438,0.5,0,0,0,1,6.41935469999999,14.3010746666666,620.290303333333,51.8389726666666,98.129036,355.322571,163.311835333333,113.052709,0,9.6615,80.0255,27.46,78.2,5.12,26.59,79.48,4.92
2024,3,Jaffna,LK41,1.0,6.12323399573676e-17,1,0,0,0,12.7096774,11.9354833333333,189.548386666666,72.8470163333333,6.41935469999999,98.129036,14.3010746666666,51.8389726666666,0,9.6615,80.0255,28.56,71.79,3.88,27.46,78.2,5.12
2024,4,Jaffna,LK41,0.866025403784438,-0.499999999999999,1,0,0,0,18.516129,14.7096774666666,40.946238,45.98254,12.7096774,6.41935469999999,11.9354833333333,72.8470163333333,0,9.6615,80.0255,30.92,71.09,3.24,28.56,71.79,3.88
2024,5,Jaffna,LK41,0.499999999999999,-0.866025403784438,0,1,0,0,51.451614,36.892474,63.537636,135.628945333333,18.516129,12.7096774,14.7096774666666,45.98254,0,9.6615,80.0255,30.45,77.27,4.61,30.92,71.09,3.24
2024,6,Jaffna,LK41,1.22464679914735e-16,-1.0,0,1,0,0,4.645161,25.8387089999999,77.4408666666666,118.378876666666,51.451614,18.516129,36.892474,135.628945333333,0,9.6615,80.0255,29.42,79.34,6.71,30.45,77.27,4.61
2024,7,Jaffna,LK41,-0.499999999999999,-0.866025403784438,0,1,0,0,0.06451613,0.0215053766666666,62.7526919999999,97.4751433333333,4.645161,51.451614,25.8387089999999,118.378876666666,0,9.6615,80.0255,29.65,74.97,6.27,29.42,79.34,6.71
2024,8,Jaffna,LK41,-0.866025403784438,-0.5,0,1,0,0,28.193549,16.548388,42.4086016666666,146.774203333333,0.06451613,4.645161,0.0215053766666666,97.4751433333333,0,9.6615,80.0255,29.12,78.64,5.37,29.65,74.97,6.27
2024,9,Jaffna,LK41,-1.0,-1.83697019872102e-16,0,1,0,0,8.64516125,16.0537636666666,32.6236553333333,57.2243933333333,28.193549,0.06451613,16.548388,146.774203333333,0,9.6615,80.0255,29.54,76.62,5.93,29.12,78.64,5.37
2024,10,Jaffna,LK41,-0.866025403784438,0.5,0,0,1,0,298.483868,222.333326666666,254.935479999999,160.985901333333,8.64516125,28.193549,16.0537636666666,57.2243933333333,0,9.6615,80.0255,28.54,80.49,3.69,29.54,76.62,5.93
2024,11,Jaffna,LK41,-0.5,0.866025403784438,0,0,1,0,663.548384,421.27957,659.666643333333,148.445746333333,298.483868,8.64516125,222.333326666666,160.985901333333,0,9.6615,80.0255,27.94,82.55,5.3,28.54,80.49,3.69
2024,12,Jaffna,LK41,-2.4492935982947e-16,1.0,0,0,0,1,113.80645,402.849493333333,1046.46236666666,54.666006,663.548384,298.483868,421.27957,148.445746333333,0,9.6615,80.0255,27.06,84.27,4.73,27.94,82.55,5.3
2017,1,Kilinochchi,LK42,0.499999999999999,0.866025403784438,0,0,0,1,138.0769279,75.2153863333333,404.748716666666,181.340034999999,203.432965285714,364.228570814285,258.312088285714,100.311812142857,0,9.3803,80.377,25.77,76.05,5.12,26.755714285714284,81.92,4.8028571428571425
2017,2,Kilinochchi,LK42,0.866025403784438,0.5,0,0,0,1,26.7538467,102.784625,300.082056666666,82.1854833333333,138.0769279,203.432965285714,75.2153863333333,181.340034999999,0,9.3803,80.377,26.13,71.53,4.28,25.77,76.05,5.12
2017,3,Kilinochchi,LK42,1.0,6.12323399573676e-17,1,0,0,0,155.584614,142.035894999999,320.03589,227.762241333333,26.7538467,138.0769279,102.784625,82.1854833333333,0,9.3803,80.377,27.75,77.05,3.21,26.13,71.53,4.28
2017,4,Kilinochchi,LK42,0.866025403784438,-0.499999999999999,1,0,0,0,39.2923056,55.912816,300.733316666666,39.9229853333333,155.584614,26.7538467,142.035894999999,227.762241333333,0,9.3803,80.377,29.87,73.51,3.46,27.75,77.05,3.21
2017,5,Kilinochchi,LK42,0.499999999999999,-0.866025403784438,0,1,0,0,88.646156,71.446158,269.39486,145.008545333333,39.2923056,155.584614,55.912816,39.9229853333333,0,9.3803,80.377,30.01,75.76,4.85,29.87,73.51,3.46
2017,6,Kilinochchi,LK42,1.22464679914735e-16,-1.0,0,1,0,0,2.03076919,29.0666666666666,156.425653333333,98.539735,88.646156,39.2923056,71.446158,145.008545333333,0,9.3803,80.377,29.4,75.8,6.82,30.01,75.76,4.85
2017,7,Kilinochchi,LK42,-0.499999999999999,-0.866025403784438,0,1,0,0,19.5692311,11.7230771,112.235898333333,134.746318333333,2.03076919,88.646156,29.0666666666666,98.539735,0,9.3803,80.377,29.6,73.08,5.38,29.4,75.8,6.82
2017,8,Kilinochchi,LK42,-0.866025403784438,-0.5,0,1,0,0,42.584615,33.3076936666666,74.0974403333333,175.485883333333,19.5692311,2.03076919,11.7230771,134.746318333333,0,9.3803,80.377,28.88,77.99,5.34,29.6,73.08,5.38
2017,9,Kilinochchi,LK42,-1.0,-1.83697019872102e-16,0,1,0,0,182.984617,161.164106666666,206.194863333333,159.265642,42.584615,19.5692311,33.3076936666666,175.485883333333,0,9.3803,80.377,28.53,79.16,5.19,28.88,77.99,5.34
2017,10,Kilinochchi,LK42,-0.866025403784438,0.5,0,0,1,0,136.015389,109.94359,304.415376666666,63.6503333333333,182.984617,42.584615,161.164106666666,159.265642,0,9.3803,80.377,28.59,78.39,4.74,28.53,79.16,5.19
2017,11,Kilinochchi,LK42,-0.5,0.866025403784438,0,0,1,0,309.83077,282.67692,553.78464,88.8595126666666,136.015389,182.984617,109.94359,63.6503333333333,0,9.3803,80.377,27.26,84.47,4.6,28.59,78.39,4.74
2017,12,Kilinochchi,LK42,-2.4492935982947e-16,1.0,0,0,0,1,61.492308,134.153845333333,526.7744,35.658301,309.83077,136.015389,282.67692,88.8595126666666,0,9.3803,80.377,26.58,78.92,4.35,27.26,84.47,4.6
2018,1,Kilinochchi,LK42,0.499999999999999,0.866025403784438,0,0,0,1,27.8615396,38.4512833333333,455.282053333333,48.6058503333333,61.492308,309.83077,134.153845333333,35.658301,0,9.3803,80.377,25.65,76.46,4.54,26.58,78.92,4.35
2018,2,Kilinochchi,LK42,0.866025403784438,0.5,0,0,0,1,19.4769218,19.9076913333333,192.51282,66.3125593333333,27.8615396,61.492308,38.4512833333333,48.6058503333333,0,9.3803,80.377,26.26,75.62,4.65,25.65,76.46,4.54
2018,3,Kilinochchi,LK42,1.0,6.12323399573676e-17,1,0,0,0,82.030771,61.8871793333333,120.246155,136.614015333333,19.4769218,27.8615396,19.9076913333333,66.3125593333333,0,9.3803,80.377,27.97,74.57,3.73,26.26,75.62,4.65
2018,4,Kilinochchi,LK42,0.866025403784438,-0.499999999999999,1,0,0,0,91.215386,82.5589753333333,164.35385,77.5381853333333,82.030771,19.4769218,61.8871793333333,136.614015333333,0,9.3803,80.377,29.42,75.4,3.42,27.97,74.57,3.73
2018,5,Kilinochchi,LK42,0.499999999999999,-0.866025403784438,0,1,0,0,155.661533,143.251283333333,287.697426666666,233.32727,91.215386,82.030771,82.5589753333333,77.5381853333333,0,9.3803,80.377,29.2,79.46,4.21,29.42,75.4,3.42
2018,6,Kilinochchi,LK42,1.22464679914735e-16,-1.0,0,1,0,0,1.800000007,51.3999967,277.210253333333,97.6309986666666,155.661533,91.215386,143.251283333333,233.32727,0,9.3803,80.377,28.82,79.99,7.07,29.2,79.46,4.21
2018,7,Kilinochchi,LK42,-0.499999999999999,-0.866025403784438,0,1,0,0,9.1692308,6.64102543333333,201.292306666666,95.53363,1.800000007,155.661533,51.3999967,97.6309986666666,0,9.3803,80.377,28.91,76.31,6.23,28.82,79.99,7.07
2018,8,Kilinochchi,LK42,-0.866025403784438,-0.5,0,1,0,0,25.0000003,12.5384614999999,70.5794833333333,103.519916666666,9.1692308,1.800000007,6.64102543333333,95.53363,0,9.3803,80.377,28.68,75.39,6.02,28.91,76.31,6.23
2018,9,Kilinochchi,LK42,-1.0,-1.83697019872102e-16,0,1,0,0,104.400002,65.441025,84.6205116666666,79.752168,25.0000003,9.1692308,12.5384614999999,103.519916666666,0,9.3803,80.377,28.79,73.8,4.33,28.68,75.39,6.02
2018,10,Kilinochchi,LK42,-0.866025403784438,0.5,0,0,1,0,291.07692,264.707696666666,342.687173333333,151.50543,104.400002,25.0000003,65.441025,79.752168,0,9.3803,80.377,27.88,80.67,3.55,28.79,73.8,4.33
2018,11,Kilinochchi,LK42,-0.5,0.866025403784438,0,0,1,0,300.353842,333.81026,663.958983333333,86.3097446666666,291.07692,104.400002,264.707696666666,151.50543,0,9.3803,80.377,27.19,81.67,4.27,27.88,80.67,3.55
2018,12,Kilinochchi,LK42,-2.4492935982947e-16,1.0,0,0,0,1,106.969228,113.179483333333,711.697499999999,58.1996523333333,300.353842,291.07692,333.81026,86.3097446666666,0,9.3803,80.377,26.54,81.16,4.6,27.19,81.67,4.27
2019,1,Kilinochchi,LK42,0.499999999999999,0.866025403784438,0,0,0,1,9.66153819999999,47.0358966666666,494.025633333333,27.676785,106.969228,300.353842,113.179483333333,58.1996523333333,0,9.3803,80.377,25.65,75.52,4.8,26.54,81.16,4.6
2019,2,Kilinochchi,LK42,0.866025403784438,0.5,0,0,0,1,53.2923075,52.9384613333333,213.153843333333,107.576489999999,9.66153819999999,106.969228,47.0358966666666,27.676785,0,9.3803,80.377,27.15,77.12,4.39,25.65,75.52,4.8
2019,3,Kilinochchi,LK42,1.0,6.12323399573676e-17,1,0,0,0,10.9846153,10.6307689999999,110.605121333333,34.8350816666666,53.2923075,9.66153819999999,52.9384613333333,107.576489999999,0,9.3803,80.377,28.51,71.96,3.89,27.15,77.12,4.39
2019,4,Kilinochchi,LK42,0.866025403784438,-0.499999999999999,1,0,0,0,86.3846153,49.3897419999999,112.958975333333,74.0091166666666,10.9846153,53.2923075,10.6307689999999,34.8350816666666,0,9.3803,80.377,30.24,69.76,3.29,28.51,71.96,3.89
2019,5,Kilinochchi,LK42,0.499999999999999,-0.866025403784438,0,1,0,0,22.323077,52.1179486666666,112.138466,60.3989049999999,86.3846153,10.9846153,49.3897419999999,74.0091166666666,0,9.3803,80.377,30.65,73.41,5.13,30.24,69.76,3.29
2019,6,Kilinochchi,LK42,1.22464679914735e-16,-1.0,0,1,0,0,6.29230778,17.5025641,119.010266666666,118.744888666666,22.323077,86.3846153,52.1179486666666,60.3989049999999,0,9.3803,80.377,30.24,74.14,6.84,30.65,73.41,5.13
2019,7,Kilinochchi,LK42,-0.499999999999999,-0.866025403784438,0,1,0,0,11.1846157,6.95897456666666,76.5794896666666,102.565498333333,6.29230778,22.323077,17.5025641,118.744888666666,0,9.3803,80.377,29.49,73.92,6.04,30.24,74.14,6.84
2019,8,Kilinochchi,LK42,-0.866025403784438,-0.5,0,1,0,0,19.4461541,17.7282053333333,42.189744,113.135139999999,11.1846157,6.29230778,6.95897456666666,102.565498333333,1,9.3803,80.377,28.76,76.42,7.06,29.49,73.92,6.04
2019,9,Kilinochchi,LK42,-1.0,-1.83697019872102e-16,0,1,0,0,202.692302,124.661536666666,149.348714666666,165.724575999999,19.4461541,11.1846157,17.7282053333333,113.135139999999,1,9.3803,80.377,28.39,79.55,5.29,28.76,76.42,7.06
2019,10,Kilinochchi,LK42,-0.866025403784438,0.5,0,0,1,0,376.98462,301.77948,444.169233333333,171.857736666666,202.692302,19.4461541,124.661536666666,165.724575999999,0,9.3803,80.377,27.75,80.99,2.97,28.39,79.55,5.29
2019,11,Kilinochchi,LK42,-0.5,0.866025403784438,0,0,1,0,264.738465,288.051279999999,714.49233,78.2644836666666,376.98462,202.692302,301.77948,171.857736666666,1,9.3803,80.377,27.89,81.54,3.59,27.75,80.99,2.97
2019,12,Kilinochchi,LK42,-2.4492935982947e-16,1.0,0,0,0,1,263.107688,372.887173333333,962.71792,124.656825333333,264.738465,376.98462,288.051279999999,78.2644836666666,1,9.3803,80.377,27.04,80.86,4.94,27.89,81.54,3.59
2020,1,Kilinochchi,LK42,0.499999999999999,0.866025403784438,0,0,0,1,16.7230767,36.6102553333333,697.548666666666,35.448647,263.107688,264.738465,372.887173333333,124.656825333333,0,9.3803,80.377,26.67,76.81,4.32,27.04,80.86,4.94
2020,2,Kilinochchi,LK42,0.866025403784438,0.5,0,0,0,1,15.1846152,15.0769233333333,424.574376666666,57.5358123333333,16.7230767,263.107688,36.6102553333333,35.448647,0,9.3803,80.377,26.97,74.32,4.81,26.67,76.81,4.32
2020,3,Kilinochchi,LK42,1.0,6.12323399573676e-17,1,0,0,0,10.0000003,14.1948719999999,65.882052,33.510539,15.1846152,16.7230767,15.0769233333333,57.5358123333333,0,9.3803,80.377,28.08,73.02,4.04,26.97,74.32,4.81
2020,4,Kilinochchi,LK42,0.866025403784438,-0.499999999999999,1,0,0,0,69.1538484,32.4358993333333,61.7076966666666,63.2376483333333,10.0000003,15.1846152,14.1948719999999,33.510539,0,9.3803,80.377,29.84,73.09,3.6,28.08,73.02,4.04
2020,5,Kilinochchi,LK42,0.499999999999999,-0.866025403784438,0,1,0,0,97.2000015,115.64103,162.27179,137.483955,69.1538484,10.0000003,32.4358993333333,63.2376483333333,0,9.3803,80.377,30.14,75.95,4.46,29.84,73.09,3.6
2020,6,Kilinochchi,LK42,1.22464679914735e-16,-1.0,0,1,0,0,3.44615378,23.4512825333333,171.528206666666,106.376932,97.2000015,69.1538484,115.64103,137.483955,0,9.3803,80.377,29.54,75.75,6.06,30.14,75.95,4.46
2020,7,Kilinochchi,LK42,-0.499999999999999,-0.866025403784438,0,1,0,0,58.676922,37.39487,176.48718,288.160126666666,3.44615378,97.2000015,23.4512825333333,106.376932,0,9.3803,80.377,28.54,78.58,5.16,29.54,75.75,6.06
2020,8,Kilinochchi,LK42,-0.866025403784438,-0.5,0,1,0,0,10.9538461,28.1589723333333,89.0051266666666,80.2185579999999,58.676922,3.44615378,37.39487,288.160126666666,0,9.3803,80.377,28.85,77.37,5.79,28.54,78.58,5.16
2020,9,Kilinochchi,LK42,-1.0,-1.83697019872102e-16,0,1,0,0,169.323075,131.19487,196.748706666666,138.29638,10.9538461,58.676922,28.1589723333333,80.2185579999999,0,9.3803,80.377,28.25,79.66,6.05,28.85,77.37,5.79
2020,10,Kilinochchi,LK42,-0.866025403784438,0.5,0,0,1,0,57.861537,76.5897426666666,235.94358,32.5970633333333,169.323075,10.9538461,131.19487,138.29638,0,9.3803,80.377,28.32,79.06,4.87,28.25,79.66,6.05
2020,11,Kilinochchi,LK42,-0.5,0.866025403784438,0,0,1,0,344.32308,277.871793333333,485.656406666666,99.3026699999999,57.861537,169.323075,76.5897426666666,32.5970633333333,0,9.3803,80.377,27.8,82.14,4.33,28.32,79.06,4.87
2020,12,Kilinochchi,LK42,-2.4492935982947e-16,1.0,0,0,0,1,367.692316,373.158986666666,727.62053,177.213576666666,344.32308,57.861537,277.871793333333,99.3026699999999,0,9.3803,80.377,26.55,83.39,5.06,27.8,82.14,4.33
2021,1,Kilinochchi,LK42,0.499999999999999,0.866025403784438,0,0,0,1,220.7692305,267.75384,918.78458,244.863874666666,367.692316,344.32308,373.158986666666,177.213576666666,0,9.3803,80.377,26.33,83.18,4.57,26.55,83.39,5.06
2021,2,Kilinochchi,LK42,0.866025403784438,0.5,0,0,0,1,20.0923073,53.4871766666666,694.400033333333,62.2341893333333,220.7692305,367.692316,267.75384,244.863874666666,0,9.3803,80.377,26.1,77.92,4.49,26.33,83.18,4.57
2021,3,Kilinochchi,LK42,1.0,6.12323399573676e-17,1,0,0,0,45.492306,34.4717956666666,355.71283,79.8660036666666,20.0923073,220.7692305,53.4871766666666,62.2341893333333,0,9.3803,80.377,27.69,77.08,3.67,26.1,77.92,4.49
2021,4,Kilinochchi,LK42,0.866025403784438,-0.499999999999999,1,0,0,0,89.492307,72.5794876666666,160.538456666666,76.2824976666666,45.492306,20.0923073,34.4717956666666,79.8660036666666,0,9.3803,80.377,29.29,75.92,3.23,27.69,77.08,3.67
2021,5,Kilinochchi,LK42,0.499999999999999,-0.866025403784438,0,1,0,0,79.892308,94.9282099999999,201.979493333333,122.400882,89.492307,45.492306,72.5794876666666,76.2824976666666,0,9.3803,80.377,29.35,79.31,5.23,29.29,75.92,3.23
2021,6,Kilinochchi,LK42,1.22464679914735e-16,-1.0,0,1,0,0,9.40000008,26.8256413333333,194.33334,133.227253333333,79.892308,89.492307,94.9282099999999,122.400882,0,9.3803,80.377,29.11,78.75,5.78,29.35,79.31,5.23
2021,7,Kilinochchi,LK42,-0.499999999999999,-0.866025403784438,0,1,0,0,31.8000003,25.097436,146.851288666666,187.950103333333,9.40000008,79.892308,26.8256413333333,133.227253333333,0,9.3803,80.377,29.05,77.49,5.96,29.11,78.75,5.78
2021,8,Kilinochchi,LK42,-0.866025403784438,-0.5,0,1,0,0,22.1076914,17.6358976666666,69.5589686666666,106.277086666666,31.8000003,9.40000008,25.097436,187.950103333333,0,9.3803,80.377,28.71,77.18,5.52,29.05,77.49,5.96
2021,9,Kilinochchi,LK42,-1.0,-1.83697019872102e-16,0,1,0,0,170.307696,113.964105333333,156.69744,132.80133,22.1076914,31.8000003,17.6358976666666,106.277086666666,0,9.3803,80.377,28.64,79.0,5.19,28.71,77.18,5.52
2021,10,Kilinochchi,LK42,-0.866025403784438,0.5,0,0,1,0,300.96923,251.846156666666,383.446136666666,143.584251666666,170.307696,22.1076914,113.964105333333,132.80133,0,9.3803,80.377,27.97,83.06,4.28,28.64,79.0,5.19
2021,11,Kilinochchi,LK42,-0.5,0.866025403784438,0,0,1,0,603.55385,533.789726666666,899.599966666666,169.986093333333,300.96923,170.307696,251.846156666666,143.584251666666,0,9.3803,80.377,27.07,86.3,4.39,27.97,83.06,4.28
2021,12,Kilinochchi,LK42,-2.4492935982947e-16,1.0,0,0,0,1,60.8615379999999,229.753856,1015.3897,35.0760656666666,603.55385,300.96923,533.789726666666,169.986093333333,0,9.3803,80.377,26.94,78.71,4.25,27.07,86.3,4.39
2022,1,Kilinochchi,LK42,0.499999999999999,0.866025403784438,0,0,0,1,38.8307685,46.5692323333333,810.112826666666,56.6391039999999,60.8615379999999,603.55385,229.753856,35.0760656666666,0,9.3803,80.377,26.46,79.13,4.55,26.94,78.71,4.25
2022,2,Kilinochchi,LK42,0.866025403784438,0.5,0,0,0,1,59.1538458,51.276924,327.599993333333,136.685786666666,38.8307685,60.8615379999999,46.5692323333333,56.6391039999999,0,9.3803,80.377,26.41,77.1,4.48,26.46,79.13,4.55
2022,3,Kilinochchi,LK42,1.0,6.12323399573676e-17,1,0,0,0,42.415386,45.153848,143.000006666666,76.6782246666666,59.1538458,38.8307685,51.276924,136.685786666666,0,9.3803,80.377,28.07,77.4,3.89,26.41,77.1,4.48
2022,4,Kilinochchi,LK42,0.866025403784438,-0.499999999999999,1,0,0,0,264.830763,211.728203333333,308.158973333333,209.954253333333,42.415386,59.1538458,45.153848,76.6782246666666,0,9.3803,80.377,28.79,79.85,3.13,28.07,77.4,3.89
2022,5,Kilinochchi,LK42,0.499999999999999,-0.866025403784438,0,1,0,0,21.0923081999999,86.2615393333333,343.143603333333,46.4324633333333,264.830763,42.415386,211.728203333333,209.954253333333,0,9.3803,80.377,29.11,81.41,6.34,28.79,79.85,3.13
2022,6,Kilinochchi,LK42,1.22464679914735e-16,-1.0,0,1,0,0,1.46153849999999,4.28205153333333,302.271783333333,96.0546333333333,21.0923081999999,264.830763,86.2615393333333,46.4324633333333,0,9.3803,80.377,28.67,79.55,5.42,29.11,81.41,6.34
2022,7,Kilinochchi,LK42,-0.499999999999999,-0.866025403784438,0,1,0,0,39.1538460999999,15.6102566,106.153848333333,203.41295,1.46153849999999,21.0923081999999,4.28205153333333,96.0546333333333,0,9.3803,80.377,28.68,77.21,5.07,28.67,79.55,5.42
2022,8,Kilinochchi,LK42,-0.866025403784438,-0.5,0,1,0,0,57.707692,46.1487166666666,66.0410246666666,174.859896666666,39.1538460999999,1.46153849999999,15.6102566,203.41295,0,9.3803,80.377,28.21,79.74,5.31,28.68,77.21,5.07
2022,9,Kilinochchi,LK42,-1.0,-1.83697019872102e-16,0,1,0,0,46.8615374,74.3282046666666,136.08717,46.9792616666666,57.707692,39.1538460999999,46.1487166666666,174.859896666666,0,9.3803,80.377,28.3,78.99,5.34,28.21,79.74,5.31
2022,10,Kilinochchi,LK42,-0.866025403784438,0.5,0,0,1,0,244.876925,162.512823333333,282.989736666666,119.029966666666,46.8615374,57.707692,74.3282046666666,46.9792616666666,0,9.3803,80.377,28.02,78.57,3.62,28.3,78.99,5.34
2022,11,Kilinochchi,LK42,-0.5,0.866025403784438,0,0,1,0,231.0615287,296.69742,533.538423333333,67.2471213333333,244.876925,46.8615374,162.512823333333,119.029966666666,0,9.3803,80.377,26.81,82.18,4.03,28.02,78.57,3.62
2022,12,Kilinochchi,LK42,-2.4492935982947e-16,1.0,0,0,0,1,241.061537,200.984613333333,660.194843333333,119.418138666666,231.0615287,244.876925,296.69742,67.2471213333333,0,9.3803,80.377,26.4,83.84,5.31,26.81,82.18,4.03
2023,1,Kilinochchi,LK42,0.499999999999999,0.866025403784438,0,0,0,1,58.7076917,94.6717913333333,592.35383,82.5984633333333,241.061537,231.0615287,200.984613333333,119.418138666666,0,9.3803,80.377,25.65,77.2,5.02,26.4,83.84,5.31
2023,2,Kilinochchi,LK42,0.866025403784438,0.5,0,0,0,1,122.153840899999,144.892303333333,440.54869,206.386876,58.7076917,241.061537,94.6717913333333,82.5984633333333,0,9.3803,80.377,26.07,77.79,4.52,25.65,77.2,5.02
2023,3,Kilinochchi,LK42,1.0,6.12323399573676e-17,1,0,0,0,40.5999985,23.1538463333333,262.71793,75.3689346666666,122.153840899999,58.7076917,144.892303333333,206.386876,0,9.3803,80.377,27.77,77.87,3.85,26.07,77.79,4.52
2023,4,Kilinochchi,LK42,0.866025403784438,-0.499999999999999,1,0,0,0,82.3076907999999,63.6205116666666,231.66665,73.6946646666666,40.5999985,122.153840899999,23.1538463333333,75.3689346666666,0,9.3803,80.377,29.53,73.93,3.18,27.77,77.87,3.85
2023,5,Kilinochchi,LK42,0.499999999999999,-0.866025403784438,0,1,0,0,246.32308,273.866673333333,360.641023333333,295.215488333333,82.3076907999999,40.5999985,63.6205116666666,73.6946646666666,0,9.3803,80.377,28.92,82.75,4.64,29.53,73.93,3.18
2023,6,Kilinochchi,LK42,1.22464679914735e-16,-1.0,0,1,0,0,3.03076922,16.9538466666666,354.441063333333,105.076586666666,246.32308,82.3076907999999,273.866673333333,295.215488333333,0,9.3803,80.377,29.42,79.29,5.95,28.92,82.75,4.64
2023,7,Kilinochchi,LK42,-0.499999999999999,-0.866025403784438,0,1,0,0,11.8615385,10.2051283333333,301.025663333333,107.351045,3.03076922,246.32308,16.9538466666666,105.076586666666,0,9.3803,80.377,29.27,75.58,6.14,29.42,79.29,5.95
2023,8,Kilinochchi,LK42,-0.866025403784438,-0.5,0,1,0,0,13.6615390999999,8.56923103333333,35.7282046666666,82.389152,11.8615385,3.03076922,10.2051283333333,107.351045,0,9.3803,80.377,29.62,74.0,5.1,29.27,75.58,6.14
2023,9,Kilinochchi,LK42,-1.0,-1.83697019872102e-16,0,1,0,0,54.261538,42.430769,61.205131,52.597788,13.6615390999999,11.8615385,8.56923103333333,82.389152,0,9.3803,80.377,28.98,76.13,6.73,29.62,74.0,5.1
2023,10,Kilinochchi,LK42,-0.866025403784438,0.5,0,0,1,0,198.492307,144.328205333333,195.328203333333,97.3393333333333,54.261538,13.6615390999999,42.430769,52.597788,0,9.3803,80.377,28.33,78.93,3.65,28.98,76.13,6.73
2023,11,Kilinochchi,LK42,-0.5,0.866025403784438,0,0,1,0,495.73846,451.553853333333,638.312803333333,141.319526666666,198.492307,54.261538,144.328205333333,97.3393333333333,0,9.3803,80.377,27.69,83.72,3.06,28.33,78.93,3.65
2023,12,Kilinochchi,LK42,-2.4492935982947e-16,1.0,0,0,0,1,322.846142,384.06666,979.948716666666,151.960125333333,495.73846,198.492307,451.553853333333,141.319526666666,0,9.3803,80.377,27.24,86.56,5.11,27.69,83.72,3.06
2024,1,Kilinochchi,LK42,0.499999999999999,0.866025403784438,0,0,0,1,101.446149499999,151.38974,987.010253333333,109.113349333333,322.846142,495.73846,384.06666,151.960125333333,0,9.3803,80.377,26.59,79.47,4.55,27.24,86.56,5.11
2024,2,Kilinochchi,LK42,0.866025403784438,0.5,0,0,0,1,11.3846155,13.9538459999999,549.41026,48.750154,101.446149499999,322.846142,151.38974,109.113349333333,0,9.3803,80.377,27.25,79.38,4.79,26.59,79.47,4.55
2024,3,Kilinochchi,LK42,1.0,6.12323399573676e-17,1,0,0,0,18.8923074,14.0153846666666,179.358966666666,45.5824203333333,11.3846155,101.446149499999,13.9538459999999,48.750154,0,9.3803,80.377,28.06,74.94,3.72,27.25,79.38,4.79
2024,4,Kilinochchi,LK42,0.866025403784438,-0.499999999999999,1,0,0,0,44.0307686999999,33.1999996666666,61.1692313333333,43.7239236666666,18.8923074,11.3846155,14.0153846666666,45.5824203333333,0,9.3803,80.377,30.26,74.43,3.27,28.06,74.94,3.72
2024,5,Kilinochchi,LK42,0.499999999999999,-0.866025403784438,0,1,0,0,101.292303999999,85.68205,132.897446666666,154.107201333333,44.0307686999999,18.8923074,33.1999996666666,43.7239236666666,0,9.3803,80.377,30.26,78.18,4.23,30.26,74.43,3.27
2024,6,Kilinochchi,LK42,1.22464679914735e-16,-1.0,0,1,0,0,4.41538466,39.4461524333333,158.328196666666,109.530958666666,101.292303999999,44.0307686999999,85.68205,154.107201333333,0,9.3803,80.377,29.4,78.91,6.38,30.26,78.18,4.23
2024,7,Kilinochchi,LK42,-0.499999999999999,-0.866025403784438,0,1,0,0,6.2923078,4.8307695,129.95896,84.4378113333333,4.41538466,101.292303999999,39.4461524333333,109.530958666666,0,9.3803,80.377,29.6,75.08,6.19,29.4,78.91,6.38
2024,8,Kilinochchi,LK42,-0.866025403784438,-0.5,0,1,0,0,28.369231,20.2820516666666,64.558973,139.878773333333,6.2923078,4.41538466,4.8307695,84.4378113333333,0,9.3803,80.377,29.0,78.96,5.07,29.6,75.08,6.19
2024,9,Kilinochchi,LK42,-1.0,-1.83697019872102e-16,0,1,0,0,33.5230771,31.5076933333333,56.6205153333333,34.7541066666666,28.369231,6.2923078,20.2820516666666,139.878773333333,0,9.3803,80.377,29.36,77.3,5.69,29.0,78.96,5.07
2024,10,Kilinochchi,LK42,-0.866025403784438,0.5,0,0,1,0,235.246155,173.46666,225.256406666666,120.464995,33.5230771,28.369231,31.5076933333333,34.7541066666666,0,9.3803,80.377,28.47,80.81,3.53,29.36,77.3,5.69
2024,11,Kilinochchi,LK42,-0.5,0.866025403784438,0,0,1,0,521.70771,348.148726666666,553.12307,149.190352,235.246155,33.5230771,173.46666,120.464995,0,9.3803,80.377,27.94,83.34,5.1,28.47,80.81,3.53
2024,12,Kilinochchi,LK42,-2.4492935982947e-16,1.0,0,0,0,1,78.2615403,293.446165333333,815.061566666666,43.9575319999999,521.70771,235.246155,348.148726666666,149.190352,0,9.3803,80.377,27.0,84.97,4.59,27.94,83.34,5.1
2017,1,Mannar,LK43,0.499999999999999,0.866025403784438,0,0,0,1,167.4153815,94.4974316666666,474.646173333333,168.154581,272.747250714285,414.518679742857,319.026371238095,105.021282380952,0,8.981,79.9044,25.61,76.02,4.66,26.312857142857144,84.28571428571429,4.217142857142857
2017,2,Mannar,LK43,0.866025403784438,0.5,0,0,0,1,24.8769245,120.707688333333,361.605143333333,80.6166346666666,167.4153815,272.747250714285,94.4974316666666,168.154581,0,8.981,79.9044,26.06,71.32,4.0,25.61,76.02,4.66
2017,3,Mannar,LK43,1.0,6.12323399573676e-17,1,0,0,0,123.9384615,117.451281666666,332.656413333333,216.708830666666,24.8769245,167.4153815,120.707688333333,80.6166346666666,0,8.981,79.9044,27.92,75.11,2.77,26.06,71.32,4.0
2017,4,Mannar,LK43,0.866025403784438,-0.499999999999999,1,0,0,0,38.4000002999999,48.3743576666666,286.53336,39.8750196666666,123.9384615,24.8769245,117.451281666666,216.708830666666,0,8.981,79.9044,29.92,72.77,3.44,27.92,75.11,2.77
2017,5,Mannar,LK43,0.499999999999999,-0.866025403784438,0,1,0,0,141.892307,99.5897416666666,265.41539,159.014834666666,38.4000002999999,123.9384615,48.3743576666666,39.8750196666666,0,8.981,79.9044,29.68,76.41,4.78,29.92,72.77,3.44
2017,6,Mannar,LK43,1.22464679914735e-16,-1.0,0,1,0,0,2.2461538,53.3230759333333,201.287166666666,94.023613,141.892307,38.4000002999999,99.5897416666666,159.014834666666,0,8.981,79.9044,29.03,76.52,6.44,29.68,76.41,4.78
2017,7,Mannar,LK43,-0.499999999999999,-0.866025403784438,0,1,0,0,75.569229,50.2717936666666,203.1846,156.756723333333,2.2461538,141.892307,53.3230759333333,94.023613,0,8.981,79.9044,29.26,73.41,5.5,29.03,76.52,6.44
2017,8,Mannar,LK43,-0.866025403784438,-0.5,0,1,0,0,119.184617,106.220513333333,209.81538,223.26566,75.569229,2.2461538,50.2717936666666,156.756723333333,0,8.981,79.9044,28.52,78.18,5.23,29.26,73.41,5.5
2017,9,Mannar,LK43,-1.0,-1.83697019872102e-16,0,1,0,0,154.307688999999,158.907693333333,315.40001,146.754586666666,119.184617,75.569229,106.220513333333,223.26566,0,8.981,79.9044,28.05,80.46,5.21,28.52,78.18,5.23
2017,10,Mannar,LK43,-0.866025403784438,0.5,0,0,1,0,175.169228,125.235892999999,390.364093333333,77.5896616666666,154.307688999999,119.184617,158.907693333333,146.754586666666,0,8.981,79.9044,28.26,78.93,4.46,28.05,80.46,5.21
2017,11,Mannar,LK43,-0.5,0.866025403784438,0,0,1,0,358.123071,336.379486666666,620.52308,92.5919726666666,175.169228,154.307688999999,125.235892999999,77.5896616666666,0,8.981,79.9044,26.91,84.64,3.87,28.26,78.93,4.46
2017,12,Mannar,LK43,-2.4492935982947e-16,1.0,0,0,0,1,79.184615,161.056418666666,622.67178,33.938371,358.123071,175.169228,336.379486666666,92.5919726666666,0,8.981,79.9044,26.23,80.75,3.93,26.91,84.64,3.87
2018,1,Mannar,LK43,0.499999999999999,0.866025403784438,0,0,0,1,31.7538466,45.107692,542.543593333333,39.1469066666666,79.184615,358.123071,161.056418666666,33.938371,0,8.981,79.9044,25.58,75.9,4.26,26.23,80.75,3.93
2018,2,Mannar,LK43,0.866025403784438,0.5,0,0,0,1,14.5538458999999,19.6000003333333,225.764126666666,55.9897713333333,31.7538466,79.184615,45.107692,39.1469066666666,0,8.981,79.9044,26.63,73.19,4.5,25.58,75.9,4.26
2018,3,Mannar,LK43,1.0,6.12323399573676e-17,1,0,0,0,75.123075,53.451283,118.15897,143.602006666666,14.5538458999999,31.7538466,19.6000003333333,55.9897713333333,0,8.981,79.9044,28.48,71.48,3.44,26.63,73.19,4.5
2018,4,Mannar,LK43,0.866025403784438,-0.499999999999999,1,0,0,0,97.3384629999999,87.5487166666666,160.600003333333,82.8100073333333,75.123075,14.5538458999999,53.451283,143.602006666666,0,8.981,79.9044,29.85,71.69,2.74,28.48,71.48,3.44
2018,5,Mannar,LK43,0.499999999999999,-0.866025403784438,0,1,0,0,250.307695,202.897443333333,343.897443333333,251.233766666666,97.3384629999999,75.123075,87.5487166666666,82.8100073333333,0,8.981,79.9044,28.82,80.68,4.16,29.85,71.69,2.74
2018,6,Mannar,LK43,1.22464679914735e-16,-1.0,0,1,0,0,3.9692308,87.0666702333333,377.512833333333,103.102903333333,250.307695,97.3384629999999,202.897443333333,251.233766666666,0,8.981,79.9044,28.46,80.3,6.53,28.82,80.68,4.16
2018,7,Mannar,LK43,-0.499999999999999,-0.866025403784438,0,1,0,0,44.046153,31.4769223333333,321.44103,102.167323333333,3.9692308,250.307695,87.0666702333333,103.102903333333,0,8.981,79.9044,28.49,76.56,5.98,28.46,80.3,6.53
2018,8,Mannar,LK43,-0.866025403784438,-0.5,0,1,0,0,52.492309,37.394872,155.938463333333,100.138289999999,44.046153,3.9692308,31.4769223333333,102.167323333333,0,8.981,79.9044,28.09,76.89,5.76,28.49,76.56,5.98
2018,9,Mannar,LK43,-1.0,-1.83697019872102e-16,0,1,0,0,72.646154,65.1743633333333,134.046156666666,65.5539583333333,52.492309,44.046153,37.394872,100.138289999999,0,8.981,79.9044,28.31,74.86,4.67,28.09,76.89,5.76
2018,10,Mannar,LK43,-0.866025403784438,0.5,0,0,1,0,286.600004,227.625646666666,330.194866666666,140.491086666666,72.646154,52.492309,65.1743633333333,65.5539583333333,0,8.981,79.9044,27.62,81.03,3.04,28.31,74.86,4.67
2018,11,Mannar,LK43,-0.5,0.866025403784438,0,0,1,0,326.184622,374.010266666666,666.810266666666,84.90744,286.600004,72.646154,227.625646666666,140.491086666666,0,8.981,79.9044,26.75,83.09,3.53,27.62,81.03,3.04
2018,12,Mannar,LK43,-2.4492935982947e-16,1.0,0,0,0,1,152.061535,147.025639999999,748.661566666666,62.0831433333333,326.184622,286.600004,374.010266666666,84.90744,0,8.981,79.9044,26.11,83.18,4.0,26.75,83.09,3.53
2019,1,Mannar,LK43,0.499999999999999,0.866025403784438,0,0,0,1,11.3384615,59.8410236666666,580.876933333333,21.886981,152.061535,326.184622,147.025639999999,62.0831433333333,1,8.981,79.9044,25.41,76.53,4.41,26.11,83.18,4.0
2019,2,Mannar,LK43,0.866025403784438,0.5,0,0,0,1,84.8307676,85.9435933333333,292.81026,140.630700666666,11.3384615,152.061535,59.8410236666666,21.886981,0,8.981,79.9044,27.37,75.67,3.79,25.41,76.53,4.41
2019,3,Mannar,LK43,1.0,6.12323399573676e-17,1,0,0,0,5.0769233,5.97435923333333,151.758978333333,30.7617956666666,84.8307676,11.3384615,85.9435933333333,140.630700666666,0,8.981,79.9044,29.33,65.88,3.4,27.37,75.67,3.79
2019,4,Mannar,LK43,0.866025403784438,-0.499999999999999,1,0,0,0,87.0153865,48.0923099,140.010254666666,73.6749646666666,5.0769233,84.8307676,5.97435923333333,30.7617956666666,0,8.981,79.9044,30.85,64.61,2.43,29.33,65.88,3.4
2019,5,Mannar,LK43,0.499999999999999,-0.866025403784438,0,1,0,0,36.3846157,58.9179483333333,112.984617,57.1173223333333,87.0153865,5.0769233,48.0923099,73.6749646666666,0,8.981,79.9044,30.11,74.8,5.59,30.85,64.61,2.43
2019,6,Mannar,LK43,1.22464679914735e-16,-1.0,0,1,0,0,9.4923079,26.764103,133.774363333333,127.338766666666,36.3846157,87.0153865,58.9179483333333,57.1173223333333,0,8.981,79.9044,29.8,75.08,6.56,30.11,74.8,5.59
2019,7,Mannar,LK43,-0.499999999999999,-0.866025403784438,0,1,0,0,43.430768,28.5948703333333,114.27692,99.9892116666666,9.4923079,36.3846157,26.764103,127.338766666666,0,8.981,79.9044,29.1,74.27,5.91,29.8,75.08,6.56
2019,8,Mannar,LK43,-0.866025403784438,-0.5,0,1,0,0,52.584614,55.45128,110.810257999999,116.236926666666,43.430768,9.4923079,28.5948703333333,99.9892116666666,0,8.981,79.9044,28.43,76.44,6.54,29.1,74.27,5.91
2019,9,Mannar,LK43,-1.0,-1.83697019872102e-16,0,1,0,0,190.876920999999,124.256406666666,208.30256,168.406096666666,52.584614,43.430768,55.45128,116.236926666666,0,8.981,79.9044,28.07,79.48,5.12,28.43,76.44,6.54
2019,10,Mannar,LK43,-0.866025403784438,0.5,0,0,1,0,299.169225,240.307686666666,420.015373333333,129.670423333333,190.876920999999,52.584614,124.256406666666,168.406096666666,0,8.981,79.9044,27.43,82.36,2.65,28.07,79.48,5.12
2019,11,Mannar,LK43,-0.5,0.866025403784438,0,0,1,0,318.876918,281.338456666666,645.902566666666,82.7380696666666,299.169225,190.876920999999,240.307686666666,129.670423333333,0,8.981,79.9044,27.45,83.48,3.16,27.43,82.36,2.65
2019,12,Mannar,LK43,-2.4492935982947e-16,1.0,0,0,0,1,374.79999,495.815373333333,1017.46153333333,141.361986666666,318.876918,299.169225,281.338456666666,82.7380696666666,0,8.981,79.9044,26.48,84.63,4.31,27.45,83.48,3.16
2020,1,Mannar,LK43,0.499999999999999,0.866025403784438,0,0,0,1,13.9999998999999,63.7999979999999,840.953846666666,24.0122096666666,374.79999,318.876918,495.815373333333,141.361986666666,0,8.981,79.9044,26.1,79.93,3.91,26.48,84.63,4.31
2020,2,Mannar,LK43,0.866025403784438,0.5,0,0,0,1,15.7230767,12.8358973333333,572.451233333333,61.3406916666666,13.9999998999999,374.79999,63.7999979999999,24.0122096666666,0,8.981,79.9044,26.69,75.46,4.32,26.1,79.93,3.91
2020,3,Mannar,LK43,1.0,6.12323399573676e-17,1,0,0,0,7.7846153,14.1897441666666,90.8256333333333,35.0330266666666,15.7230767,13.9999998999999,12.8358973333333,61.3406916666666,0,8.981,79.9044,28.7,68.46,3.41,26.69,75.46,4.32
2020,4,Mannar,LK43,0.866025403784438,-0.499999999999999,1,0,0,0,65.076924,37.174357,64.2000003333333,59.709286,7.7846153,15.7230767,14.1897441666666,35.0330266666666,0,8.981,79.9044,30.42,69.04,2.8,28.7,68.46,3.41
2020,5,Mannar,LK43,0.499999999999999,-0.866025403784438,0,1,0,0,150.353851,146.687183333333,198.051296666666,140.745076666666,65.076924,7.7846153,37.174357,59.709286,0,8.981,79.9044,29.96,75.89,4.27,30.42,69.04,2.8
2020,6,Mannar,LK43,1.22464679914735e-16,-1.0,0,1,0,0,5.66153869999999,37.1076945333333,220.96923,111.812026666666,150.353851,65.076924,146.687183333333,140.745076666666,0,8.981,79.9044,29.27,75.49,5.94,29.96,75.89,4.27
2020,7,Mannar,LK43,-0.499999999999999,-0.866025403784438,0,1,0,0,231.830764999999,154.70255,338.49742,425.91173,5.66153869999999,150.353851,37.1076945333333,111.812026666666,0,8.981,79.9044,28.18,78.83,4.95,29.27,75.49,5.94
2020,8,Mannar,LK43,-0.866025403784438,-0.5,0,1,0,0,19.7692307,92.70769,284.517946666666,58.2830996666666,231.830764999999,5.66153869999999,154.70255,425.91173,0,8.981,79.9044,28.43,77.68,5.83,28.18,78.83,4.95
2020,9,Mannar,LK43,-1.0,-1.83697019872102e-16,0,1,0,0,165.984616,129.91795,377.328206666666,147.63369,19.7692307,231.830764999999,92.70769,58.2830996666666,0,8.981,79.9044,27.91,79.84,5.8,28.43,77.68,5.83
2020,10,Mannar,LK43,-0.866025403784438,0.5,0,0,1,0,59.8461549999999,78.4410276666666,301.066683333333,33.1963846666666,165.984616,19.7692307,129.91795,147.63369,0,8.981,79.9044,28.1,78.45,4.69,27.91,79.84,5.8
2020,11,Mannar,LK43,-0.5,0.866025403784438,0,0,1,0,401.169225,324.09231,532.451273333333,103.604215,59.8461549999999,165.984616,78.4410276666666,33.1963846666666,0,8.981,79.9044,27.45,83.14,3.64,28.1,78.45,4.69
2020,12,Mannar,LK43,-2.4492935982947e-16,1.0,0,0,0,1,446.70769,421.071786666666,823.605086666666,171.820323333333,401.169225,59.8461549999999,324.09231,103.604215,0,8.981,79.9044,26.06,86.11,4.39,27.45,83.14,3.64
2021,1,Mannar,LK43,0.499999999999999,0.866025403784438,0,0,0,1,274.000001,348.21026,1093.3744,219.512041666666,446.70769,401.169225,421.071786666666,171.820323333333,0,8.981,79.9044,25.91,85.44,4.0,26.06,86.11,4.39
2021,2,Mannar,LK43,0.866025403784438,0.5,0,0,0,1,16.9384615,65.2615393333333,834.543626666666,56.4547953333333,274.000001,446.70769,348.21026,219.512041666666,0,8.981,79.9044,25.66,80.39,4.07,25.91,85.44,4.0
2021,3,Mannar,LK43,1.0,6.12323399573676e-17,1,0,0,0,28.492307,21.03077,434.502573333333,65.8792396666666,16.9384615,274.000001,65.2615393333333,56.4547953333333,0,8.981,79.9044,27.42,77.65,3.31,25.66,80.39,4.07
2021,4,Mannar,LK43,0.866025403784438,-0.499999999999999,1,0,0,0,143.93846,101.738461333333,188.030763333333,115.121965,28.492307,16.9384615,21.03077,65.8792396666666,0,8.981,79.9044,29.04,76.6,3.05,27.42,77.65,3.31
2021,5,Mannar,LK43,0.499999999999999,-0.866025403784438,0,1,0,0,99.199999,128.03077,250.799999999999,103.280213333333,143.93846,28.492307,101.738461333333,115.121965,0,8.981,79.9044,29.05,79.47,4.78,29.04,76.6,3.05
2021,6,Mannar,LK43,1.22464679914735e-16,-1.0,0,1,0,0,12.7846159,36.8512835,266.620513333333,140.77893,99.199999,143.93846,128.03077,103.280213333333,0,8.981,79.9044,28.8,78.82,5.59,29.05,79.47,4.78
2021,7,Mannar,LK43,-0.499999999999999,-0.866025403784438,0,1,0,0,127.984613,100.548716666666,265.430763333333,253.359462,12.7846159,99.199999,36.8512835,140.77893,0,8.981,79.9044,28.76,77.03,5.86,28.8,78.82,5.59
2021,8,Mannar,LK43,-0.866025403784438,-0.5,0,1,0,0,42.36923,51.128204,188.528223333333,88.4772686666666,127.984613,12.7846159,100.548716666666,253.359462,0,8.981,79.9044,28.31,77.51,5.53,28.76,77.03,5.86
2021,9,Mannar,LK43,-1.0,-1.83697019872102e-16,0,1,0,0,160.49231,114.676926666666,266.353866666666,135.186683333333,42.36923,127.984613,51.128204,88.4772686666666,0,8.981,79.9044,28.33,79.37,5.17,28.31,77.51,5.53
2021,10,Mannar,LK43,-0.866025403784438,0.5,0,0,1,0,297.538465,253.58974,419.394876666666,141.545476,160.49231,42.36923,114.676926666666,135.186683333333,0,8.981,79.9044,27.61,83.61,4.08,28.33,79.37,5.17
2021,11,Mannar,LK43,-0.5,0.866025403784438,0,0,1,0,667.4,586.517946666666,954.78465,169.531026666666,297.538465,160.49231,253.58974,141.545476,0,8.981,79.9044,26.69,87.37,3.96,27.61,83.61,4.08
2021,12,Mannar,LK43,-2.4492935982947e-16,1.0,0,0,0,1,93.56923,254.63589,1094.7436,39.3114723333333,667.4,297.538465,586.517946666666,169.531026666666,0,8.981,79.9044,26.35,81.91,3.78,26.69,87.37,3.96
2022,1,Mannar,LK43,0.499999999999999,0.866025403784438,0,0,0,1,46.2615383,59.764102,900.917936666666,48.9835019999999,93.56923,667.4,254.63589,39.3114723333333,0,8.981,79.9044,26.05,81.79,4.02,26.35,81.91,3.78
2022,2,Mannar,LK43,0.866025403784438,0.5,0,0,0,1,76.0615378,68.5128199999999,382.91281,174.434947666666,46.2615383,93.56923,59.764102,48.9835019999999,0,8.981,79.9044,25.92,79.66,4.03,26.05,81.79,4.02
2022,3,Mannar,LK43,1.0,6.12323399573676e-17,1,0,0,0,43.0923074,56.4512843333333,184.7282,88.2872986666666,76.0615378,46.2615383,68.5128199999999,174.434947666666,0,8.981,79.9044,28.03,76.57,3.51,25.92,79.66,4.03
2022,4,Mannar,LK43,0.866025403784438,-0.499999999999999,1,0,0,0,199.90769,153.102566666666,278.06667,161.273863333333,43.0923074,76.0615378,56.4512843333333,88.2872986666666,0,8.981,79.9044,28.65,79.72,2.56,28.03,76.57,3.51
2022,5,Mannar,LK43,0.499999999999999,-0.866025403784438,0,1,0,0,39.138461,90.0615373333333,299.615393333333,47.9432689999999,199.90769,43.0923074,153.102566666666,161.273863333333,0,8.981,79.9044,28.9,81.14,6.05,28.65,79.72,2.56
2022,6,Mannar,LK43,1.22464679914735e-16,-1.0,0,1,0,0,3.0461538,7.75897426666666,250.923093333333,98.02129,39.138461,199.90769,90.0615373333333,47.9432689999999,0,8.981,79.9044,28.33,79.54,5.33,28.9,81.14,6.05
2022,7,Mannar,LK43,-0.499999999999999,-0.866025403784438,0,1,0,0,105.4615445,42.5128208333333,140.333326666666,195.361597666666,3.0461538,39.138461,7.75897426666666,98.02129,0,8.981,79.9044,28.28,77.47,4.73,28.33,79.54,5.33
2022,8,Mannar,LK43,-0.866025403784438,-0.5,0,1,0,0,103.107693,112.0,162.271796666666,175.190963333333,105.4615445,3.0461538,42.5128208333333,195.361597666666,0,8.981,79.9044,27.85,79.57,5.23,28.28,77.47,4.73
2022,9,Mannar,LK43,-1.0,-1.83697019872102e-16,0,1,0,0,43.8461549999999,91.7948723333333,246.307693333333,49.0108963333333,103.107693,105.4615445,112.0,175.190963333333,0,8.981,79.9044,27.85,79.32,5.29,27.85,79.57,5.23
2022,10,Mannar,LK43,-0.866025403784438,0.5,0,0,1,0,253.999997,167.076923333333,370.871793333333,120.880924666666,43.8461549999999,103.107693,91.7948723333333,49.0108963333333,1,8.981,79.9044,27.59,80.19,3.62,27.85,79.32,5.29
2022,11,Mannar,LK43,-0.5,0.866025403784438,0,0,1,0,289.4615422,353.61026,612.482043333333,75.8967873333333,253.999997,43.8461549999999,167.076923333333,120.880924666666,0,8.981,79.9044,26.33,82.98,3.44,27.59,80.19,3.62
2022,12,Mannar,LK43,-2.4492935982947e-16,1.0,0,0,0,1,346.10769,280.107686666666,800.7949,133.308253333333,289.4615422,253.999997,353.61026,75.8967873333333,0,8.981,79.9044,26.07,84.86,4.48,26.33,82.98,3.44
2023,1,Mannar,LK43,0.499999999999999,0.866025403784438,0,0,0,1,107.507692,142.830768666666,776.548699999999,108.158450333333,346.10769,289.4615422,280.107686666666,133.308253333333,0,8.981,79.9044,25.08,80.22,4.51,26.07,84.86,4.48
2023,2,Mannar,LK43,0.866025403784438,0.5,0,0,0,1,143.7384545,195.16922,618.107656666666,223.762280333333,107.507692,346.10769,142.830768666666,108.158450333333,0,8.981,79.9044,25.52,80.76,4.17,25.08,80.22,4.51
2023,3,Mannar,LK43,1.0,6.12323399573676e-17,1,0,0,0,34.5692303,24.8512816666666,362.851266666666,75.286577,143.7384545,107.507692,195.16922,223.762280333333,0,8.981,79.9044,27.73,77.62,3.17,25.52,80.76,4.17
2023,4,Mannar,LK43,0.866025403784438,-0.499999999999999,1,0,0,0,70.9846158,50.9076943333333,270.928186666666,64.0158633333333,34.5692303,143.7384545,24.8512816666666,75.286577,0,8.981,79.9044,29.63,72.65,2.78,27.73,77.62,3.17
2023,5,Mannar,LK43,0.499999999999999,-0.866025403784438,0,1,0,0,330.99999,336.34358,412.102573333333,293.808985666666,70.9846158,34.5692303,50.9076943333333,64.0158633333333,0,8.981,79.9044,28.81,82.21,4.45,29.63,72.65,2.78
2023,6,Mannar,LK43,1.22464679914735e-16,-1.0,0,1,0,0,3.9846154,36.3179507666666,423.569226666666,102.59365,330.99999,70.9846158,336.34358,293.808985666666,0,8.981,79.9044,29.29,78.12,5.76,28.81,82.21,4.45
2023,7,Mannar,LK43,-0.499999999999999,-0.866025403784438,0,1,0,0,50.846153,43.5282053333333,416.189743333333,118.165518333333,3.9846154,330.99999,36.3179507666666,102.59365,0,8.981,79.9044,28.93,75.86,5.88,29.29,78.12,5.76
2023,8,Mannar,LK43,-0.866025403784438,-0.5,0,1,0,0,22.553846,20.4205116666666,100.266666666666,59.2453553333333,50.846153,3.9846154,43.5282053333333,118.165518333333,0,8.981,79.9044,29.19,74.65,5.34,28.93,75.86,5.88
2023,9,Mannar,LK43,-1.0,-1.83697019872102e-16,0,1,0,0,75.984615,58.1589763333333,122.107688,73.5224756666666,22.553846,50.846153,20.4205116666666,59.2453553333333,0,8.981,79.9044,28.61,76.71,6.34,29.19,74.65,5.34
2023,10,Mannar,LK43,-0.866025403784438,0.5,0,0,1,0,187.061542999999,147.57949,226.15897,91.150468,75.984615,22.553846,58.1589763333333,73.5224756666666,0,8.981,79.9044,27.86,80.7,3.53,28.61,76.71,6.34
2023,11,Mannar,LK43,-0.5,0.866025403784438,0,0,1,0,540.41538,468.635903333333,674.37435,138.590578666666,187.061542999999,75.984615,147.57949,91.150468,0,8.981,79.9044,27.32,85.2,2.64,27.86,80.7,3.53
2023,12,Mannar,LK43,-2.4492935982947e-16,1.0,0,0,0,1,416.800005,473.471803333333,1089.68721333333,153.325426666666,540.41538,187.061542999999,468.635903333333,138.590578666666,0,8.981,79.9044,26.89,88.56,4.63,27.32,85.2,2.64
2024,1,Mannar,LK43,0.499999999999999,0.866025403784438,0,0,0,1,140.3384593,215.30256,1157.4103,104.592277666666,416.800005,540.41538,473.471803333333,153.325426666666,0,8.981,79.9044,26.05,82.9,4.18,26.89,88.56,4.63
2024,2,Mannar,LK43,0.866025403784438,0.5,0,0,0,1,8.8461539,13.671795,702.446126666666,44.6027976666666,140.3384593,416.800005,215.30256,104.592277666666,0,8.981,79.9044,26.93,81.05,4.37,26.05,82.9,4.18
2024,3,Mannar,LK43,1.0,6.12323399573676e-17,1,0,0,0,15.846153,11.7589743333333,240.73333,46.7466976666666,8.8461539,140.3384593,13.671795,44.6027976666666,0,8.981,79.9044,28.27,72.35,3.33,26.93,81.05,4.37
2024,4,Mannar,LK43,0.866025403784438,-0.499999999999999,1,0,0,0,45.9692315,34.83077,60.261539,44.728107,15.846153,8.8461539,11.7589743333333,46.7466976666666,0,8.981,79.9044,30.93,69.81,2.56,28.27,72.35,3.33
2024,5,Mannar,LK43,0.499999999999999,-0.866025403784438,0,1,0,0,150.630762,115.784614999999,162.374356666666,150.583287666666,45.9692315,15.846153,34.83077,44.728107,0,8.981,79.9044,30.07,77.63,4.17,30.93,69.81,2.56
2024,6,Mannar,LK43,1.22464679914735e-16,-1.0,0,1,0,0,4.90769193,57.8153833333333,208.430763333333,105.330731666666,150.630762,45.9692315,115.784614999999,150.583287666666,0,8.981,79.9044,29.07,79.27,6.03,30.07,77.63,4.17
2024,7,Mannar,LK43,-0.499999999999999,-0.866025403784438,0,1,0,0,23.4769223,18.533334,192.133316666666,67.6879326666666,4.90769193,150.630762,57.8153833333333,105.330731666666,0,8.981,79.9044,29.29,75.15,5.97,29.07,79.27,6.03
2024,8,Mannar,LK43,-0.866025403784438,-0.5,0,1,0,0,73.153845,60.0564113333333,136.405125,153.245109999999,23.4769223,4.90769193,18.533334,67.6879326666666,0,8.981,79.9044,28.73,78.9,4.94,29.29,75.15,5.97
2024,9,Mannar,LK43,-1.0,-1.83697019872102e-16,0,1,0,0,35.8769232,43.4974353333333,122.087178333333,40.5947813333333,73.153845,23.4769223,60.0564113333333,153.245109999999,0,8.981,79.9044,29.25,76.6,5.64,28.73,78.9,4.94
2024,10,Mannar,LK43,-0.866025403784438,0.5,0,0,1,0,258.27692,186.348711333333,289.902553333333,128.559756666666,35.8769232,73.153845,43.4974353333333,40.5947813333333,0,8.981,79.9044,28.1,81.91,3.53,29.25,76.6,5.64
2024,11,Mannar,LK43,-0.5,0.866025403784438,0,0,1,0,580.66154,374.625653333333,604.471783333333,147.744104666666,258.27692,35.8769232,186.348711333333,128.559756666666,0,8.981,79.9044,27.44,84.55,4.24,28.1,81.91,3.53
2024,12,Mannar,LK43,-2.4492935982947e-16,1.0,0,0,0,1,110.353846,352.928213333333,913.902546666666,46.315149,580.66154,258.27692,374.625653333333,147.744104666666,0,8.981,79.9044,26.74,85.47,3.81,27.44,84.55,4.24
2017,1,Vavuniya,LK44,0.499999999999999,0.866025403784438,0,0,0,1,168.0588189,97.4117633333333,483.121593333333,163.474916666666,285.885711,460.453779042857,345.45209647619,105.87211195238,0,8.7514,80.4971,25.12,76.68,3.49,25.72142857142857,86.62285714285714,3.1242857142857146
2017,2,Vavuniya,LK44,0.866025403784438,0.5,0,0,0,1,19.4705881,119.933333,372.384276666666,72.057055,168.0588189,285.885711,97.4117633333333,163.474916666666,0,8.7514,80.4971,25.55,72.17,3.01,25.12,76.68,3.49
2017,3,Vavuniya,LK44,1.0,6.12323399573676e-17,1,0,0,0,100.6470541,95.819608,313.1647,205.215465333333,19.4705881,168.0588189,119.933333,72.057055,0,8.7514,80.4971,27.27,77.37,2.18,25.55,72.17,3.01
2017,4,Vavuniya,LK44,0.866025403784438,-0.499999999999999,1,0,0,0,28.9058819,35.4470576666666,251.200003333333,37.7222446666666,100.6470541,19.4705881,95.819608,205.215465333333,0,8.7514,80.4971,29.92,70.33,2.43,27.27,77.37,2.18
2017,5,Vavuniya,LK44,0.499999999999999,-0.866025403784438,0,1,0,0,72.705884,54.7058819999999,185.972546666666,132.761806666666,28.9058819,100.6470541,35.4470576666666,37.7222446666666,0,8.7514,80.4971,29.65,74.44,3.52,29.92,70.33,2.43
2017,6,Vavuniya,LK44,1.22464679914735e-16,-1.0,0,1,0,0,1.3294118,25.7529422333333,115.90588,95.9412446666666,72.705884,28.9058819,54.7058819999999,132.761806666666,0,8.7514,80.4971,29.13,72.81,5.22,29.65,74.44,3.52
2017,7,Vavuniya,LK44,-0.499999999999999,-0.866025403784438,0,1,0,0,36.9882356,24.662745,105.121566666666,132.752006666666,1.3294118,72.705884,25.7529422333333,95.9412446666666,0,8.7514,80.4971,29.55,68.9,4.35,29.13,72.81,5.22
2017,8,Vavuniya,LK44,-0.866025403784438,-0.5,0,1,0,0,74.164705,63.258822,113.674508333333,182.769083333333,36.9882356,1.3294118,24.662745,132.752006666666,0,8.7514,80.4971,28.64,75.31,4.29,29.55,68.9,4.35
2017,9,Vavuniya,LK44,-1.0,-1.83697019872102e-16,0,1,0,0,132.90588,125.211766666666,213.133333333333,162.645593333333,74.164705,36.9882356,63.258822,182.769083333333,0,8.7514,80.4971,28.23,77.06,3.96,28.64,75.31,4.29
2017,10,Vavuniya,LK44,-0.866025403784438,0.5,0,0,1,0,171.611765,122.20392,310.67451,80.8489833333333,132.90588,74.164705,125.211766666666,162.645593333333,0,8.7514,80.4971,28.22,77.05,3.45,28.23,77.06,3.96
2017,11,Vavuniya,LK44,-0.5,0.866025403784438,0,0,1,0,442.752943999999,402.576476666666,649.99215,101.220566666666,171.611765,132.90588,122.20392,80.8489833333333,0,8.7514,80.4971,26.33,87.1,3.01,28.22,77.05,3.45
2017,12,Vavuniya,LK44,-2.4492935982947e-16,1.0,0,0,0,1,88.023527,186.533333333333,711.313713333333,36.0762336666666,442.752943999999,171.611765,402.576476666666,101.220566666666,0,8.7514,80.4971,25.64,82.75,2.87,26.33,87.1,3.01
2018,1,Vavuniya,LK44,0.499999999999999,0.866025403784438,0,0,0,1,31.2941167,43.180392,632.290186666666,38.25218,88.023527,442.752943999999,186.533333333333,36.0762336666666,0,8.7514,80.4971,25.02,77.35,3.06,25.64,82.75,2.87
2018,2,Vavuniya,LK44,0.866025403784438,0.5,0,0,0,1,18.8823527,20.9843133333333,250.698033333333,70.6270173333333,31.2941167,88.023527,43.180392,38.25218,1,8.7514,80.4971,26.29,73.0,3.36,25.02,77.35,3.06
2018,3,Vavuniya,LK44,1.0,6.12323399573676e-17,1,0,0,0,67.058825,51.0627433333333,115.227448,152.418441,18.8823527,31.2941167,20.9843133333333,70.6270173333333,0,8.7514,80.4971,28.01,71.68,2.67,26.29,73.0,3.36
2018,4,Vavuniya,LK44,0.866025403784438,-0.499999999999999,1,0,0,0,62.176471,61.8549023333333,133.901956666666,65.992415,67.058825,18.8823527,51.0627433333333,152.418441,0,8.7514,80.4971,29.38,72.91,2.27,28.01,71.68,2.67
2018,5,Vavuniya,LK44,0.499999999999999,-0.866025403784438,0,1,0,0,137.811762,114.313728333333,227.231373333333,227.647486666666,62.176471,67.058825,61.8549023333333,65.992415,0,8.7514,80.4971,28.18,82.59,2.88,29.38,72.91,2.27
2018,6,Vavuniya,LK44,1.22464679914735e-16,-1.0,0,1,0,0,1.96470595999999,49.3294129999999,225.49803,99.8026866666666,137.811762,62.176471,114.313728333333,227.647486666666,1,8.7514,80.4971,28.16,79.74,5.33,28.18,82.59,2.88
2018,7,Vavuniya,LK44,-0.499999999999999,-0.866025403784438,0,1,0,0,26.9058824,19.3843128333333,183.027456666666,107.019672,1.96470595999999,137.811762,49.3294129999999,99.8026866666666,0,8.7514,80.4971,28.54,73.74,4.97,28.16,79.74,5.33
2018,8,Vavuniya,LK44,-0.866025403784438,-0.5,0,1,0,0,36.1294116,25.6980389999999,94.4117666666666,95.4523833333333,26.9058824,1.96470595999999,19.3843128333333,107.019672,0,8.7514,80.4971,28.57,71.69,4.95,28.54,73.74,4.97
2018,9,Vavuniya,LK44,-1.0,-1.83697019872102e-16,0,1,0,0,50.2000005999999,45.2823533333333,90.364702,64.4772929999999,36.1294116,26.9058824,25.6980389999999,95.4523833333333,0,8.7514,80.4971,28.99,69.13,3.42,28.57,71.69,4.95
2018,10,Vavuniya,LK44,-0.866025403784438,0.5,0,0,1,0,297.635295,215.309813333333,286.290206666666,149.045088,50.2000005999999,36.1294116,45.2823533333333,64.4772929999999,0,8.7514,80.4971,27.04,83.09,2.37,28.99,69.13,3.42
2018,11,Vavuniya,LK44,-0.5,0.866025403784438,0,0,1,0,378.470579,436.945076666666,697.537253333333,87.0516426666666,297.635295,50.2000005999999,215.309813333333,149.045088,0,8.7514,80.4971,26.13,85.76,2.73,27.04,83.09,2.37
2018,12,Vavuniya,LK44,-2.4492935982947e-16,1.0,0,0,0,1,172.05882,160.13333,812.3883,68.1343636666666,378.470579,297.635295,436.945076666666,87.0516426666666,1,8.7514,80.4971,25.49,85.63,2.95,26.13,85.76,2.73
2019,1,Vavuniya,LK44,0.499999999999999,0.866025403784438,0,0,0,1,12.2588236,67.203921,664.282366666666,22.511176,172.05882,378.470579,160.13333,68.1343636666666,1,8.7514,80.4971,24.73,79.12,3.21,25.49,85.63,2.95
2019,2,Vavuniya,LK44,0.866025403784438,0.5,0,0,0,1,75.4705888,76.9686266666666,304.305886666666,136.851054,12.2588236,172.05882,67.203921,22.511176,0,8.7514,80.4971,26.81,77.54,3.03,24.73,79.12,3.21
2019,3,Vavuniya,LK44,1.0,6.12323399573676e-17,1,0,0,0,3.7882355,5.5450982,149.71765,33.376964,75.4705888,12.2588236,76.9686266666666,136.851054,0,8.7514,80.4971,28.73,67.05,2.81,26.81,77.54,3.03
2019,4,Vavuniya,LK44,0.866025403784438,-0.499999999999999,1,0,0,0,70.3882352,39.2274527666666,121.741166666666,71.0630013333333,3.7882355,75.4705888,5.5450982,33.376964,0,8.7514,80.4971,30.61,64.58,2.19,28.73,67.05,2.81
2019,5,Vavuniya,LK44,0.499999999999999,-0.866025403784438,0,1,0,0,24.9176471,45.517648,90.2901916666666,66.1460833333333,70.3882352,3.7882355,39.2274527666666,71.0630013333333,0,8.7514,80.4971,30.8,68.2,3.99,30.61,64.58,2.19
2019,6,Vavuniya,LK44,1.22464679914735e-16,-1.0,0,1,0,0,5.6823532,16.7058826666666,101.450978333333,118.756126666666,24.9176471,70.3882352,45.517648,66.1460833333333,0,8.7514,80.4971,30.43,68.27,5.38,30.8,68.2,3.99
2019,7,Vavuniya,LK44,-0.499999999999999,-0.866025403784438,0,1,0,0,28.2470593,18.3882354666666,80.611762,109.457209999999,5.6823532,24.9176471,16.7058826666666,118.756126666666,0,8.7514,80.4971,29.77,67.62,4.82,30.43,68.27,5.38
2019,8,Vavuniya,LK44,-0.866025403784438,-0.5,0,1,0,0,48.435293,42.7529423333333,77.8470583333333,128.80035,28.2470593,5.6823532,18.3882354666666,109.457209999999,0,8.7514,80.4971,28.55,73.16,5.38,29.77,67.62,4.82
2019,9,Vavuniya,LK44,-1.0,-1.83697019872102e-16,0,1,0,0,154.435292,104.007845666666,165.149023333333,175.633961,48.435293,28.2470593,42.7529423333333,128.80035,0,8.7514,80.4971,28.0,77.84,3.9,28.55,73.16,5.38
2019,10,Vavuniya,LK44,-0.866025403784438,0.5,0,0,1,0,309.27058,217.454896666666,364.215696666666,133.025345333333,154.435292,48.435293,104.007845666666,175.633961,0,8.7514,80.4971,26.88,84.02,1.97,28.0,77.84,3.9
2019,11,Vavuniya,LK44,-0.5,0.866025403784438,0,0,1,0,325.32941,311.294103333333,632.756866666666,76.04293,309.27058,154.435292,217.454896666666,133.025345333333,1,8.7514,80.4971,26.86,85.44,2.37,26.88,84.02,1.97
2019,12,Vavuniya,LK44,-2.4492935982947e-16,1.0,0,0,0,1,361.470589999999,479.199993333333,1007.94905333333,132.081855,325.32941,309.27058,311.294103333333,76.04293,0,8.7514,80.4971,25.88,87.03,3.2,26.86,85.44,2.37
2020,1,Vavuniya,LK44,0.499999999999999,0.866025403784438,0,0,0,1,18.7058824,66.1647073333333,856.658743333333,27.8344586666666,361.470589999999,325.32941,479.199993333333,132.081855,0,8.7514,80.4971,25.44,82.15,2.94,25.88,87.03,3.2
2020,2,Vavuniya,LK44,0.866025403784438,0.5,0,0,0,1,12.4705882,14.545098,559.90976,56.4241723333333,18.7058824,361.470589999999,66.1647073333333,27.8344586666666,0,8.7514,80.4971,25.96,77.54,3.3,25.44,82.15,2.94
2020,3,Vavuniya,LK44,1.0,6.12323399573676e-17,1,0,0,0,7.0470589,10.4745103333333,91.1843113333333,39.0399713333333,12.4705882,18.7058824,14.545098,56.4241723333333,0,8.7514,80.4971,28.07,69.85,2.9,25.96,77.54,3.3
2020,4,Vavuniya,LK44,0.866025403784438,-0.499999999999999,1,0,0,0,41.247058,23.7960786666666,48.8156846666666,49.3350493333333,7.0470589,12.4705882,10.4745103333333,39.0399713333333,0,8.7514,80.4971,30.04,69.34,2.5,28.07,69.85,2.9
2020,5,Vavuniya,LK44,0.499999999999999,-0.866025403784438,0,1,0,0,86.976471,86.3999966666666,120.670586666666,135.29169,41.247058,7.0470589,23.7960786666666,49.3350493333333,0,8.7514,80.4971,29.59,76.07,3.31,30.04,69.34,2.5
2020,6,Vavuniya,LK44,1.22464679914735e-16,-1.0,0,1,0,0,3.3411765,22.0274505,132.223533333333,107.43651,86.976471,41.247058,86.3999966666666,135.29169,0,8.7514,80.4971,29.08,74.1,4.6,29.59,76.07,3.31
2020,7,Vavuniya,LK44,-0.499999999999999,-0.866025403784438,0,1,0,0,125.235292,84.0549013333333,192.482346666666,357.33954,3.3411765,86.976471,22.0274505,107.43651,0,8.7514,80.4971,27.82,78.51,3.81,29.08,74.1,4.6
2020,8,Vavuniya,LK44,-0.866025403784438,-0.5,0,1,0,0,19.4000002,56.5647033333333,162.64706,71.5344353333333,125.235292,3.3411765,84.0549013333333,357.33954,0,8.7514,80.4971,28.74,73.69,4.53,27.82,78.51,3.81
2020,9,Vavuniya,LK44,-1.0,-1.83697019872102e-16,0,1,0,0,133.564703,102.623524999999,243.243129999999,153.904373333333,19.4000002,125.235292,56.5647033333333,71.5344353333333,0,8.7514,80.4971,27.68,79.01,4.52,28.74,73.69,4.53
2020,10,Vavuniya,LK44,-0.866025403784438,0.5,0,0,1,0,62.470589,78.6392166666666,237.827446666666,38.651259,133.564703,19.4000002,102.623524999999,153.904373333333,0,8.7514,80.4971,28.03,77.05,3.78,27.68,79.01,4.52
2020,11,Vavuniya,LK44,-0.5,0.866025403784438,0,0,1,0,412.72941,329.462746666666,510.72549,95.3775733333333,62.470589,133.564703,78.6392166666666,38.651259,0,8.7514,80.4971,26.88,85.32,2.74,28.03,77.05,3.78
2020,12,Vavuniya,LK44,-2.4492935982947e-16,1.0,0,0,0,1,503.529405,489.86667,897.968633333333,184.87107,412.72941,62.470589,329.462746666666,95.3775733333333,0,8.7514,80.4971,25.55,88.28,3.23,26.88,85.32,2.74
2021,1,Vavuniya,LK44,0.499999999999999,0.866025403784438,0,0,0,1,275.152943,337.286283333333,1156.61566666666,224.714483333333,503.529405,412.72941,489.86667,184.87107,0,8.7514,80.4971,25.33,88.0,2.95,25.55,88.28,3.23
2021,2,Vavuniya,LK44,0.866025403784438,0.5,0,0,0,1,18.2705886,68.5647093333333,895.717723333333,63.1437599999999,275.152943,503.529405,337.286283333333,224.714483333333,0,8.7514,80.4971,25.02,82.88,3.01,25.33,88.0,2.95
2021,3,Vavuniya,LK44,1.0,6.12323399573676e-17,1,0,0,0,22.941176,19.439215,425.290233333333,66.9031533333333,18.2705886,275.152943,68.5647093333333,63.1437599999999,0,8.7514,80.4971,26.68,80.16,2.5,25.02,82.88,3.01
2021,4,Vavuniya,LK44,0.866025403784438,-0.499999999999999,1,0,0,0,147.917649999999,101.403925333333,189.407843333333,134.167674333333,22.941176,18.2705886,19.439215,66.9031533333333,0,8.7514,80.4971,28.77,76.35,2.28,26.68,80.16,2.5
2021,5,Vavuniya,LK44,0.499999999999999,-0.866025403784438,0,1,0,0,68.247059,104.199995,225.043136666666,119.334464666666,147.917649999999,22.941176,101.403925333333,134.167674333333,0,8.7514,80.4971,28.56,80.42,3.73,28.77,76.35,2.28
2021,6,Vavuniya,LK44,1.22464679914735e-16,-1.0,0,1,0,0,8.21176453,26.4274513333333,232.031376666666,131.141378666666,68.247059,147.917649999999,104.199995,119.334464666666,0,8.7514,80.4971,28.57,77.8,4.36,28.56,80.42,3.73
2021,7,Vavuniya,LK44,-0.499999999999999,-0.866025403784438,0,1,0,0,71.3058826,55.4549016666666,186.08235,223.913132,8.21176453,68.247059,26.4274513333333,131.141378666666,0,8.7514,80.4971,28.6,76.06,4.68,28.57,77.8,4.36
2021,8,Vavuniya,LK44,-0.866025403784438,-0.5,0,1,0,0,35.7999992,35.4392183333333,117.321576666666,97.4076453333333,71.3058826,8.21176453,55.4549016666666,223.913132,0,8.7514,80.4971,28.38,75.05,4.41,28.6,76.06,4.68
2021,9,Vavuniya,LK44,-1.0,-1.83697019872102e-16,0,1,0,0,103.611764999999,77.078429,167.972553333333,117.880883333333,35.7999992,71.3058826,35.4392183333333,97.4076453333333,0,8.7514,80.4971,28.32,77.33,4.08,28.38,75.05,4.41
2021,10,Vavuniya,LK44,-0.866025403784438,0.5,0,0,1,0,296.31764,237.643126666666,350.160773333333,149.544263333333,103.611764999999,35.7999992,77.078429,117.880883333333,0,8.7514,80.4971,27.1,85.29,3.14,28.32,77.33,4.08
2021,11,Vavuniya,LK44,-0.5,0.866025403784438,0,0,1,0,745.023535,633.847086666666,948.568646666666,168.627636666666,296.31764,103.611764999999,237.643126666666,149.544263333333,0,8.7514,80.4971,26.03,90.35,2.93,27.1,85.29,3.14
2021,12,Vavuniya,LK44,-2.4492935982947e-16,1.0,0,0,0,1,94.858823,278.698028666666,1150.1883,38.954483,745.023535,296.31764,633.847086666666,168.627636666666,0,8.7514,80.4971,25.73,84.46,2.75,26.03,90.35,2.93
2022,1,Vavuniya,LK44,0.499999999999999,0.866025403784438,0,0,0,1,53.682354,65.490196,978.0353,54.3468809999999,94.858823,745.023535,278.698028666666,38.954483,0,8.7514,80.4971,25.34,84.35,3.02,25.73,84.46,2.75
2022,2,Vavuniya,LK44,0.866025403784438,0.5,0,0,0,1,63.3764692,61.6627433333333,405.850993333333,155.495527666666,53.682354,94.858823,65.490196,54.3468809999999,0,8.7514,80.4971,25.29,81.83,2.95,25.34,84.35,3.02
2022,3,Vavuniya,LK44,1.0,6.12323399573676e-17,1,0,0,0,41.4705874,53.2784333333333,180.431373333333,98.3013316666666,63.3764692,53.682354,61.6627433333333,155.495527666666,0,8.7514,80.4971,27.42,79.06,2.6,25.29,81.83,2.95
2022,4,Vavuniya,LK44,0.866025403784438,-0.499999999999999,1,0,0,0,192.917649,144.470593333333,259.41177,178.096443333333,41.4705874,63.3764692,53.2784333333333,98.3013316666666,0,8.7514,80.4971,27.95,82.6,2.03,27.42,79.06,2.6
2022,5,Vavuniya,LK44,0.499999999999999,-0.866025403784438,0,1,0,0,23.7176479999999,77.2274543333333,274.976476666666,51.2784243333333,192.917649,41.4705874,144.470593333333,178.096443333333,0,8.7514,80.4971,28.19,83.01,4.66,27.95,82.6,2.03
2022,6,Vavuniya,LK44,1.22464679914735e-16,-1.0,0,1,0,0,1.8941177,3.47450989999999,225.172563333333,99.18013,23.7176479999999,192.917649,77.2274543333333,51.2784243333333,0,8.7514,80.4971,28.14,78.56,4.21,28.19,83.01,4.66
2022,7,Vavuniya,LK44,-0.499999999999999,-0.866025403784438,0,1,0,0,73.1647074999999,31.7921546666666,112.494124666666,215.36789,1.8941177,23.7176479999999,3.47450989999999,99.18013,0,8.7514,80.4971,28.09,76.7,3.9,28.14,78.56,4.21
2022,8,Vavuniya,LK44,-0.866025403784438,-0.5,0,1,0,0,79.670588,81.454902,116.721573333333,175.073415333333,73.1647074999999,1.8941177,31.7921546666666,215.36789,0,8.7514,80.4971,27.84,78.04,4.19,28.09,76.7,3.9
2022,9,Vavuniya,LK44,-1.0,-1.83697019872102e-16,0,1,0,0,32.0352947,66.3450996666666,179.592163333333,49.7349973333333,79.670588,73.1647074999999,81.454902,175.073415333333,0,8.7514,80.4971,28.01,76.51,4.14,27.84,78.04,4.19
2022,10,Vavuniya,LK44,-0.866025403784438,0.5,0,0,1,0,290.329406,175.443136666666,323.243133333333,139.39254,32.0352947,79.670588,66.3450996666666,49.7349973333333,0,8.7514,80.4971,27.27,80.46,2.77,28.01,76.51,4.14
2022,11,Vavuniya,LK44,-0.5,0.866025403784438,0,0,1,0,312.6470553,394.70588,636.494116666666,73.1360248333333,290.329406,32.0352947,175.443136666666,139.39254,0,8.7514,80.4971,25.74,85.84,2.59,27.27,80.46,2.77
2022,12,Vavuniya,LK44,-2.4492935982947e-16,1.0,0,0,0,1,314.129405,281.290186666666,851.43925,116.875634999999,312.6470553,290.329406,394.70588,73.1360248333333,0,8.7514,80.4971,25.37,87.52,3.5,25.74,85.84,2.59
2023,1,Vavuniya,LK44,0.499999999999999,0.866025403784438,0,0,0,1,103.2117616,118.027452,794.02358,101.512578333333,314.129405,312.6470553,281.290186666666,116.875634999999,0,8.7514,80.4971,24.36,82.88,3.31,25.37,87.52,3.5
2023,2,Vavuniya,LK44,0.866025403784438,0.5,0,0,0,1,161.7294127,208.972543333333,608.290153333333,264.384388666666,103.2117616,314.129405,118.027452,101.512578333333,0,8.7514,80.4971,24.86,82.95,3.05,24.36,82.88,3.31
2023,3,Vavuniya,LK44,1.0,6.12323399573676e-17,1,0,0,0,35.2470593,26.078432,353.07844,89.3512813333333,161.7294127,103.2117616,208.972543333333,264.384388666666,0,8.7514,80.4971,26.92,81.29,2.53,24.86,82.95,3.05
2023,4,Vavuniya,LK44,0.866025403784438,-0.499999999999999,1,0,0,0,61.458821,45.0431356666666,280.094116666666,67.213889,35.2470593,161.7294127,26.078432,89.3512813333333,0,8.7514,80.4971,28.9,74.9,2.15,26.92,81.29,2.53
2023,5,Vavuniya,LK44,0.499999999999999,-0.866025403784438,0,1,0,0,258.49412,272.309813333333,343.43137,338.312804999999,61.458821,35.2470593,45.0431356666666,67.213889,0,8.7514,80.4971,27.92,85.31,3.29,28.9,74.9,2.15
2023,6,Vavuniya,LK44,1.22464679914735e-16,-1.0,0,1,0,0,2.717647,23.113725,340.46666,103.729533333333,258.49412,61.458821,272.309813333333,338.312804999999,0,8.7514,80.4971,28.85,78.03,4.48,27.92,85.31,3.29
2023,7,Vavuniya,LK44,-0.499999999999999,-0.866025403784438,0,1,0,0,32.8470578,27.984313,323.407866666666,125.380785333333,2.717647,258.49412,23.113725,103.729533333333,0,8.7514,80.4971,29.17,71.79,4.83,28.85,78.03,4.48
2023,8,Vavuniya,LK44,-0.866025403784438,-0.5,0,1,0,0,20.317647,16.5764703333333,67.6745073333333,68.4488676666666,32.8470578,2.717647,27.984313,125.380785333333,0,8.7514,80.4971,30.1,67.28,4.15,29.17,71.79,4.83
2023,9,Vavuniya,LK44,-1.0,-1.83697019872102e-16,0,1,0,0,85.529412,63.4980413333333,108.058823333333,103.875464666666,20.317647,32.8470578,16.5764703333333,68.4488676666666,0,8.7514,80.4971,28.84,72.82,5.08,30.1,67.28,4.15
2023,10,Vavuniya,LK44,-0.866025403784438,0.5,0,0,1,0,163.623527,141.882353333333,221.956856666666,89.9402433333333,85.529412,20.317647,63.4980413333333,103.875464666666,0,8.7514,80.4971,27.7,80.66,2.6,28.84,72.82,5.08
2023,11,Vavuniya,LK44,-0.5,0.866025403784438,0,0,1,0,606.22352,487.517646666666,692.89804,140.610676666666,163.623527,85.529412,141.882353333333,89.9402433333333,0,8.7514,80.4971,26.83,86.99,1.92,27.7,80.66,2.6
2023,12,Vavuniya,LK44,-2.4492935982947e-16,1.0,0,0,0,1,467.129407,542.443133333333,1171.8431,164.111143333333,606.22352,163.623527,487.517646666666,140.610676666666,0,8.7514,80.4971,26.39,90.69,3.37,26.83,86.99,1.92
2024,1,Vavuniya,LK44,0.499999999999999,0.866025403784438,0,0,0,1,145.9294122,234.090203333333,1264.0509,109.993617999999,467.129407,606.22352,542.443133333333,164.111143333333,0,8.7514,80.4971,25.48,85.16,3.01,26.39,90.69,3.37
2024,2,Vavuniya,LK44,0.866025403784438,0.5,0,0,0,1,9.5529411,14.647058,791.180386666666,48.9798743333333,145.9294122,467.129407,234.090203333333,109.993617999999,0,8.7514,80.4971,26.28,83.33,3.28,25.48,85.16,3.01
2024,3,Vavuniya,LK44,1.0,6.12323399573676e-17,1,0,0,0,12.6941174,9.90980423333333,258.64705,48.8544986666666,9.5529411,145.9294122,14.647058,48.9798743333333,0,8.7514,80.4971,27.42,75.65,2.66,26.28,83.33,3.28
2024,4,Vavuniya,LK44,0.866025403784438,-0.499999999999999,1,0,0,0,37.3411777,29.5607856666666,54.1176426666666,44.3215449999999,12.6941174,9.5529411,9.90980423333333,48.8544986666666,0,8.7514,80.4971,30.49,70.88,2.27,27.42,75.65,2.66
2024,5,Vavuniya,LK44,0.499999999999999,-0.866025403784438,0,1,0,0,75.611762,62.6705883333333,102.141174999999,130.431779,37.3411777,12.6941174,29.5607856666666,44.3215449999999,0,8.7514,80.4971,29.79,77.83,3.12,30.49,70.88,2.27
2024,6,Vavuniya,LK44,1.22464679914735e-16,-1.0,0,1,0,0,4.16470572,30.7960772666666,123.02745,110.296839999999,75.611762,37.3411777,62.6705883333333,130.431779,0,8.7514,80.4971,29.02,77.06,4.83,29.79,77.83,3.12
2024,7,Vavuniya,LK44,-0.499999999999999,-0.866025403784438,0,1,0,0,16.0235292,12.3607845666666,105.827445,79.9005313333333,4.16470572,75.611762,30.7960772666666,110.296839999999,0,8.7514,80.4971,29.54,71.06,5.05,29.02,77.06,4.83
2024,8,Vavuniya,LK44,-0.866025403784438,-0.5,0,1,0,0,46.294117,34.431371,77.58823,124.229653333333,16.0235292,4.16470572,12.3607845666666,79.9005313333333,0,8.7514,80.4971,28.76,76.72,3.94,29.54,71.06,5.05
2024,9,Vavuniya,LK44,-1.0,-1.83697019872102e-16,0,1,0,0,25.0470588,31.5490186666666,78.3411783333333,40.1503216666666,46.294117,16.0235292,34.431371,124.229653333333,0,8.7514,80.4971,29.31,73.83,4.58,28.76,76.72,3.94
2024,10,Vavuniya,LK44,-0.866025403784438,0.5,0,0,1,0,268.31765,199.42745,265.407833333333,144.463673333333,25.0470588,46.294117,31.5490186666666,40.1503216666666,0,8.7514,80.4971,27.78,82.44,2.65,29.31,73.83,4.58
2024,11,Vavuniya,LK44,-0.5,0.866025403784438,0,0,1,0,658.17647,415.33725,646.31371,150.829263333333,268.31765,25.0470588,199.42745,144.463673333333,0,8.7514,80.4971,26.91,87.14,3.23,27.78,82.44,2.65
2024,12,Vavuniya,LK44,-2.4492935982947e-16,1.0,0,0,0,1,130.788235,401.164713333333,1015.92942,51.9724933333333,658.17647,268.31765,415.33725,150.829263333333,0,8.7514,80.4971,26.17,88.15,2.92,26.91,87.14,3.23
2017,1,Mullaitivu,LK45,0.499999999999999,0.866025403784438,0,0,0,1,150.0487789,88.406504,447.178866666666,175.593429333333,246.54007,431.010450514285,310.926826190476,101.153579142857,0,9.2671,80.8128,25.77,76.05,5.12,26.755714285714284,81.92,4.8028571428571425
2017,2,Mullaitivu,LK45,0.866025403784438,0.5,0,0,0,1,20.3902437,109.918701333333,335.21952,76.1860826666666,150.0487789,246.54007,88.406504,175.593429333333,0,9.2671,80.8128,26.13,71.53,4.28,25.77,76.05,5.12
2017,3,Mullaitivu,LK45,1.0,6.12323399573676e-17,1,0,0,0,79.6097552,77.06504,275.390253333333,198.368292666666,20.3902437,150.0487789,109.918701333333,76.1860826666666,0,9.2671,80.8128,27.75,77.05,3.21,26.13,71.53,4.28
2017,4,Mullaitivu,LK45,0.866025403784438,-0.499999999999999,1,0,0,0,21.0731708,25.243903,212.227639999999,35.8315513333333,79.6097552,20.3902437,77.06504,198.368292666666,1,9.2671,80.8128,29.87,73.51,3.46,27.75,77.05,3.21
2017,5,Mullaitivu,LK45,0.499999999999999,-0.866025403784438,0,1,0,0,22.268292,23.4146336666666,125.723573333333,107.52701,21.0731708,79.6097552,25.243903,35.8315513333333,0,9.2671,80.8128,30.01,75.76,4.85,29.87,73.51,3.46
2017,6,Mullaitivu,LK45,1.22464679914735e-16,-1.0,0,1,0,0,0.5365854,5.13008156666666,53.7886193333333,99.7185,22.268292,21.0731708,23.4146336666666,107.52701,0,9.2671,80.8128,29.4,75.8,6.82,30.01,75.76,4.85
2017,7,Mullaitivu,LK45,-0.499999999999999,-0.866025403784438,0,1,0,0,0.14634146,0.0487804866666666,28.5934956666666,100.551363333333,0.5365854,22.268292,5.13008156666666,99.7185,0,9.2671,80.8128,29.6,73.08,5.38,29.4,75.8,6.82
2017,8,Mullaitivu,LK45,-0.866025403784438,-0.5,0,1,0,0,5.2926829,2.73983728333333,7.91869943333333,106.84363,0.14634146,0.5365854,0.0487804866666666,100.551363333333,0,9.2671,80.8128,28.88,77.99,5.34,29.6,73.08,5.38
2017,9,Mullaitivu,LK45,-1.0,-1.83697019872102e-16,0,1,0,0,68.268292,53.3495939999999,56.1382076666666,163.369226666666,5.2926829,0.14634146,2.73983728333333,106.84363,1,9.2671,80.8128,28.53,79.16,5.19,28.88,77.99,5.34
2017,10,Mullaitivu,LK45,-0.866025403784438,0.5,0,0,1,0,154.756098,95.8780499999999,151.96748,76.7254986666666,68.268292,5.2926829,53.3495939999999,163.369226666666,0,9.2671,80.8128,28.59,78.39,4.74,28.53,79.16,5.19
2017,11,Mullaitivu,LK45,-0.5,0.866025403784438,0,0,1,0,432.560976,395.8374,545.065046666666,104.42663,154.756098,68.268292,95.8780499999999,76.7254986666666,0,9.2671,80.8128,27.26,84.47,4.6,28.59,78.39,4.74
2017,12,Mullaitivu,LK45,-2.4492935982947e-16,1.0,0,0,0,1,59.219514,159.560975666666,651.276463333333,28.9555386666666,432.560976,154.756098,395.8374,104.42663,0,9.2671,80.8128,26.58,78.92,4.35,27.26,84.47,4.6
2018,1,Mullaitivu,LK45,0.499999999999999,0.866025403784438,0,0,0,1,24.317073,28.4308956666666,583.8293,39.657901,59.219514,432.560976,159.560975666666,28.9555386666666,0,9.2671,80.8128,25.65,76.46,4.54,26.58,78.92,4.35
2018,2,Mullaitivu,LK45,0.866025403784438,0.5,0,0,0,1,16.9512194,19.495935,207.487808666666,68.8680243333333,24.317073,59.219514,28.4308956666666,39.657901,0,9.2671,80.8128,26.26,75.62,4.65,25.65,76.46,4.54
2018,3,Mullaitivu,LK45,1.0,6.12323399573676e-17,1,0,0,0,48.1707334,37.2845523333333,85.2113866666666,141.283497999999,16.9512194,24.317073,19.495935,68.8680243333333,0,9.2671,80.8128,27.97,74.57,3.73,26.26,75.62,4.65
2018,4,Mullaitivu,LK45,0.866025403784438,-0.499999999999999,1,0,0,0,48.780489,46.3577243333333,103.138213333333,62.908972,48.1707334,16.9512194,37.2845523333333,141.283497999999,0,9.2671,80.8128,29.42,75.4,3.42,27.97,74.57,3.73
2018,5,Mullaitivu,LK45,0.499999999999999,-0.866025403784438,0,1,0,0,39.487805,46.2439026666666,129.88618,169.050306666666,48.780489,48.1707334,46.3577243333333,62.908972,0,9.2671,80.8128,29.2,79.46,4.21,29.42,75.4,3.42
2018,6,Mullaitivu,LK45,1.22464679914735e-16,-1.0,0,1,0,0,0.29268292,13.0162603066666,105.617888,98.2624733333333,39.487805,48.780489,46.2439026666666,169.050306666666,0,9.2671,80.8128,28.82,79.99,7.07,29.2,79.46,4.21
2018,7,Mullaitivu,LK45,-0.499999999999999,-0.866025403784438,0,1,0,0,0.0,0.0,59.2601623333333,99.5878166666666,0.29268292,39.487805,13.0162603066666,98.2624733333333,0,9.2671,80.8128,28.91,76.31,6.23,28.82,79.99,7.07
2018,8,Mullaitivu,LK45,-0.866025403784438,-0.5,0,1,0,0,5.87804896,2.18699193,15.2032516666666,106.035686666666,0.0,0.29268292,0.0,99.5878166666666,0,9.2671,80.8128,28.68,75.39,6.02,28.91,76.31,6.23
2018,9,Mullaitivu,LK45,-1.0,-1.83697019872102e-16,0,1,0,0,30.8292676,18.8861786666666,21.0731693333333,76.5633046666666,5.87804896,0.0,2.18699193,106.035686666666,0,9.2671,80.8128,28.79,73.8,4.33,28.68,75.39,6.02
2018,10,Mullaitivu,LK45,-0.866025403784438,0.5,0,0,1,0,276.292684,186.203245,207.276423333333,146.158173333333,30.8292676,5.87804896,18.8861786666666,76.5633046666666,0,9.2671,80.8128,27.88,80.67,3.55,28.79,73.8,4.33
2018,11,Mullaitivu,LK45,-0.5,0.866025403784438,0,0,1,0,357.097556,420.747963333333,625.837426666666,86.5466423333333,276.292684,30.8292676,186.203245,146.158173333333,0,9.2671,80.8128,27.19,81.67,4.27,27.88,80.67,3.55
2018,12,Mullaitivu,LK45,-2.4492935982947e-16,1.0,0,0,0,1,153.731703,132.95935,739.910583333333,71.1374816666666,357.097556,276.292684,420.747963333333,86.5466423333333,0,9.2671,80.8128,26.54,81.16,4.6,27.19,81.67,4.27
2019,1,Mullaitivu,LK45,0.499999999999999,0.866025403784438,0,0,0,1,11.7804878,70.4878026666666,624.19508,27.3649693333333,153.731703,357.097556,132.95935,71.1374816666666,0,9.2671,80.8128,25.65,75.52,4.8,26.54,81.16,4.6
2019,2,Mullaitivu,LK45,0.866025403784438,0.5,0,0,0,1,35.7560983,36.3252033333333,239.772336666666,93.499745,11.7804878,153.731703,70.4878026666666,27.3649693333333,0,9.2671,80.8128,27.15,77.12,4.39,25.65,75.52,4.8
2019,3,Mullaitivu,LK45,1.0,6.12323399573676e-17,1,0,0,0,3.3170732,5.8861791,112.699182333333,38.951685,35.7560983,11.7804878,36.3252033333333,93.499745,0,9.2671,80.8128,28.51,71.96,3.89,27.15,77.12,4.39
2019,4,Mullaitivu,LK45,0.866025403784438,-0.499999999999999,1,0,0,0,54.3902438,30.6585369,72.8699173333333,67.8549013333333,3.3170732,35.7560983,5.8861791,38.951685,0,9.2671,80.8128,30.24,69.76,3.29,28.51,71.96,3.89
2019,5,Mullaitivu,LK45,0.499999999999999,-0.866025403784438,0,1,0,0,7.7560976,29.6016266666666,66.1463386666666,72.3906926666666,54.3902438,3.3170732,30.6585369,67.8549013333333,0,9.2671,80.8128,30.65,73.41,5.13,30.24,69.76,3.29
2019,6,Mullaitivu,LK45,1.22464679914735e-16,-1.0,0,1,0,0,1.8292683,4.71544726666666,64.97561,107.435453333333,7.7560976,54.3902438,29.6016266666666,72.3906926666666,0,9.2671,80.8128,30.24,74.14,6.84,30.65,73.41,5.13
2019,7,Mullaitivu,LK45,-0.499999999999999,-0.866025403784438,0,1,0,0,0.024390243,0.00813008099999999,34.3252029999999,99.748408,1.8292683,7.7560976,4.71544726666666,107.435453333333,1,9.2671,80.8128,29.49,73.92,6.04,30.24,74.14,6.84
2019,8,Mullaitivu,LK45,-0.866025403784438,-0.5,0,1,0,0,4.9756098,2.46341467666666,7.18699206666666,105.048498,0.024390243,1.8292683,0.00813008099999999,99.748408,0,9.2671,80.8128,28.76,76.42,7.06,29.49,73.92,6.04
2019,9,Mullaitivu,LK45,-1.0,-1.83697019872102e-16,0,1,0,0,67.902439,39.3008113333333,41.772357,147.59351,4.9756098,0.024390243,2.46341467666666,105.048498,0,9.2671,80.8128,28.39,79.55,5.29,28.76,76.42,7.06
2019,10,Mullaitivu,LK45,-0.866025403784438,0.5,0,0,1,0,352.073179,201.130081666666,242.89431,159.345763333333,67.902439,4.9756098,39.3008113333333,147.59351,1,9.2671,80.8128,27.75,80.99,2.97,28.39,79.55,5.29
2019,11,Mullaitivu,LK45,-0.5,0.866025403784438,0,0,1,0,269.609762,306.4553,546.886216666666,67.6055066666666,352.073179,67.902439,201.130081666666,159.345763333333,0,9.2671,80.8128,27.89,81.54,3.59,27.75,80.99,2.97
2019,12,Mullaitivu,LK45,-2.4492935982947e-16,1.0,0,0,0,1,278.780488,396.008133333333,903.593533333333,109.451188,269.609762,352.073179,306.4553,67.6055066666666,1,9.2671,80.8128,27.04,80.86,4.94,27.89,81.54,3.59
2020,1,Mullaitivu,LK45,0.499999999999999,0.866025403784438,0,0,0,1,18.414634,39.308945,741.772426666666,34.0674146666666,278.780488,269.609762,396.008133333333,109.451188,0,9.2671,80.8128,26.67,76.81,4.32,27.04,80.86,4.94
2020,2,Mullaitivu,LK45,0.866025403784438,0.5,0,0,0,1,17.0243897,17.1707316666666,452.487793333333,70.3749313333333,18.414634,278.780488,39.308945,34.0674146666666,0,9.2671,80.8128,26.97,74.32,4.81,26.67,76.81,4.32
2020,3,Mullaitivu,LK45,1.0,6.12323399573676e-17,1,0,0,0,4.8780488,10.5365848333333,67.016258,42.1633023333333,17.0243897,18.414634,17.1707316666666,70.3749313333333,0,9.2671,80.8128,28.08,73.02,4.04,26.97,74.32,4.81
2020,4,Mullaitivu,LK45,0.866025403784438,-0.499999999999999,1,0,0,0,32.121952,16.6747969333333,44.382114,49.1049546666666,4.8780488,17.0243897,10.5365848333333,42.1633023333333,0,9.2671,80.8128,29.84,73.09,3.6,28.08,73.02,4.04
2020,5,Mullaitivu,LK45,0.499999999999999,-0.866025403784438,0,1,0,0,26.0243906,36.7886196666666,63.9999996666666,119.328764666666,32.121952,4.8780488,16.6747969333333,49.1049546666666,0,9.2671,80.8128,30.14,75.95,4.46,29.84,73.09,3.6
2020,6,Mullaitivu,LK45,1.22464679914735e-16,-1.0,0,1,0,0,0.80487806,6.78861785333333,60.252034,101.320133333333,26.0243906,32.121952,36.7886196666666,119.328764666666,0,9.2671,80.8128,29.54,75.75,6.06,30.14,75.95,4.46
2020,7,Mullaitivu,LK45,-0.499999999999999,-0.866025403784438,0,1,0,0,0.85365856,0.284552853333333,43.8617903333333,105.2085,0.80487806,26.0243906,6.78861785333333,101.320133333333,0,9.2671,80.8128,28.54,78.58,5.16,29.54,75.75,6.06
2020,8,Mullaitivu,LK45,-0.866025403784438,-0.5,0,1,0,0,2.9756098,2.17073173333333,9.24390256666666,95.90934,0.85365856,0.80487806,0.284552853333333,105.2085,0,9.2671,80.8128,28.85,77.37,5.79,28.54,78.58,5.16
2020,9,Mullaitivu,LK45,-1.0,-1.83697019872102e-16,0,1,0,0,59.804878,40.325204,42.7804876666666,132.095096666666,2.9756098,0.85365856,2.17073173333333,95.90934,0,9.2671,80.8128,28.25,79.66,6.05,28.85,77.37,5.79
2020,10,Mullaitivu,LK45,-0.866025403784438,0.5,0,0,1,0,54.073171,58.9430896666666,101.439028333333,37.7526133333333,59.804878,2.9756098,40.325204,132.095096666666,0,9.2671,80.8128,28.32,79.06,4.87,28.25,79.66,6.05
2020,11,Mullaitivu,LK45,-0.5,0.866025403784438,0,0,1,0,365.195115,280.23577,379.50404,89.635018,54.073171,59.804878,58.9430896666666,37.7526133333333,0,9.2671,80.8128,27.8,82.14,4.33,28.32,79.06,4.87
2020,12,Mullaitivu,LK45,-2.4492935982947e-16,1.0,0,0,0,1,486.121956,487.739836666666,826.9187,194.59257,365.195115,54.073171,280.23577,89.635018,0,9.2671,80.8128,26.55,83.39,5.06,27.8,82.14,4.33
2021,1,Mullaitivu,LK45,0.499999999999999,0.866025403784438,0,0,0,1,229.146339,283.61788,1051.5935,238.178809,486.121956,365.195115,487.739836666666,194.59257,0,9.2671,80.8128,26.33,83.18,4.57,26.55,83.39,5.06
2021,2,Mullaitivu,LK45,0.866025403784438,0.5,0,0,0,1,20.6341459999999,60.7154453333333,832.07321,72.1196386666666,229.146339,486.121956,283.61788,238.178809,0,9.2671,80.8128,26.1,77.92,4.49,26.33,83.18,4.57
2021,3,Mullaitivu,LK45,1.0,6.12323399573676e-17,1,0,0,0,14.8536583,14.699187,359.0325,62.7877693333333,20.6341459999999,229.146339,60.7154453333333,72.1196386666666,0,9.2671,80.8128,27.69,77.08,3.67,26.1,77.92,4.49
2021,4,Mullaitivu,LK45,0.866025403784438,-0.499999999999999,1,0,0,0,98.170733,69.4146333333333,144.829271333333,108.395693666666,14.8536583,20.6341459999999,14.699187,62.7877693333333,0,9.2671,80.8128,29.29,75.92,3.23,27.69,77.08,3.67
2021,5,Mullaitivu,LK45,0.499999999999999,-0.866025403784438,0,1,0,0,20.7073176,50.4796736666666,134.593499999999,102.150658333333,98.170733,14.8536583,69.4146333333333,108.395693666666,0,9.2671,80.8128,29.35,79.31,5.23,29.29,75.92,3.23
2021,6,Mullaitivu,LK45,1.22464679914735e-16,-1.0,0,1,0,0,4.365854,8.27642276666666,128.17073,122.578146666666,20.7073176,98.170733,50.4796736666666,102.150658333333,0,9.2671,80.8128,29.11,78.75,5.78,29.35,79.31,5.23
2021,7,Mullaitivu,LK45,-0.499999999999999,-0.866025403784438,0,1,0,0,0.024390243,0.00813008099999999,58.7642243333333,99.748408,4.365854,20.7073176,8.27642276666666,122.578146666666,0,9.2671,80.8128,29.05,77.49,5.96,29.11,78.75,5.78
2021,8,Mullaitivu,LK45,-0.866025403784438,-0.5,0,1,0,0,6.65853681999999,2.83739829,11.1219506666666,111.3973,0.024390243,4.365854,0.00813008099999999,99.748408,0,9.2671,80.8128,28.71,77.18,5.52,29.05,77.49,5.96
2021,9,Mullaitivu,LK45,-1.0,-1.83697019872102e-16,0,1,0,0,41.5853653,26.5203253333333,29.365855,97.2181903333333,6.65853681999999,0.024390243,2.83739829,111.3973,0,9.2671,80.8128,28.64,79.0,5.19,28.71,77.18,5.52
2021,10,Mullaitivu,LK45,-0.866025403784438,0.5,0,0,1,0,279.414636,192.26016,221.617883333333,147.800312333333,41.5853653,6.65853681999999,26.5203253333333,97.2181903333333,0,9.2671,80.8128,27.97,83.06,4.28,28.64,79.0,5.19
2021,11,Mullaitivu,LK45,-0.5,0.866025403784438,0,0,1,0,742.609759999999,635.341446666666,854.121943333333,177.524808666666,279.414636,41.5853653,192.26016,147.800312333333,0,9.2671,80.8128,27.07,86.3,4.39,27.97,83.06,4.28
2021,12,Mullaitivu,LK45,-2.4492935982947e-16,1.0,0,0,0,1,62.902439,253.097547666666,1080.6993,31.918068,742.609759999999,279.414636,635.341446666666,177.524808666666,0,9.2671,80.8128,26.94,78.71,4.25,27.07,86.3,4.39
2022,1,Mullaitivu,LK45,0.499999999999999,0.866025403784438,0,0,0,1,37.024391,49.1788623333333,937.617833333333,50.549933,62.902439,742.609759999999,253.097547666666,31.918068,0,9.2671,80.8128,26.46,79.13,4.55,26.94,78.71,4.25
2022,2,Mullaitivu,LK45,0.866025403784438,0.5,0,0,0,1,56.7073164,51.8536603333333,354.130086666666,146.817668333333,37.024391,62.902439,49.1788623333333,50.549933,0,9.2671,80.8128,26.41,77.1,4.48,26.46,79.13,4.55
2022,3,Mullaitivu,LK45,1.0,6.12323399573676e-17,1,0,0,0,29.6097559,39.235772,140.268293333333,92.9383133333333,56.7073164,37.024391,51.8536603333333,146.817668333333,0,9.2671,80.8128,28.07,77.4,3.89,26.41,77.1,4.48
2022,4,Mullaitivu,LK45,0.866025403784438,-0.499999999999999,1,0,0,0,196.243911,147.918703333333,239.00813,210.796036666666,29.6097559,56.7073164,39.235772,92.9383133333333,0,9.2671,80.8128,28.79,79.85,3.13,28.07,77.4,3.89
2022,5,Mullaitivu,LK45,0.499999999999999,-0.866025403784438,0,1,0,0,9.41463456,63.5772356666666,250.731706666666,67.5386516666666,196.243911,29.6097559,147.918703333333,210.796036666666,0,9.2671,80.8128,29.11,81.41,6.34,28.79,79.85,3.13
2022,6,Mullaitivu,LK45,1.22464679914735e-16,-1.0,0,1,0,0,0.3902439,0.756097543333333,212.252033333333,98.8448866666666,9.41463456,196.243911,63.5772356666666,67.5386516666666,0,9.2671,80.8128,28.67,79.55,5.42,29.11,81.41,6.34
2022,7,Mullaitivu,LK45,-0.499999999999999,-0.866025403784438,0,1,0,0,0.80487806,0.268292686666666,64.6016251666666,104.88732,0.3902439,9.41463456,0.756097543333333,98.8448866666666,0,9.2671,80.8128,28.68,77.21,5.07,28.67,79.55,5.42
2022,8,Mullaitivu,LK45,-0.866025403784438,-0.5,0,1,0,0,15.2439022,6.1300811,7.15447143333333,144.628905333333,0.80487806,0.3902439,0.268292686666666,104.88732,1,9.2671,80.8128,28.21,79.74,5.31,28.68,77.21,5.07
2022,9,Mullaitivu,LK45,-1.0,-1.83697019872102e-16,0,1,0,0,14.8048782,20.642276,27.0406493333333,55.1224993333333,15.2439022,0.80487806,6.1300811,144.628905333333,0,9.2671,80.8128,28.3,78.99,5.34,28.21,79.74,5.31
2022,10,Mullaitivu,LK45,-0.866025403784438,0.5,0,0,1,0,283.317075,167.105695,193.878043333333,144.381133333333,14.8048782,15.2439022,20.642276,55.1224993333333,0,9.2671,80.8128,28.02,78.57,3.62,28.3,78.99,5.34
2022,11,Mullaitivu,LK45,-0.5,0.866025403784438,0,0,1,0,291.3414496,369.276406666666,557.024403333333,71.9329436666666,283.317075,14.8048782,167.105695,144.381133333333,0,9.2671,80.8128,26.81,82.18,4.03,28.02,78.57,3.62
2022,12,Mullaitivu,LK45,-2.4492935982947e-16,1.0,0,0,0,1,240.195126,239.073176666666,775.455316666666,98.2315786666666,291.3414496,283.317075,369.276406666666,71.9329436666666,1,9.2671,80.8128,26.4,83.84,5.31,26.81,82.18,4.03
2023,1,Mullaitivu,LK45,0.499999999999999,0.866025403784438,0,0,0,1,70.1463417,72.7967499999999,681.146286666666,88.5825903333333,240.195126,291.3414496,239.073176666666,98.2315786666666,0,9.2671,80.8128,25.65,77.2,5.02,26.4,83.84,5.31
2023,2,Mullaitivu,LK45,0.866025403784438,0.5,0,0,0,1,136.4390224,171.219513333333,483.089426666666,253.473335,70.1463417,240.195126,72.7967499999999,88.5825903333333,0,9.2671,80.8128,26.07,77.79,4.52,25.65,77.2,5.02
2023,3,Mullaitivu,LK45,1.0,6.12323399573676e-17,1,0,0,0,33.5121957,22.292683,266.308933333333,104.087106666666,136.4390224,70.1463417,171.219513333333,253.473335,1,9.2671,80.8128,27.77,77.87,3.85,26.07,77.79,4.52
2023,4,Mullaitivu,LK45,0.866025403784438,-0.499999999999999,1,0,0,0,51.4878064,40.3821163333333,233.89431,70.1988906666666,33.5121957,136.4390224,22.292683,104.087106666666,0,9.2671,80.8128,29.53,73.93,3.18,27.77,77.87,3.85
2023,5,Mullaitivu,LK45,0.499999999999999,-0.866025403784438,0,1,0,0,109.853655199999,134.65041,197.325196666666,283.894133333333,51.4878064,33.5121957,40.3821163333333,70.1988906666666,0,9.2671,80.8128,28.92,82.75,4.64,29.53,73.93,3.18
2023,6,Mullaitivu,LK45,1.22464679914735e-16,-1.0,0,1,0,0,0.5365854,3.84552846666666,178.878053333333,99.7185,109.853655199999,51.4878064,134.65041,283.894133333333,0,9.2671,80.8128,29.42,79.29,5.95,28.92,82.75,4.64
2023,7,Mullaitivu,LK45,-0.499999999999999,-0.866025403784438,0,1,0,0,0.0,0.0,138.495933333333,99.5878166666666,0.5365854,109.853655199999,3.84552846666666,99.7185,0,9.2671,80.8128,29.27,75.58,6.14,29.42,79.29,5.95
2023,8,Mullaitivu,LK45,-0.866025403784438,-0.5,0,1,0,0,3.6341463,1.46341458666666,5.30894303333333,97.1919233333333,0.0,0.5365854,0.0,99.5878166666666,0,9.2671,80.8128,29.62,74.0,5.1,29.27,75.58,6.14
2023,9,Mullaitivu,LK45,-1.0,-1.83697019872102e-16,0,1,0,0,31.3414629999999,21.6422769999999,23.1056909999999,83.8704903333333,3.6341463,0.0,1.46341458666666,97.1919233333333,0,9.2671,80.8128,28.98,76.13,6.73,29.62,74.0,5.1
2023,10,Mullaitivu,LK45,-0.866025403784438,0.5,0,0,1,0,138.585371,104.73984,127.845528666666,82.3745413333333,31.3414629999999,3.6341463,21.6422769999999,83.8704903333333,0,9.2671,80.8128,28.33,78.93,3.65,28.98,76.13,6.73
2023,11,Mullaitivu,LK45,-0.5,0.866025403784438,0,0,1,0,558.658534999999,451.08132,577.46339,136.365815,138.585371,31.3414629999999,104.73984,82.3745413333333,0,9.2671,80.8128,27.69,83.72,3.06,28.33,78.93,3.65
2023,12,Mullaitivu,LK45,-2.4492935982947e-16,1.0,0,0,0,1,444.829263999999,508.048763333333,1063.86986666666,173.788629,558.658534999999,138.585371,451.08132,136.365815,0,9.2671,80.8128,27.24,86.56,5.11,27.69,83.72,3.06
2024,1,Mullaitivu,LK45,0.499999999999999,0.866025403784438,0,0,0,1,115.439026,194.788615333333,1153.91866666666,112.951411666666,444.829263999999,558.658534999999,508.048763333333,173.788629,0,9.2671,80.8128,26.59,79.47,4.55,27.24,86.56,5.11
2024,2,Mullaitivu,LK45,0.866025403784438,0.5,0,0,0,1,10.9512195,18.195122,721.032496666666,54.8909799999999,115.439026,444.829263999999,194.788615333333,112.951411666666,0,9.2671,80.8128,27.25,79.38,4.79,26.59,79.47,4.55
2024,3,Mullaitivu,LK45,1.0,6.12323399573676e-17,1,0,0,0,10.2195119,8.9837395,221.967466666666,53.4472463333333,10.9512195,115.439026,18.195122,54.8909799999999,0,9.2671,80.8128,28.06,74.94,3.72,27.25,79.38,4.79
2024,4,Mullaitivu,LK45,0.866025403784438,-0.499999999999999,1,0,0,0,29.82927,24.0000009999999,51.1788623333333,44.3084206666666,10.2195119,10.9512195,8.9837395,53.4472463333333,0,9.2671,80.8128,30.26,74.43,3.27,28.06,74.94,3.72
2024,5,Mullaitivu,LK45,0.499999999999999,-0.866025403784438,0,1,0,0,23.414635,25.5284563333333,58.5121956666666,121.762609,29.82927,10.2195119,24.0000009999999,44.3084206666666,0,9.2671,80.8128,30.26,78.18,4.23,30.26,74.43,3.27
2024,6,Mullaitivu,LK45,1.22464679914735e-16,-1.0,0,1,0,0,1.9268292,10.3577234,59.8861806666666,108.017863333333,23.414635,29.82927,25.5284563333333,121.762609,0,9.2671,80.8128,29.4,78.91,6.38,30.26,78.18,4.23
2024,7,Mullaitivu,LK45,-0.499999999999999,-0.866025403784438,0,1,0,0,0.0,0.0,35.8861803333333,99.5878166666666,1.9268292,23.414635,10.3577234,108.017863333333,0,9.2671,80.8128,29.6,75.08,6.19,29.4,78.91,6.38
2024,8,Mullaitivu,LK45,-0.866025403784438,-0.5,0,1,0,0,6.24390252,2.93495920666666,13.2926826666666,110.942010333333,0.0,1.9268292,0.0,99.5878166666666,0,9.2671,80.8128,29.0,78.96,5.07,29.6,75.08,6.19
2024,9,Mullaitivu,LK45,-1.0,-1.83697019872102e-16,0,1,0,0,11.5365855,9.56097533333333,12.4959343333333,46.035651,6.24390252,0.0,2.93495920666666,110.942010333333,0,9.2671,80.8128,29.36,77.3,5.69,29.0,78.96,5.07
2024,10,Mullaitivu,LK45,-0.866025403784438,0.5,0,0,1,0,267.4878,195.081299999999,207.577226666666,156.040216666666,11.5365855,6.24390252,9.56097533333333,46.035651,0,9.2671,80.8128,28.47,80.81,3.53,29.36,77.3,5.69
2024,11,Mullaitivu,LK45,-0.5,0.866025403784438,0,0,1,0,616.19514,398.03251,602.674786666666,150.093271666666,267.4878,11.5365855,195.081299999999,156.040216666666,0,9.2671,80.8128,27.94,83.34,5.1,28.47,80.81,3.53
2024,12,Mullaitivu,LK45,-2.4492935982947e-16,1.0,0,0,0,1,95.804878,359.82928,952.94308,44.2926446666666,616.19514,267.4878,398.03251,150.093271666666,0,9.2671,80.8128,27.0,84.97,4.59,27.94,83.34,5.1
2017,1,Batticaloa,LK51,0.499999999999999,0.866025403784438,0,0,0,1,193.256103,98.036586,488.162569999999,103.4415035,342.047038099999,341.994773642857,350.969798809523,93.9431254095238,1,7.717,81.7,26.21,76.8,4.39,26.844285714285714,83.08571428571429,3.8500000000000005
2017,2,Batticaloa,LK51,0.866025403784438,0.5,0,0,0,1,81.7317058,167.219515,419.9878,96.896533,193.256103,342.047038099999,98.036586,103.4415035,1,7.717,81.7,26.72,73.72,3.88,26.21,76.8,4.39
2017,3,Batticaloa,LK51,1.0,6.12323399573676e-17,1,0,0,0,112.8048777,138.280492,403.53659,172.483195333333,81.7317058,193.256103,167.219515,96.896533,0,7.717,81.7,27.52,78.26,2.81,26.72,73.72,3.88
2017,4,Batticaloa,LK51,0.866025403784438,-0.499999999999999,1,0,0,0,19.1341463,26.9105676666666,332.41057,42.876837,112.8048777,81.7317058,138.280492,172.483195333333,0,7.717,81.7,29.31,73.4,2.17,27.52,78.26,2.81
2017,5,Batticaloa,LK51,0.499999999999999,-0.866025403784438,0,1,0,0,29.4878056,20.2073179999999,185.398393333333,118.414911666666,19.1341463,112.8048777,26.9105676666666,42.876837,0,7.717,81.7,29.43,75.31,2.97,29.31,73.4,2.17
2017,6,Batticaloa,LK51,1.22464679914735e-16,-1.0,0,1,0,0,10.5243904999999,20.9512196666666,68.069104,117.582426666666,29.4878056,19.1341463,20.2073179999999,118.414911666666,0,7.717,81.7,29.44,73.3,3.46,29.43,75.31,2.97
2017,7,Batticaloa,LK51,-0.499999999999999,-0.866025403784438,0,1,0,0,40.256099,34.2398376666666,75.3983766666666,108.812873333333,10.5243904999999,29.4878056,20.9512196666666,117.582426666666,0,7.717,81.7,29.71,70.13,2.69,29.44,73.3,3.46
2017,8,Batticaloa,LK51,-0.866025403784438,-0.5,0,1,0,0,91.19512,73.2926806666666,128.483739999999,157.324706666666,40.256099,10.5243904999999,34.2398376666666,108.812873333333,0,7.717,81.7,29.44,71.44,2.85,29.71,70.13,2.69
2017,9,Batticaloa,LK51,-1.0,-1.83697019872102e-16,0,1,0,0,82.487804,96.788618,204.321126666666,131.75794,91.19512,40.256099,73.2926806666666,157.324706666666,0,7.717,81.7,28.62,75.55,2.84,29.44,71.44,2.85
2017,10,Batticaloa,LK51,-0.866025403784438,0.5,0,0,1,0,190.585357999999,121.605688,291.686983333333,100.52796,82.487804,91.19512,96.788618,131.75794,1,7.717,81.7,28.39,77.85,2.44,28.62,75.55,2.84
2017,11,Batticaloa,LK51,-0.5,0.866025403784438,0,0,1,0,356.378048,313.577236666666,531.971553333333,102.012757333333,190.585357999999,82.487804,121.605688,100.52796,0,7.717,81.7,27.17,84.03,3.47,28.39,77.85,2.44
2017,12,Batticaloa,LK51,-2.4492935982947e-16,1.0,0,0,0,1,133.8780497,234.264226666666,669.447143333333,37.9199246666666,356.378048,190.585357999999,313.577236666666,102.012757333333,0,7.717,81.7,26.66,81.04,3.58,27.17,84.03,3.47
2018,1,Batticaloa,LK51,0.499999999999999,0.866025403784438,0,0,0,1,59.1219533,52.536585,600.378046666666,34.4934526666666,133.8780497,356.378048,234.264226666666,37.9199246666666,1,7.717,81.7,25.83,79.95,3.82,26.66,81.04,3.58
2018,2,Batticaloa,LK51,0.866025403784438,0.5,0,0,0,1,114.414637,77.3170726666666,364.117926666666,136.733380333333,59.1219533,133.8780497,52.536585,34.4934526666666,0,7.717,81.7,26.46,79.71,3.88,25.83,79.95,3.82
2018,3,Batticaloa,LK51,1.0,6.12323399573676e-17,1,0,0,0,83.158538,130.317073333333,260.17073,138.054853333333,114.414637,59.1219533,77.3170726666666,136.733380333333,0,7.717,81.7,27.69,77.56,3.04,26.46,79.71,3.88
2018,4,Batticaloa,LK51,0.866025403784438,-0.499999999999999,1,0,0,0,73.195124,80.4512266666666,288.08537,112.376163333333,83.158538,114.414637,130.317073333333,138.054853333333,1,7.717,81.7,28.5,79.15,2.64,27.69,77.56,3.04
2018,5,Batticaloa,LK51,0.499999999999999,-0.866025403784438,0,1,0,0,65.353659,56.4796743333333,267.24798,197.203393333333,73.195124,83.158538,80.4512266666666,112.376163333333,0,7.717,81.7,28.42,82.24,2.82,28.5,79.15,2.64
2018,6,Batticaloa,LK51,1.22464679914735e-16,-1.0,0,1,0,0,10.2073172,30.0853666666666,167.01625,115.779035333333,65.353659,73.195124,56.4796743333333,197.203393333333,0,7.717,81.7,28.46,79.68,3.53,28.42,82.24,2.82
2018,7,Batticaloa,LK51,-0.499999999999999,-0.866025403784438,0,1,0,0,27.9878048999999,23.4186993333333,109.98374,83.1030476666666,10.2073172,65.353659,30.0853666666666,115.779035333333,0,7.717,81.7,28.43,75.22,3.82,28.46,79.68,3.53
2018,8,Batticaloa,LK51,-0.866025403784438,-0.5,0,1,0,0,98.634146,63.069106,116.573168333333,158.643184333333,27.9878048999999,10.2073172,23.4186993333333,83.1030476666666,0,7.717,81.7,28.66,72.3,3.9,28.43,75.22,3.82
2018,9,Batticaloa,LK51,-1.0,-1.83697019872102e-16,0,1,0,0,48.8902439999999,66.8617896666666,153.3496,76.5001396666666,98.634146,27.9878048999999,63.069106,158.643184333333,0,7.717,81.7,28.72,73.04,2.88,28.66,72.3,3.9
2018,10,Batticaloa,LK51,-0.866025403784438,0.5,0,0,1,0,231.13414,175.386176666666,305.31707,134.655462333333,48.8902439999999,98.634146,66.8617896666666,76.5001396666666,0,7.717,81.7,27.44,80.72,2.86,28.72,73.04,2.88
2018,11,Batticaloa,LK51,-0.5,0.866025403784438,0,0,1,0,322.792686,339.451233333333,581.699213333333,94.997775,231.13414,48.8902439999999,175.386176666666,134.655462333333,0,7.717,81.7,27.11,82.84,3.2,27.44,80.72,2.86
2018,12,Batticaloa,LK51,-2.4492935982947e-16,1.0,0,0,0,1,244.890253,261.26423,776.101576666666,67.0655513333333,322.792686,231.13414,339.451233333333,94.997775,1,7.717,81.7,26.57,83.17,3.73,27.11,82.84,3.2
2019,1,Batticaloa,LK51,0.499999999999999,0.866025403784438,0,0,0,1,49.9756103999999,80.959353,681.674766666666,27.4966974333333,244.890253,322.792686,261.26423,67.0655513333333,0,7.717,81.7,26.03,80.51,4.4,26.57,83.17,3.73
2019,2,Batticaloa,LK51,0.866025403784438,0.5,0,0,0,1,143.792685,152.272353333333,494.495963333333,109.322841666666,49.9756103999999,244.890253,80.959353,27.4966974333333,1,7.717,81.7,27.28,79.83,3.82,26.03,80.51,4.4
2019,3,Batticaloa,LK51,1.0,6.12323399573676e-17,1,0,0,0,9.2195119,16.060976,249.292686666666,33.5976303333333,143.792685,49.9756103999999,152.272353333333,109.322841666666,0,7.717,81.7,28.19,73.32,3.21,27.28,79.83,3.82
2019,4,Batticaloa,LK51,0.866025403784438,-0.499999999999999,1,0,0,0,61.304878,39.016261,207.349583333333,97.3710723333333,9.2195119,143.792685,16.060976,33.5976303333333,0,7.717,81.7,29.46,72.02,2.71,28.19,73.32,3.21
2019,5,Batticaloa,LK51,0.499999999999999,-0.866025403784438,0,1,0,0,8.768293,29.3821143333333,84.4593546666666,59.6501233333333,61.304878,9.2195119,39.016261,97.3710723333333,0,7.717,81.7,30.42,72.47,3.17,29.46,72.02,2.71
2019,6,Batticaloa,LK51,1.22464679914735e-16,-1.0,0,1,0,0,13.4756101999999,12.9430896666666,81.3414616666666,130.652226666666,8.768293,61.304878,29.3821143333333,59.6501233333333,0,7.717,81.7,30.52,69.67,3.3,30.42,72.47,3.17
2019,7,Batticaloa,LK51,-0.499999999999999,-0.866025403784438,0,1,0,0,35.317074,26.532521,68.8577233333333,96.9109783333333,13.4756101999999,8.768293,12.9430896666666,130.652226666666,0,7.717,81.7,29.69,70.99,3.39,30.52,69.67,3.3
2019,8,Batticaloa,LK51,-0.866025403784438,-0.5,0,1,0,0,136.524386,108.024386666666,147.499996666666,220.989683333333,35.317074,13.4756101999999,26.532521,96.9109783333333,0,7.717,81.7,29.05,72.44,3.76,29.69,70.99,3.39
2019,9,Batticaloa,LK51,-1.0,-1.83697019872102e-16,0,1,0,0,114.47561,107.121951666666,241.678866666666,172.105503333333,136.524386,35.317074,108.024386666666,220.989683333333,1,7.717,81.7,28.13,79.46,3.11,29.05,72.44,3.76
2019,10,Batticaloa,LK51,-0.866025403784438,0.5,0,0,1,0,300.963422,184.93089,400.07725,135.995581999999,114.47561,136.524386,107.121951666666,172.105503333333,1,7.717,81.7,27.28,82.2,2.42,28.13,79.46,3.11
2019,11,Batticaloa,LK51,-0.5,0.866025403784438,0,0,1,0,363.512203,314.219523333333,606.272356666666,100.567279,300.963422,114.47561,184.93089,135.995581999999,1,7.717,81.7,27.69,81.35,2.72,27.28,82.2,2.42
2019,12,Batticaloa,LK51,-2.4492935982947e-16,1.0,0,0,0,1,479.329283,621.024383333333,1120.17483333333,130.771846666666,363.512203,300.963422,314.219523333333,100.567279,0,7.717,81.7,27.07,82.84,3.97,27.69,81.35,2.72
2020,1,Batticaloa,LK51,0.499999999999999,0.866025403784438,0,0,0,1,23.0731707,86.7479693333333,1021.99191,16.50923,479.329283,363.512203,621.024383333333,130.771846666666,0,7.717,81.7,26.94,78.62,3.96,27.07,82.84,3.97
2020,2,Batticaloa,LK51,0.866025403784438,0.5,0,0,0,1,15.9756102,20.2967486666666,728.069133333333,27.3106193333333,23.0731707,479.329283,86.7479693333333,16.50923,0,7.717,81.7,26.84,78.01,4.23,26.94,78.62,3.96
2020,3,Batticaloa,LK51,1.0,6.12323399573676e-17,1,0,0,0,11.5365857,14.6300816666666,121.674796666666,36.3572156666666,15.9756102,23.0731707,20.2967486666666,27.3106193333333,0,7.717,81.7,27.88,74.01,3.11,26.84,78.01,4.23
2020,4,Batticaloa,LK51,0.866025403784438,-0.499999999999999,1,0,0,0,33.182926,21.296748,56.2235746666666,61.656855,11.5365857,15.9756102,14.6300816666666,36.3572156666666,0,7.717,81.7,29.11,76.11,2.94,27.88,74.01,3.11
2020,5,Batticaloa,LK51,0.499999999999999,-0.866025403784438,0,1,0,0,50.268293,51.5731686666666,87.5,146.369063333333,33.182926,11.5365857,21.296748,61.656855,0,7.717,81.7,29.66,76.32,2.87,29.11,76.11,2.94
2020,6,Batticaloa,LK51,1.22464679914735e-16,-1.0,0,1,0,0,20.7073173,22.1707323333333,95.0406516666666,160.593487,50.268293,33.182926,51.5731686666666,146.369063333333,0,7.717,81.7,29.6,72.56,3.12,29.66,76.32,2.87
2020,7,Batticaloa,LK51,-0.499999999999999,-0.866025403784438,0,1,0,0,72.914635,51.9756113333333,125.719511666666,167.818773333333,20.7073173,50.268293,22.1707323333333,160.593487,0,7.717,81.7,28.6,76.04,3.18,29.6,72.56,3.12
2020,8,Batticaloa,LK51,-0.866025403784438,-0.5,0,1,0,0,40.134146,59.7438996666666,133.890239999999,83.5135096666666,72.914635,20.7073173,51.9756113333333,167.818773333333,0,7.717,81.7,29.08,72.94,3.19,28.6,76.04,3.18
2020,9,Batticaloa,LK51,-1.0,-1.83697019872102e-16,0,1,0,0,178.012194,128.14634,239.865853333333,245.108649999999,40.134146,72.914635,59.7438996666666,83.5135096666666,0,7.717,81.7,28.53,74.44,3.01,29.08,72.94,3.19
2020,10,Batticaloa,LK51,-0.866025403784438,0.5,0,0,1,0,135.939018,130.821136666666,318.711386666666,70.08673,178.012194,40.134146,128.14634,245.108649999999,0,7.717,81.7,28.82,73.34,2.72,28.53,74.44,3.01
2020,11,Batticaloa,LK51,-0.5,0.866025403784438,0,0,1,0,252.865852,251.719503333333,510.686966666666,75.4396316666666,135.939018,178.012194,130.821136666666,70.08673,0,7.717,81.7,27.54,82.69,2.98,28.82,73.34,2.72
2020,12,Batticaloa,LK51,-2.4492935982947e-16,1.0,0,0,0,1,470.4634,372.821146666666,755.3618,131.110453333333,252.865852,135.939018,251.719503333333,75.4396316666666,0,7.717,81.7,26.75,84.05,3.8,27.54,82.69,2.98
2021,1,Batticaloa,LK51,0.499999999999999,0.866025403784438,0,0,0,1,416.63415,483.508123333333,1108.04883333333,173.210383333333,470.4634,252.865852,372.821146666666,131.110453333333,0,7.717,81.7,26.45,84.15,3.76,26.75,84.05,3.8
2021,2,Batticaloa,LK51,0.866025403784438,0.5,0,0,0,1,85.97561,177.410566666666,1033.73989999999,72.8390023333333,416.63415,470.4634,483.508123333333,173.210383333333,0,7.717,81.7,26.68,80.24,4.02,26.45,84.15,3.76
2021,3,Batticaloa,LK51,1.0,6.12323399573676e-17,1,0,0,0,75.9756089999999,48.3902456666666,709.308933333333,126.856896666666,85.97561,416.63415,177.410566666666,72.8390023333333,0,7.717,81.7,27.4,78.72,2.94,26.68,80.24,4.02
2021,4,Batticaloa,LK51,0.866025403784438,-0.499999999999999,1,0,0,0,67.073171,76.7357713333333,302.536596666666,102.194612666666,75.9756089999999,85.97561,48.3902456666666,126.856896666666,0,7.717,81.7,28.49,77.95,2.2,27.4,78.72,2.94
2021,5,Batticaloa,LK51,0.499999999999999,-0.866025403784438,0,1,0,0,39.3414634,54.0121933333333,179.138213333333,125.294589999999,67.073171,75.9756089999999,76.7357713333333,102.194612666666,0,7.717,81.7,28.85,80.14,3.11,28.49,77.95,2.2
2021,6,Batticaloa,LK51,1.22464679914735e-16,-1.0,0,1,0,0,10.9756098,17.9878043333333,148.735776666666,118.99167,39.3414634,67.073171,54.0121933333333,125.294589999999,0,7.717,81.7,28.76,77.51,3.08,28.85,80.14,3.11
2021,7,Batticaloa,LK51,-0.499999999999999,-0.866025403784438,0,1,0,0,64.219512,53.5243883333333,125.52439,155.990636666666,10.9756098,39.3414634,17.9878043333333,118.99167,0,7.717,81.7,28.71,76.98,3.61,28.76,77.51,3.08
2021,8,Batticaloa,LK51,-0.866025403784438,-0.5,0,1,0,0,65.829269,52.8821133333333,124.394311666666,115.889308333333,64.219512,10.9756098,53.5243883333333,155.990636666666,0,7.717,81.7,28.62,75.39,3.19,28.71,76.98,3.61
2021,9,Batticaloa,LK51,-1.0,-1.83697019872102e-16,0,1,0,0,113.707316999999,100.565041333333,206.971553333333,158.826263333333,65.829269,64.219512,52.8821133333333,115.889308333333,0,7.717,81.7,28.54,78.32,2.76,28.62,75.39,3.19
2021,10,Batticaloa,LK51,-0.866025403784438,0.5,0,0,1,0,245.475609,206.154463333333,359.601633333333,146.79321,113.707316999999,65.829269,100.565041333333,158.826263333333,0,7.717,81.7,27.94,80.57,2.92,28.54,78.32,2.76
2021,11,Batticaloa,LK51,-0.5,0.866025403784438,0,0,1,0,434.08537,369.504076666666,676.223586666666,124.18269,245.475609,113.707316999999,206.154463333333,146.79321,0,7.717,81.7,27.27,82.5,2.93,27.94,80.57,2.92
2021,12,Batticaloa,LK51,-2.4492935982947e-16,1.0,0,0,0,1,126.402441,232.621944999999,808.28048,33.6528671999999,434.08537,245.475609,369.504076666666,124.18269,1,7.717,81.7,27.0,80.0,3.62,27.27,82.5,2.93
2022,1,Batticaloa,LK51,0.499999999999999,0.866025403784438,0,0,0,1,72.8414631999999,103.930895333333,706.056916666666,33.2923533333333,126.402441,434.08537,232.621944999999,33.6528671999999,0,7.717,81.7,26.54,81.17,3.84,27.0,80.0,3.62
2022,2,Batticaloa,LK51,0.866025403784438,0.5,0,0,0,1,204.475607,150.418693333333,486.971543333333,198.586269999999,72.8414631999999,126.402441,103.930895333333,33.2923533333333,0,7.717,81.7,26.62,80.57,3.88,26.54,81.17,3.84
2022,3,Batticaloa,LK51,1.0,6.12323399573676e-17,1,0,0,0,92.2317046,143.739828333333,398.089436666666,143.777241333333,204.475607,72.8414631999999,150.418693333333,198.586269999999,1,7.717,81.7,27.69,81.03,3.27,26.62,80.57,3.88
2022,4,Batticaloa,LK51,0.866025403784438,-0.499999999999999,1,0,0,0,83.8902446,80.2398353333333,374.398366666666,126.225979333333,92.2317046,204.475607,143.739828333333,143.777241333333,1,7.717,81.7,28.41,80.17,2.22,27.69,81.03,3.27
2022,5,Batticaloa,LK51,0.499999999999999,-0.866025403784438,0,1,0,0,16.8292687,26.6585373333333,250.63821,73.96791,83.8902446,92.2317046,80.2398353333333,126.225979333333,0,7.717,81.7,28.95,80.91,3.33,28.41,80.17,2.22
2022,6,Batticaloa,LK51,1.22464679914735e-16,-1.0,0,1,0,0,8.963415,9.32520333333333,116.223576666666,112.828073333333,16.8292687,83.8902446,26.6585373333333,73.96791,0,7.717,81.7,28.35,79.81,2.97,28.95,80.91,3.33
2022,7,Batticaloa,LK51,-0.499999999999999,-0.866025403784438,0,1,0,0,76.3414652,34.9796736666666,70.9634156666666,172.24734,8.963415,16.8292687,9.32520333333333,112.828073333333,0,7.717,81.7,28.25,77.2,3.33,28.35,79.81,2.97
2022,8,Batticaloa,LK51,-0.866025403784438,-0.5,0,1,0,0,136.8414627,127.589428333333,171.894306666666,226.875542666666,76.3414652,8.963415,34.9796736666666,172.24734,0,7.717,81.7,28.09,77.32,3.33,28.25,77.2,3.33
2022,9,Batticaloa,LK51,-1.0,-1.83697019872102e-16,0,1,0,0,45.329268,91.5691033333333,254.1382,77.9640373333333,136.8414627,76.3414652,127.589428333333,226.875542666666,0,7.717,81.7,28.31,77.03,2.54,28.09,77.32,3.33
2022,10,Batticaloa,LK51,-0.866025403784438,0.5,0,0,1,0,221.987809,138.979676666666,358.138213333333,119.474245,45.329268,136.8414627,91.5691033333333,77.9640373333333,0,7.717,81.7,27.87,77.44,2.84,28.31,77.03,2.54
2022,11,Batticaloa,LK51,-0.5,0.866025403784438,0,0,1,0,291.7439065,354.926843333333,585.4756,88.010408,221.987809,45.329268,138.979676666666,119.474245,0,7.717,81.7,26.8,81.64,3.06,27.87,77.44,2.84
2022,12,Batticaloa,LK51,-2.4492935982947e-16,1.0,0,0,0,1,440.036579999999,322.833316666666,816.739833333333,121.722711333333,291.7439065,221.987809,354.926843333333,88.010408,0,7.717,81.7,26.38,84.2,4.22,26.8,81.64,3.06
2023,1,Batticaloa,LK51,0.499999999999999,0.866025403784438,0,0,0,1,189.1585266,218.939016666666,896.699246666666,99.6710963333333,440.036579999999,291.7439065,322.833316666666,121.722711333333,1,7.717,81.7,25.91,80.92,4.72,26.38,84.2,4.22
2023,2,Batticaloa,LK51,0.866025403784438,0.5,0,0,0,1,155.463416,229.146333333333,770.91869,142.767841666666,189.1585266,440.036579999999,218.939016666666,99.6710963333333,1,7.717,81.7,26.38,80.25,4.29,25.91,80.92,4.72
2023,3,Batticaloa,LK51,1.0,6.12323399573676e-17,1,0,0,0,147.719509999999,148.536583333333,596.621953333333,235.449681666666,155.463416,189.1585266,229.146333333333,142.767841666666,0,7.717,81.7,27.62,79.4,3.18,26.38,80.25,4.29
2023,4,Batticaloa,LK51,0.866025403784438,-0.499999999999999,1,0,0,0,58.5121935999999,65.174794,442.857716666666,97.0035196666666,147.719509999999,155.463416,148.536583333333,235.449681666666,0,7.717,81.7,29.1,75.57,2.48,27.62,79.4,3.18
2023,5,Batticaloa,LK51,0.499999999999999,-0.866025403784438,0,1,0,0,103.085372,127.723578333333,341.43495,243.352763333333,58.5121935999999,147.719509999999,65.174794,97.0035196666666,0,7.717,81.7,28.97,79.68,2.98,29.1,75.57,2.48
2023,6,Batticaloa,LK51,1.22464679914735e-16,-1.0,0,1,0,0,32.304877,27.321139,220.219509999999,220.53575,103.085372,58.5121935999999,127.723578333333,243.352763333333,0,7.717,81.7,29.33,77.57,3.04,28.97,79.68,2.98
2023,7,Batticaloa,LK51,-0.499999999999999,-0.866025403784438,0,1,0,0,28.4146348,36.2154476666666,191.26017,86.0339953333333,32.304877,103.085372,27.321139,220.53575,0,7.717,81.7,29.19,74.23,3.45,29.33,77.57,3.04
2023,8,Batticaloa,LK51,-0.866025403784438,-0.5,0,1,0,0,24.4756102,18.3130083333333,81.8495983333333,56.3732896666666,28.4146348,32.304877,36.2154476666666,86.0339953333333,0,7.717,81.7,29.59,72.68,2.94,29.19,74.23,3.45
2023,9,Batticaloa,LK51,-1.0,-1.83697019872102e-16,0,1,0,0,131.243899,82.4593489999999,136.987812,171.426346666666,24.4756102,28.4146348,18.3130083333333,56.3732896666666,0,7.717,81.7,28.38,79.91,3.68,29.59,72.68,2.94
2023,10,Batticaloa,LK51,-0.866025403784438,0.5,0,0,1,0,191.292685,190.92276,291.695123333333,113.487802333333,131.243899,24.4756102,82.4593489999999,171.426346666666,1,7.717,81.7,27.62,82.52,2.73,28.38,79.91,3.68
2023,11,Batticaloa,LK51,-0.5,0.866025403784438,0,0,1,0,372.58535,310.174793333333,583.556893333333,108.764954666666,191.292685,131.243899,190.92276,113.487802333333,0,7.717,81.7,27.61,83.21,2.6,27.62,82.52,2.73
2023,12,Batticaloa,LK51,-2.4492935982947e-16,1.0,0,0,0,1,499.32926,411.959343333333,913.056916666666,135.358523333333,372.58535,191.292685,310.174793333333,108.764954666666,0,7.717,81.7,27.48,86.3,4.03,27.61,83.21,2.6
2024,1,Batticaloa,LK51,0.499999999999999,0.866025403784438,0,0,0,1,378.780492,551.85773,1273.9919,146.622001333333,499.32926,372.58535,411.959343333333,135.358523333333,0,7.717,81.7,26.99,81.4,3.85,27.48,86.3,4.03
2024,2,Batticaloa,LK51,0.866025403784438,0.5,0,0,0,1,22.3780489999999,50.2560946666666,1014.07313333333,35.547088,378.780492,499.32926,551.85773,146.622001333333,0,7.717,81.7,27.49,80.82,4.28,26.99,81.4,3.85
2024,3,Batticaloa,LK51,1.0,6.12323399573676e-17,1,0,0,0,34.707317,27.1422763333333,629.256126666666,69.4382763333333,22.3780489999999,378.780492,50.2560946666666,35.547088,0,7.717,81.7,28.06,77.21,3.17,27.49,80.82,4.28
2024,4,Batticaloa,LK51,0.866025403784438,-0.499999999999999,1,0,0,0,38.4390228,43.174796,120.57317,66.0663233333333,34.707317,22.3780489999999,27.1422763333333,69.4382763333333,0,7.717,81.7,29.76,76.74,2.69,28.06,77.21,3.17
2024,5,Batticaloa,LK51,0.499999999999999,-0.866025403784438,0,1,0,0,42.731708,41.873984,112.191048333333,134.447023333333,38.4390228,34.707317,43.174796,66.0663233333333,0,7.717,81.7,29.82,79.29,3.15,29.76,76.74,2.69
2024,6,Batticaloa,LK51,1.22464679914735e-16,-1.0,0,1,0,0,6.7926826,19.4756095333333,104.524386666666,101.187966666666,42.731708,38.4390228,41.873984,134.447023333333,0,7.717,81.7,29.59,76.19,3.54,29.82,79.29,3.15
2024,7,Batticaloa,LK51,-0.499999999999999,-0.866025403784438,0,1,0,0,15.6951217,12.1016259,73.4512199999999,59.5375866666666,6.7926826,42.731708,19.4756095333333,101.187966666666,0,7.717,81.7,29.81,71.37,3.75,29.59,76.19,3.54
2024,8,Batticaloa,LK51,-0.866025403784438,-0.5,0,1,0,0,75.97561,54.565041,86.1422766666666,131.287204666666,15.6951217,6.7926826,12.1016259,59.5375866666666,0,7.717,81.7,29.42,74.89,3.06,29.81,71.37,3.75
2024,9,Batticaloa,LK51,-1.0,-1.83697019872102e-16,0,1,0,0,31.6707312,43.735771,110.402436666666,55.0453503333333,75.97561,15.6951217,54.565041,131.287204666666,0,7.717,81.7,29.74,72.87,3.14,29.42,74.89,3.06
2024,10,Batticaloa,LK51,-0.866025403784438,0.5,0,0,1,0,262.52439,186.86991,285.17073,152.069871666666,31.6707312,75.97561,43.735771,55.0453503333333,0,7.717,81.7,28.39,79.65,2.12,29.74,72.87,3.14
2024,11,Batticaloa,LK51,-0.5,0.866025403784438,0,0,1,0,490.121943,334.252036666666,564.85772,136.004951,262.52439,31.6707312,186.86991,152.069871666666,0,7.717,81.7,27.7,83.96,3.78,28.39,79.65,2.12
2024,12,Batticaloa,LK51,-2.4492935982947e-16,1.0,0,0,0,1,160.012192,330.276423333333,851.398376666666,45.933975,490.121943,262.52439,334.252036666666,136.004951,0,7.717,81.7,27.16,84.07,3.01,27.7,83.96,3.78
2017,1,Ampara,LK52,0.499999999999999,0.866025403784438,0,0,0,1,197.578229,100.029476666666,484.433113333333,96.4727993333333,327.013602571428,327.047619957142,341.143498571428,95.8643406190476,0,7.2913,81.6722,26.21,76.8,4.39,26.844285714285714,83.08571428571429,3.8500000000000005
2017,2,Ampara,LK52,0.866025403784438,0.5,0,0,0,1,129.510208999999,190.043086666666,441.87753,102.688726333333,197.578229,327.013602571428,100.029476666666,96.4727993333333,0,7.2913,81.6722,26.72,73.72,3.88,26.21,76.8,4.39
2017,3,Ampara,LK52,1.0,6.12323399573676e-17,1,0,0,0,140.5102063,180.870743333333,470.943286666666,170.185317666666,129.510208999999,197.578229,190.043086666666,102.688726333333,0,7.2913,81.6722,27.52,78.26,2.81,26.72,73.72,3.88
2017,4,Ampara,LK52,0.866025403784438,-0.499999999999999,1,0,0,0,42.6938766,49.925172,420.839016666666,50.5843879999999,140.5102063,129.510208999999,180.870743333333,170.185317666666,0,7.2913,81.6722,29.31,73.4,2.17,27.52,78.26,2.81
2017,5,Ampara,LK52,0.499999999999999,-0.866025403784438,0,1,0,0,111.564625,69.378682,300.1746,146.660981333333,42.6938766,140.5102063,49.925172,50.5843879999999,0,7.2913,81.6722,29.43,75.31,2.97,29.31,73.4,2.17
2017,6,Ampara,LK52,1.22464679914735e-16,-1.0,0,1,0,0,39.9115649999999,80.8956946666666,200.199556666666,130.124299999999,111.564625,42.6938766,69.378682,146.660981333333,0,7.2913,81.6722,29.44,73.3,3.46,29.43,75.31,2.97
2017,7,Ampara,LK52,-0.499999999999999,-0.866025403784438,0,1,0,0,41.557822,41.7823126666666,192.056696666666,98.9144499999999,39.9115649999999,111.564625,80.8956946666666,130.124299999999,0,7.2913,81.6722,29.71,70.13,2.69,29.44,73.3,3.46
2017,8,Ampara,LK52,-0.866025403784438,-0.5,0,1,0,0,98.33333,86.2653053333333,208.94331,152.437293333333,41.557822,39.9115649999999,41.7823126666666,98.9144499999999,0,7.2913,81.6722,29.44,71.44,2.85,29.71,70.13,2.69
2017,9,Ampara,LK52,-1.0,-1.83697019872102e-16,0,1,0,0,79.523811,91.0113333333333,219.058966666666,128.230855,98.33333,41.557822,86.2653053333333,152.437293333333,1,7.2913,81.6722,28.62,75.55,2.84,29.44,71.44,2.85
2017,10,Ampara,LK52,-0.866025403784438,0.5,0,0,1,0,199.43537,124.340129,301.616786666666,104.204934666666,79.523811,98.33333,91.0113333333333,128.230855,0,7.2913,81.6722,28.39,77.85,2.44,28.62,75.55,2.84
2017,11,Ampara,LK52,-0.5,0.866025403784438,0,0,1,0,386.66666,318.834463333333,534.18593,116.461351333333,199.43537,79.523811,124.340129,104.204934666666,0,7.2913,81.6722,27.17,84.03,3.47,28.39,77.85,2.44
2017,12,Ampara,LK52,-2.4492935982947e-16,1.0,0,0,0,1,163.53741,277.736943333333,720.911573333333,48.1003399999999,386.66666,199.43537,318.834463333333,116.461351333333,1,7.2913,81.6722,26.66,81.04,3.58,27.17,84.03,3.47
2018,1,Ampara,LK52,0.499999999999999,0.866025403784438,0,0,0,1,72.6530609,72.1133786666666,668.684853333333,39.192618,163.53741,386.66666,277.736943333333,48.1003399999999,1,7.2913,81.6722,25.83,79.95,3.82,26.66,81.04,3.58
2018,2,Ampara,LK52,0.866025403784438,0.5,0,0,0,1,111.285716,94.4512453333333,444.301566666666,91.7938116666666,72.6530609,163.53741,72.1133786666666,39.192618,1,7.2913,81.6722,26.46,79.71,3.88,25.83,79.95,3.82
2018,3,Ampara,LK52,1.0,6.12323399573676e-17,1,0,0,0,113.108844,140.49433,307.05897,140.513973333333,111.285716,72.6530609,94.4512453333333,91.7938116666666,0,7.2913,81.6722,27.69,77.56,3.04,26.46,79.71,3.88
2018,4,Ampara,LK52,0.866025403784438,-0.499999999999999,1,0,0,0,108.884351,115.494329999999,350.439916666666,109.891288666666,113.108844,111.285716,140.49433,140.513973333333,1,7.2913,81.6722,28.5,79.15,2.64,27.69,77.56,3.04
2018,5,Ampara,LK52,0.499999999999999,-0.866025403784438,0,1,0,0,192.761905,147.945576666666,403.934266666666,226.97889,108.884351,113.108844,115.494329999999,109.891288666666,1,7.2913,81.6722,28.42,82.24,2.82,28.5,79.15,2.64
2018,6,Ampara,LK52,1.22464679914735e-16,-1.0,0,1,0,0,37.5442175,98.0272133333333,361.467133333333,122.020983666666,192.761905,108.884351,147.945576666666,226.97889,1,7.2913,81.6722,28.46,79.68,3.53,28.42,82.24,2.82
2018,7,Ampara,LK52,-0.499999999999999,-0.866025403784438,0,1,0,0,34.4829924999999,33.3854866666666,279.358286666666,84.759912,37.5442175,192.761905,98.0272133333333,122.020983666666,0,7.2913,81.6722,28.43,75.22,3.82,28.46,79.68,3.53
2018,8,Ampara,LK52,-0.866025403784438,-0.5,0,1,0,0,105.394554,71.5034033333333,202.916103333333,152.966603333333,34.4829924999999,37.5442175,33.3854866666666,84.759912,0,7.2913,81.6722,28.66,72.3,3.9,28.43,75.22,3.82
2018,9,Ampara,LK52,-1.0,-1.83697019872102e-16,0,1,0,0,59.4081626999999,71.21315,176.102026666666,86.343236,105.394554,34.4829924999999,71.5034033333333,152.966603333333,0,7.2913,81.6722,28.72,73.04,2.88,28.66,72.3,3.9
2018,10,Ampara,LK52,-0.866025403784438,0.5,0,0,1,0,276.258502,205.024936666666,347.741496666666,153.487027999999,59.4081626999999,105.394554,71.21315,86.343236,0,7.2913,81.6722,27.44,80.72,2.86,28.72,73.04,2.88
2018,11,Ampara,LK52,-0.5,0.866025403784438,0,0,1,0,288.619041,331.358283333333,607.596376666666,90.0675386666666,276.258502,59.4081626999999,205.024936666666,153.487027999999,0,7.2913,81.6722,27.11,82.84,3.2,27.44,80.72,2.86
2018,12,Ampara,LK52,-2.4492935982947e-16,1.0,0,0,0,1,253.925176,266.74603,803.12925,74.6066913333333,288.619041,276.258502,331.358283333333,90.0675386666666,0,7.2913,81.6722,26.57,83.17,3.73,27.11,82.84,3.2
2019,1,Ampara,LK52,0.499999999999999,0.866025403784438,0,0,0,1,69.5986386,94.1156416666666,692.21998,35.3769053333333,253.925176,288.619041,266.74603,74.6066913333333,1,7.2913,81.6722,26.03,80.51,4.4,26.57,83.17,3.73
2019,2,Ampara,LK52,0.866025403784438,0.5,0,0,0,1,213.945581,202.519276666666,563.380966666666,136.408363333333,69.5986386,253.925176,94.1156416666666,35.3769053333333,0,7.2913,81.6722,27.28,79.83,3.82,26.03,80.51,4.4
2019,3,Ampara,LK52,1.0,6.12323399573676e-17,1,0,0,0,17.9863948,48.263037,344.897936666666,36.1947536666666,213.945581,69.5986386,202.519276666666,136.408363333333,0,7.2913,81.6722,28.19,73.32,3.21,27.28,79.83,3.82
2019,4,Ampara,LK52,0.866025403784438,-0.499999999999999,1,0,0,0,100.306123,62.3832199999999,313.165553333333,101.833196,17.9863948,213.945581,48.263037,36.1947536666666,0,7.2913,81.6722,29.46,72.02,2.71,28.19,73.32,3.21
2019,5,Ampara,LK52,0.499999999999999,-0.866025403784438,0,1,0,0,42.0544204,66.4263016666666,177.072563333333,63.8870476666666,100.306123,17.9863948,62.3832199999999,101.833196,0,7.2913,81.6722,30.42,72.47,3.17,29.46,72.02,2.71
2019,6,Ampara,LK52,1.22464679914735e-16,-1.0,0,1,0,0,40.591836,48.1269823333333,176.9365,129.355316666666,42.0544204,100.306123,66.4263016666666,63.8870476666666,0,7.2913,81.6722,30.52,69.67,3.3,30.42,72.47,3.17
2019,7,Ampara,LK52,-0.499999999999999,-0.866025403784438,0,1,0,0,52.6394559999999,45.8820853333333,160.43537,115.978241333333,40.591836,42.0544204,48.1269823333333,129.355316666666,0,7.2913,81.6722,29.69,70.99,3.39,30.52,69.67,3.3
2019,8,Ampara,LK52,-0.866025403784438,-0.5,0,1,0,0,149.564628,123.553289999999,217.562356666666,217.754123333333,52.6394559999999,40.591836,45.8820853333333,115.978241333333,0,7.2913,81.6722,29.05,72.44,3.76,29.69,70.99,3.39
2019,9,Ampara,LK52,-1.0,-1.83697019872102e-16,0,1,0,0,116.149659,109.004536666666,278.43992,169.37687,149.564628,52.6394559999999,123.553289999999,217.754123333333,1,7.2913,81.6722,28.13,79.46,3.11,29.05,72.44,3.76
2019,10,Ampara,LK52,-0.866025403784438,0.5,0,0,1,0,348.965994,228.351473333333,460.9093,168.341226666666,116.149659,149.564628,109.004536666666,169.37687,0,7.2913,81.6722,27.28,82.2,2.42,28.13,79.46,3.11
2019,11,Ampara,LK52,-0.5,0.866025403784438,0,0,1,0,395.068036,343.063496666666,680.4195,117.623175999999,348.965994,116.149659,228.351473333333,168.341226666666,0,7.2913,81.6722,27.69,81.35,2.72,27.28,82.2,2.42
2019,12,Ampara,LK52,-2.4492935982947e-16,1.0,0,0,0,1,432.013614,582.204066666666,1153.61903333333,124.325236666666,395.068036,348.965994,343.063496666666,117.623175999999,0,7.2913,81.6722,27.07,82.84,3.97,27.69,81.35,2.72
2020,1,Ampara,LK52,0.499999999999999,0.866025403784438,0,0,0,1,53.6666653,97.3741526666666,1022.64178333333,30.3304866666666,432.013614,395.068036,582.204066666666,124.325236666666,1,7.2913,81.6722,26.94,78.62,3.96,27.07,82.84,3.97
2020,2,Ampara,LK52,0.866025403784438,0.5,0,0,0,1,27.013605,46.51247,726.09072,28.383746,53.6666653,432.013614,97.3741526666666,30.3304866666666,0,7.2913,81.6722,26.84,78.01,4.23,26.94,78.62,3.96
2020,3,Ampara,LK52,1.0,6.12323399573676e-17,1,0,0,0,16.9047622999999,24.0453516666666,167.93197,34.9061053333333,27.013605,53.6666653,46.51247,28.383746,0,7.2913,81.6722,27.88,74.01,3.11,26.84,78.01,4.23
2020,4,Ampara,LK52,0.866025403784438,-0.499999999999999,1,0,0,0,57.4829923,34.7437649999999,105.301588333333,63.8943636666666,16.9047622999999,27.013605,24.0453516666666,34.9061053333333,0,7.2913,81.6722,29.11,76.11,2.94,27.88,74.01,3.11
2020,5,Ampara,LK52,0.499999999999999,-0.866025403784438,0,1,0,0,179.448978,147.882093333333,206.67121,207.466373333333,57.4829923,16.9047622999999,34.7437649999999,63.8943636666666,0,7.2913,81.6722,29.66,76.32,2.87,29.11,76.11,2.94
2020,6,Ampara,LK52,1.22464679914735e-16,-1.0,0,1,0,0,51.4625855,85.9387783333333,268.56462,160.200986666666,179.448978,57.4829923,147.882093333333,207.466373333333,1,7.2913,81.6722,29.6,72.56,3.12,29.66,76.32,2.87
2020,7,Ampara,LK52,-0.499999999999999,-0.866025403784438,0,1,0,0,84.530611,75.4058946666666,309.226786666666,169.642793333333,51.4625855,179.448978,85.9387783333333,160.200986666666,0,7.2913,81.6722,28.6,76.04,3.18,29.6,72.56,3.12
2020,8,Ampara,LK52,-0.866025403784438,-0.5,0,1,0,0,52.4081616,69.265305,230.609979999999,91.6463033333333,84.530611,51.4625855,75.4058946666666,169.642793333333,0,7.2913,81.6722,29.08,72.94,3.19,28.6,76.04,3.18
2020,9,Ampara,LK52,-1.0,-1.83697019872102e-16,0,1,0,0,144.761903,113.385486666666,258.056689999999,206.614503333333,52.4081616,84.530611,69.265305,91.6463033333333,0,7.2913,81.6722,28.53,74.44,3.01,29.08,72.94,3.19
2020,10,Ampara,LK52,-0.866025403784438,0.5,0,0,1,0,128.959182,115.770971666666,298.421773333333,69.3823533333333,144.761903,52.4081616,113.385486666666,206.614503333333,0,7.2913,81.6722,28.82,73.34,2.72,28.53,74.44,3.01
2020,11,Ampara,LK52,-0.5,0.866025403784438,0,0,1,0,222.727896,217.730159999999,446.886616666666,71.3198166666666,128.959182,144.761903,115.770971666666,69.3823533333333,0,7.2913,81.6722,27.54,82.69,2.98,28.82,73.34,2.72
2020,12,Ampara,LK52,-2.4492935982947e-16,1.0,0,0,0,1,386.476185,329.040826666666,662.541926666666,114.578813333333,222.727896,128.959182,217.730159999999,71.3198166666666,0,7.2913,81.6722,26.75,84.05,3.8,27.54,82.69,2.98
2021,1,Ampara,LK52,0.499999999999999,0.866025403784438,0,0,0,1,369.5238,405.938766666666,952.709713333333,152.185526666666,386.476185,222.727896,329.040826666666,114.578813333333,1,7.2913,81.6722,26.45,84.15,3.76,26.75,84.05,3.8
2021,2,Ampara,LK52,0.866025403784438,0.5,0,0,0,1,127.231296,197.91157,932.891166666666,82.5480286666666,369.5238,386.476185,405.938766666666,152.185526666666,1,7.2913,81.6722,26.68,80.24,4.02,26.45,84.15,3.76
2021,3,Ampara,LK52,1.0,6.12323399573676e-17,1,0,0,0,133.605444,91.8435366666666,695.693853333333,161.430436666666,127.231296,369.5238,197.91157,82.5480286666666,0,7.2913,81.6722,27.4,78.72,2.94,26.68,80.24,4.02
2021,4,Ampara,LK52,0.866025403784438,-0.499999999999999,1,0,0,0,85.4557825,109.911565,399.666666666666,87.4142616666666,133.605444,127.231296,91.8435366666666,161.430436666666,0,7.2913,81.6722,28.49,77.95,2.2,27.4,78.72,2.94
2021,5,Ampara,LK52,0.499999999999999,-0.866025403784438,0,1,0,0,141.136056,127.446711666666,329.201853333333,167.70172,85.4557825,133.605444,109.911565,87.4142616666666,0,7.2913,81.6722,28.85,80.14,3.11,28.49,77.95,2.2
2021,6,Ampara,LK52,1.22464679914735e-16,-1.0,0,1,0,0,34.503401,73.4761866666666,310.834466666666,113.430773333333,141.136056,85.4557825,127.446711666666,167.70172,0,7.2913,81.6722,28.76,77.51,3.08,28.85,80.14,3.11
2021,7,Ampara,LK52,-0.499999999999999,-0.866025403784438,0,1,0,0,84.163265,70.3061233333333,271.229013333333,174.797436666666,34.503401,141.136056,73.4761866666666,113.430773333333,0,7.2913,81.6722,28.71,76.98,3.61,28.76,77.51,3.08
2021,8,Ampara,LK52,-0.866025403784438,-0.5,0,1,0,0,92.278909,75.7913849999999,219.573703333333,139.271383333333,84.163265,34.503401,70.3061233333333,174.797436666666,0,7.2913,81.6722,28.62,75.39,3.19,28.71,76.98,3.61
2021,9,Ampara,LK52,-1.0,-1.83697019872102e-16,0,1,0,0,111.795918,112.038546666666,258.136036666666,162.179023333333,92.278909,84.163265,75.7913849999999,139.271383333333,0,7.2913,81.6722,28.54,78.32,2.76,28.62,75.39,3.19
2021,10,Ampara,LK52,-0.866025403784438,0.5,0,0,1,0,224.006806999999,184.49433,372.324233333333,130.773146666666,111.795918,92.278909,112.038546666666,162.179023333333,0,7.2913,81.6722,27.94,80.57,2.92,28.54,78.32,2.76
2021,11,Ampara,LK52,-0.5,0.866025403784438,0,0,1,0,429.57142,351.136043333333,647.668916666666,130.165810666666,224.006806999999,111.795918,184.49433,130.773146666666,0,7.2913,81.6722,27.27,82.5,2.93,27.94,80.57,2.92
2021,12,Ampara,LK52,-2.4492935982947e-16,1.0,0,0,0,1,139.231293,256.419493333333,792.049889999999,39.8905146666666,429.57142,224.006806999999,351.136043333333,130.165810666666,1,7.2913,81.6722,27.0,80.0,3.62,27.27,82.5,2.93
2022,1,Ampara,LK52,0.499999999999999,0.866025403784438,0,0,0,1,78.7210887,105.809525,713.365046666666,35.9039296666666,139.231293,429.57142,256.419493333333,39.8905146666666,0,7.2913,81.6722,26.54,81.17,3.84,27.0,80.0,3.62
2022,2,Ampara,LK52,0.866025403784438,0.5,0,0,0,1,210.414965,157.226755,519.45579,147.927073333333,78.7210887,139.231293,105.809525,35.9039296666666,0,7.2913,81.6722,26.62,80.57,3.88,26.54,81.17,3.84
2022,3,Ampara,LK52,1.0,6.12323399573676e-17,1,0,0,0,104.639457499999,147.650796666666,410.687073333333,131.619756,210.414965,78.7210887,157.226755,147.927073333333,1,7.2913,81.6722,27.69,81.03,3.27,26.62,80.57,3.88
2022,4,Ampara,LK52,0.866025403784438,-0.499999999999999,1,0,0,0,121.44898,119.065758333333,423.94329,121.927978,104.639457499999,210.414965,147.650796666666,131.619756,0,7.2913,81.6722,28.41,80.17,2.22,27.69,81.03,3.27
2022,5,Ampara,LK52,0.499999999999999,-0.866025403784438,0,1,0,0,56.040817,60.845808,327.56235,77.8940143333333,121.44898,104.639457499999,119.065758333333,121.927978,0,7.2913,81.6722,28.95,80.91,3.33,28.41,80.17,2.22
2022,6,Ampara,LK52,1.22464679914735e-16,-1.0,0,1,0,0,36.1972783999999,42.7823126666666,222.693893333333,123.65634,56.040817,121.44898,60.845808,77.8940143333333,0,7.2913,81.6722,28.35,79.81,2.97,28.95,80.91,3.33
2022,7,Ampara,LK52,-0.499999999999999,-0.866025403784438,0,1,0,0,86.5170053,49.226757,152.854876666666,170.783261,36.1972783999999,56.040817,42.7823126666666,123.65634,0,7.2913,81.6722,28.25,77.2,3.33,28.35,79.81,2.97
2022,8,Ampara,LK52,-0.866025403784438,-0.5,0,1,0,0,150.108844,142.718826666666,234.727883333333,221.842205,86.5170053,36.1972783999999,49.226757,170.783261,1,7.2913,81.6722,28.09,77.32,3.33,28.25,77.2,3.33
2022,9,Ampara,LK52,-1.0,-1.83697019872102e-16,0,1,0,0,49.6938756,99.3129266666666,291.25849,85.6160479999999,150.108844,86.5170053,142.718826666666,221.842205,0,7.2913,81.6722,28.31,77.03,2.54,28.09,77.32,3.33
2022,10,Ampara,LK52,-0.866025403784438,0.5,0,0,1,0,253.557826,157.251700666666,399.283446666666,134.716706666666,49.6938756,150.108844,99.3129266666666,85.6160479999999,0,7.2913,81.6722,27.87,77.44,2.84,28.31,77.03,2.54
2022,11,Ampara,LK52,-0.5,0.866025403784438,0,0,1,0,249.0884367,321.800456666666,578.365096666666,80.0787553333333,253.557826,49.6938756,157.251700666666,134.716706666666,0,7.2913,81.6722,26.8,81.64,3.06,27.87,77.44,2.84
2022,12,Ampara,LK52,-2.4492935982947e-16,1.0,0,0,0,1,372.17006,268.716543333333,747.768753333333,110.037176666666,249.0884367,253.557826,321.800456666666,80.0787553333333,1,7.2913,81.6722,26.38,84.2,4.22,26.8,81.64,3.06
2023,1,Ampara,LK52,0.499999999999999,0.866025403784438,0,0,0,1,172.91156,221.83899,812.356089999999,82.0332566666666,372.17006,249.0884367,268.716543333333,110.037176666666,1,7.2913,81.6722,25.91,80.92,4.72,26.38,84.2,4.22
2023,2,Ampara,LK52,0.866025403784438,0.5,0,0,0,1,209.46939,237.058959999999,727.614523333333,144.2628,172.91156,372.17006,221.83899,82.0332566666666,1,7.2913,81.6722,26.38,80.25,4.29,25.91,80.92,4.72
2023,3,Ampara,LK52,1.0,6.12323399573676e-17,1,0,0,0,165.9863923,182.678003333333,641.575996666666,199.873341666666,209.46939,172.91156,237.058959999999,144.2628,1,7.2913,81.6722,27.62,79.4,3.18,26.38,80.25,4.29
2023,4,Ampara,LK52,0.866025403784438,-0.499999999999999,1,0,0,0,96.367344,85.4036256666666,505.140606666666,99.3085566666666,165.9863923,209.46939,182.678003333333,199.873341666666,0,7.2913,81.6722,29.1,75.57,2.48,27.62,79.4,3.18
2023,5,Ampara,LK52,0.499999999999999,-0.866025403784438,0,1,0,0,242.081627,251.755096666666,519.83672,266.871543333333,96.367344,165.9863923,85.4036256666666,99.3085566666666,0,7.2913,81.6722,28.97,79.68,2.98,29.1,75.57,2.48
2023,6,Ampara,LK52,1.22464679914735e-16,-1.0,0,1,0,0,98.653059,100.18594,437.344686666666,277.761943333333,242.081627,96.367344,251.755096666666,266.871543333333,0,7.2913,81.6722,29.33,77.57,3.04,28.97,79.68,2.98
2023,7,Ampara,LK52,-0.499999999999999,-0.866025403784438,0,1,0,0,42.22449,72.9070273333333,424.848083333333,101.584878,98.653059,242.081627,100.18594,277.761943333333,0,7.2913,81.6722,29.19,74.23,3.45,29.33,77.57,3.04
2023,8,Ampara,LK52,-0.866025403784438,-0.5,0,1,0,0,43.163267,32.4965993333333,205.589566666666,75.1881013333333,42.22449,98.653059,72.9070273333333,101.584878,0,7.2913,81.6722,29.59,72.68,2.94,29.19,74.23,3.45
2023,9,Ampara,LK52,-1.0,-1.83697019872102e-16,0,1,0,0,103.22449,77.8458056666666,183.249436666666,145.702766666666,43.163267,42.22449,32.4965993333333,75.1881013333333,0,7.2913,81.6722,28.38,79.91,3.68,29.59,72.68,2.94
2023,10,Ampara,LK52,-0.866025403784438,0.5,0,0,1,0,274.877554,245.77778,356.12018,166.576204333333,103.22449,43.163267,77.8458056666666,145.702766666666,0,7.2913,81.6722,27.62,82.52,2.73,28.38,79.91,3.68
2023,11,Ampara,LK52,-0.5,0.866025403784438,0,0,1,0,317.59185,297.34014,620.963716666666,99.8627053333333,274.877554,103.22449,245.77778,166.576204333333,0,7.2913,81.6722,27.61,83.21,2.6,27.62,82.52,2.73
2023,12,Ampara,LK52,-2.4492935982947e-16,1.0,0,0,0,1,541.74148,407.140586666666,950.258466666666,159.511611666666,317.59185,274.877554,297.34014,99.8627053333333,0,7.2913,81.6722,27.48,86.3,4.03,27.61,83.21,2.6
2024,1,Ampara,LK52,0.499999999999999,0.866025403784438,0,0,0,1,412.4149625,603.566883333333,1308.04766666666,158.332653,541.74148,317.59185,407.140586666666,159.511611666666,0,7.2913,81.6722,26.99,81.4,3.85,27.48,86.3,4.03
2024,2,Ampara,LK52,0.866025403784438,0.5,0,0,0,1,40.741496,63.7664403333333,1074.47383333333,37.834138,412.4149625,541.74148,603.566883333333,158.332653,0,7.2913,81.6722,27.49,80.82,4.28,26.99,81.4,3.85
2024,3,Ampara,LK52,1.0,6.12323399573676e-17,1,0,0,0,52.9795935,44.1224486666666,711.455759999999,73.6615326666666,40.741496,412.4149625,63.7664403333333,37.834138,0,7.2913,81.6722,28.06,77.21,3.17,27.49,80.82,4.28
2024,4,Ampara,LK52,0.866025403784438,-0.499999999999999,1,0,0,0,71.190477,70.4966,178.38549,74.7447739999999,52.9795935,40.741496,44.1224486666666,73.6615326666666,0,7.2913,81.6722,29.76,76.74,2.69,28.06,77.21,3.17
2024,5,Ampara,LK52,0.499999999999999,-0.866025403784438,0,1,0,0,124.319735,110.117915,224.736959999999,147.343766666666,71.190477,52.9795935,70.4966,74.7447739999999,0,7.2913,81.6722,29.82,79.29,3.15,29.76,76.74,2.69
2024,6,Ampara,LK52,1.22464679914735e-16,-1.0,0,1,0,0,21.2040823,56.5351486666666,237.149676666666,83.8758866666666,124.319735,71.190477,110.117915,147.343766666666,0,7.2913,81.6722,29.59,76.19,3.54,29.82,79.29,3.15
2024,7,Ampara,LK52,-0.499999999999999,-0.866025403784438,0,1,0,0,24.3605445,20.7868473333333,187.439916666666,67.93164,21.2040823,124.319735,56.5351486666666,83.8758866666666,0,7.2913,81.6722,29.81,71.37,3.75,29.59,76.19,3.54
2024,8,Ampara,LK52,-0.866025403784438,-0.5,0,1,0,0,94.530611,69.4081613333333,146.730163333333,140.787816666666,24.3605445,21.2040823,20.7868473333333,67.93164,0,7.2913,81.6722,29.42,74.89,3.06,29.81,71.37,3.75
2024,9,Ampara,LK52,-1.0,-1.83697019872102e-16,0,1,0,0,34.8299326,53.5804993333333,143.775506666666,61.3836533333333,94.530611,24.3605445,69.4081613333333,140.787816666666,0,7.2913,81.6722,29.74,72.87,3.14,29.42,74.89,3.06
2024,10,Ampara,LK52,-0.866025403784438,0.5,0,0,1,0,276.129245999999,201.38548,324.374136666666,161.581753333333,34.8299326,94.530611,53.5804993333333,61.3836533333333,0,7.2913,81.6722,28.39,79.65,2.12,29.74,72.87,3.14
2024,11,Ampara,LK52,-0.5,0.866025403784438,0,0,1,0,466.721092,350.546476666666,605.512466666666,139.952139999999,276.129245999999,34.8299326,201.38548,161.581753333333,0,7.2913,81.6722,27.7,83.96,3.78,28.39,79.65,2.12
2024,12,Ampara,LK52,-2.4492935982947e-16,1.0,0,0,0,1,201.775511,312.47393,864.4059,60.9510813333333,466.721092,276.129245999999,350.546476666666,139.952139999999,0,7.2913,81.6722,27.16,84.07,3.01,27.7,83.96,3.78
2017,1,Trincomalee,LK53,0.499999999999999,0.866025403784438,0,0,0,1,205.2048256,120.538154666666,557.204826666666,139.222485333333,321.055077428571,386.101547085714,353.385541428571,100.470858714285,0,8.5874,81.2152,25.76,76.47,4.43,26.53857142857143,83.17428571428572,4.057142857142857
2017,2,Trincomalee,LK53,0.866025403784438,0.5,0,0,0,1,39.7951807,152.751003333333,462.923666666666,91.383578,205.2048256,321.055077428571,120.538154666666,139.222485333333,0,8.5874,81.2152,26.25,72.73,3.78,25.76,76.47,4.43
2017,3,Trincomalee,LK53,1.0,6.12323399573676e-17,1,0,0,0,76.7349404,88.1084333333333,361.397583333333,160.720251333333,39.7951807,205.2048256,152.751003333333,91.383578,0,8.5874,81.2152,27.29,78.93,2.82,26.25,72.73,3.78
2017,4,Trincomalee,LK53,0.866025403784438,-0.499999999999999,1,0,0,0,14.4216866,19.3855423333333,260.244963333333,38.0456196666666,76.7349404,39.7951807,88.1084333333333,160.720251333333,0,8.5874,81.2152,29.4,73.99,2.84,27.29,78.93,2.82
2017,5,Trincomalee,LK53,0.499999999999999,-0.866025403784438,0,1,0,0,104.120483999999,57.4859439999999,164.97992,138.577298,14.4216866,76.7349404,19.3855423333333,38.0456196666666,0,8.5874,81.2152,29.44,76.02,4.73,29.4,73.99,2.84
2017,6,Trincomalee,LK53,1.22464679914735e-16,-1.0,0,1,0,0,8.2650602,56.461848,133.333328333333,106.023803333333,104.120483999999,14.4216866,57.4859439999999,138.577298,0,8.5874,81.2152,29.16,74.57,6.3,29.44,76.02,4.73
2017,7,Trincomalee,LK53,-0.499999999999999,-0.866025403784438,0,1,0,0,87.301206,63.016068,176.963856666666,154.068656666666,8.2650602,104.120483999999,56.461848,106.023803333333,0,8.5874,81.2152,29.4,72.18,5.34,29.16,74.57,6.3
2017,8,Trincomalee,LK53,-0.866025403784438,-0.5,0,1,0,0,126.614457,111.425705333333,230.90362,186.10442,87.301206,8.2650602,63.016068,154.068656666666,0,8.5874,81.2152,29.03,74.3,5.44,29.4,72.18,5.34
2017,9,Trincomalee,LK53,-1.0,-1.83697019872102e-16,0,1,0,0,106.3012045,129.148586666666,303.59038,120.978634666666,126.614457,87.301206,111.425705333333,186.10442,0,8.5874,81.2152,28.6,75.92,4.74,29.03,74.3,5.44
2017,10,Trincomalee,LK53,-0.866025403784438,0.5,0,0,1,0,193.168676,125.82329,366.397603333333,92.8352913333333,106.3012045,126.614457,129.148586666666,120.978634666666,0,8.5874,81.2152,28.48,76.81,4.16,28.6,75.92,4.74
2017,11,Trincomalee,LK53,-0.5,0.866025403784438,0,0,1,0,356.361463,328.192783333333,583.164633333333,94.4537746666666,193.168676,106.3012045,125.82329,92.8352913333333,0,8.5874,81.2152,26.99,84.56,4.07,28.48,76.81,4.16
2017,12,Trincomalee,LK53,-2.4492935982947e-16,1.0,0,0,0,1,97.542166,189.574293333333,643.590403333333,31.677344,356.361463,193.168676,328.192783333333,94.4537746666666,0,8.5874,81.2152,26.36,80.31,3.68,26.99,84.56,4.07
2018,1,Trincomalee,LK53,0.499999999999999,0.866025403784438,0,0,0,1,39.9638546,48.1365433333333,565.903633333333,31.2095453333333,97.542166,356.361463,189.574293333333,31.677344,0,8.5874,81.2152,25.51,78.4,3.81,26.36,80.31,3.68
2018,2,Trincomalee,LK53,0.866025403784438,0.5,0,0,0,1,33.2048205,29.289157,267.0,79.9017503333333,39.9638546,97.542166,48.1365433333333,31.2095453333333,0,8.5874,81.2152,26.36,76.73,4.08,25.51,78.4,3.81
2018,3,Trincomalee,LK53,1.0,6.12323399573676e-17,1,0,0,0,63.8072265,61.8273079999999,139.253006666666,149.614893333333,33.2048205,39.9638546,29.289157,79.9017503333333,0,8.5874,81.2152,27.66,75.96,3.32,26.36,76.73,4.08
2018,4,Trincomalee,LK53,0.866025403784438,-0.499999999999999,1,0,0,0,44.4578307999999,53.9076316666666,145.024096666666,77.7715526666666,63.8072265,33.2048205,61.8273079999999,149.614893333333,0,8.5874,81.2152,28.79,77.55,3.1,27.66,75.96,3.32
2018,5,Trincomalee,LK53,0.499999999999999,-0.866025403784438,0,1,0,0,255.819276,170.887546666666,286.622496666666,280.062193333333,44.4578307999999,63.8072265,53.9076316666666,77.7715526666666,0,8.5874,81.2152,28.46,81.65,3.41,28.79,77.55,3.1
2018,6,Trincomalee,LK53,1.22464679914735e-16,-1.0,0,1,0,0,6.8433734,99.8313244333333,324.626513333333,98.93145,255.819276,44.4578307999999,170.887546666666,280.062193333333,0,8.5874,81.2152,28.06,82.36,6.5,28.46,81.65,3.41
2018,7,Trincomalee,LK53,-0.499999999999999,-0.866025403784438,0,1,0,0,55.771084,41.2771086666666,311.99601,107.690086666666,6.8433734,255.819276,99.8313244333333,98.93145,0,8.5874,81.2152,28.37,76.32,6.33,28.06,82.36,6.5
2018,8,Trincomalee,LK53,-0.866025403784438,-0.5,0,1,0,0,61.048193,48.7148606666666,189.823279999999,94.03553,55.771084,6.8433734,41.2771086666666,107.690086666666,0,8.5874,81.2152,28.44,73.9,6.16,28.37,76.32,6.33
2018,9,Trincomalee,LK53,-1.0,-1.83697019872102e-16,0,1,0,0,51.0602404,55.136548,145.128513333333,59.1447863333333,61.048193,55.771084,48.7148606666666,94.03553,1,8.5874,81.2152,28.93,70.8,4.06,28.44,73.9,6.16
2018,10,Trincomalee,LK53,-0.866025403784438,0.5,0,0,1,0,248.867472,183.71486,287.566263333333,129.212248,51.0602404,61.048193,55.136548,59.1447863333333,0,8.5874,81.2152,27.37,81.46,2.85,28.93,70.8,4.06
2018,11,Trincomalee,LK53,-0.5,0.866025403784438,0,0,1,0,310.120472,342.381519999999,581.232916666666,84.9091243333333,248.867472,51.0602404,183.71486,129.212248,0,8.5874,81.2152,26.88,82.83,3.62,27.37,81.46,2.85
2018,12,Trincomalee,LK53,-2.4492935982947e-16,1.0,0,0,0,1,200.409635,213.168676666666,739.265,63.0878536666666,310.120472,248.867472,342.381519999999,84.9091243333333,1,8.5874,81.2152,26.26,83.08,3.87,26.88,82.83,3.62
2019,1,Trincomalee,LK53,0.499999999999999,0.866025403784438,0,0,0,1,24.554217,61.5502026666666,617.100383333333,22.3223016666666,200.409635,310.120472,213.168676666666,63.0878536666666,0,8.5874,81.2152,25.57,78.34,4.22,26.26,83.08,3.87
2019,2,Trincomalee,LK53,0.866025403784438,0.5,0,0,0,1,116.8072308,121.951799999999,396.67069,133.380935333333,24.554217,200.409635,61.5502026666666,22.3223016666666,0,8.5874,81.2152,26.92,79.16,3.9,25.57,78.34,4.22
2019,3,Trincomalee,LK53,1.0,6.12323399573676e-17,1,0,0,0,3.6024097,6.08433726666666,189.58636,34.568584,116.8072308,24.554217,121.951799999999,133.380935333333,0,8.5874,81.2152,28.11,72.54,3.46,26.92,79.16,3.9
2019,4,Trincomalee,LK53,0.866025403784438,-0.499999999999999,1,0,0,0,52.0481933,29.8674701666666,157.903606666666,85.2166266666666,3.6024097,116.8072308,6.08433726666666,34.568584,0,8.5874,81.2152,29.75,70.73,3.14,28.11,72.54,3.46
2019,5,Trincomalee,LK53,0.499999999999999,-0.866025403784438,0,1,0,0,27.1325296,36.2008033333333,72.1526113333333,48.0332743333333,52.0481933,3.6024097,29.8674701666666,85.2166266666666,0,8.5874,81.2152,30.85,69.6,4.17,29.75,70.73,3.14
2019,6,Trincomalee,LK53,1.22464679914735e-16,-1.0,0,1,0,0,16.8795189499999,27.9437756666666,94.0120516666666,138.59794,27.1325296,52.0481933,36.2008033333333,48.0332743333333,0,8.5874,81.2152,30.45,69.86,6.26,30.85,69.6,4.17
2019,7,Trincomalee,LK53,-0.499999999999999,-0.866025403784438,0,1,0,0,46.0361446,30.15261,94.29719,91.0510953333333,16.8795189499999,27.1325296,27.9437756666666,138.59794,0,8.5874,81.2152,29.98,68.7,5.62,30.45,69.86,6.26
2019,8,Trincomalee,LK53,-0.866025403784438,-0.5,0,1,0,0,98.746989,89.550202,147.646586666666,149.117413333333,46.0361446,16.8795189499999,30.15261,91.0510953333333,0,8.5874,81.2152,28.8,73.45,6.42,29.98,68.7,5.62
2019,9,Trincomalee,LK53,-1.0,-1.83697019872102e-16,0,1,0,0,157.048196,119.686746666666,239.389543333333,168.68747,98.746989,46.0361446,89.550202,149.117413333333,0,8.5874,81.2152,28.38,76.72,4.51,28.8,73.45,6.42
2019,10,Trincomalee,LK53,-0.866025403784438,0.5,0,0,1,0,252.385539,179.27711,388.51405,106.193649333333,157.048196,98.746989,119.686746666666,168.68747,1,8.5874,81.2152,27.26,82.31,2.7,28.38,76.72,4.51
2019,11,Trincomalee,LK53,-0.5,0.866025403784438,0,0,1,0,360.204819,285.783146666666,584.746973333333,90.3653049999999,252.385539,157.048196,179.27711,106.193649333333,1,8.5874,81.2152,27.51,81.72,3.03,27.26,82.31,2.7
2019,12,Trincomalee,LK53,-2.4492935982947e-16,1.0,0,0,0,1,458.614458,603.710816666666,1068.7711,144.85879,360.204819,252.385539,285.783146666666,90.3653049999999,0,8.5874,81.2152,26.75,83.2,4.23,27.51,81.72,3.03
2020,1,Trincomalee,LK53,0.499999999999999,0.866025403784438,0,0,0,1,17.4096382,78.4337376666666,967.927666666666,18.2722003333333,458.614458,360.204819,603.710816666666,144.85879,0,8.5874,81.2152,26.56,78.07,3.93,26.75,83.2,4.23
2020,2,Trincomalee,LK53,0.866025403784438,0.5,0,0,0,1,22.5903612,17.385542,699.530096666666,60.859834,17.4096382,458.614458,78.4337376666666,18.2722003333333,0,8.5874,81.2152,26.64,76.43,4.29,26.56,78.07,3.93
2020,3,Trincomalee,LK53,1.0,6.12323399573676e-17,1,0,0,0,6.7590362,17.393574,113.212852333333,40.118009,22.5903612,17.4096382,17.385542,60.859834,1,8.5874,81.2152,27.77,73.52,3.46,26.64,76.43,4.29
2020,4,Trincomalee,LK53,0.866025403784438,-0.499999999999999,1,0,0,0,30.2168665,20.4176703333333,55.1967886666666,58.342954,6.7590362,22.5903612,17.393574,40.118009,0,8.5874,81.2152,29.42,74.16,3.32,27.77,73.52,3.46
2020,5,Trincomalee,LK53,0.499999999999999,-0.866025403784438,0,1,0,0,151.421680999999,125.65863,163.46988,153.102611666666,30.2168665,6.7590362,20.4176703333333,58.342954,0,8.5874,81.2152,29.39,78.47,4.18,29.42,74.16,3.32
2020,6,Trincomalee,LK53,1.22464679914735e-16,-1.0,0,1,0,0,21.6987952,50.0843356666666,196.160646666666,164.26378,151.421680999999,30.2168665,125.65863,153.102611666666,0,8.5874,81.2152,29.02,76.6,5.72,29.39,78.47,4.18
2020,7,Trincomalee,LK53,-0.499999999999999,-0.866025403784438,0,1,0,0,195.144578,131.281125,307.024083333333,313.880406666666,21.6987952,151.421680999999,50.0843356666666,164.26378,0,8.5874,81.2152,28.12,78.35,4.75,29.02,76.6,5.72
2020,8,Trincomalee,LK53,-0.866025403784438,-0.5,0,1,0,0,30.2771075,92.6385506666666,274.004013333333,60.1019736666666,195.144578,21.6987952,131.281125,313.880406666666,0,8.5874,81.2152,28.83,74.73,5.27,28.12,78.35,4.75
2020,9,Trincomalee,LK53,-1.0,-1.83697019872102e-16,0,1,0,0,219.662649999999,168.767076666666,392.686746666666,222.10062,30.2771075,195.144578,92.6385506666666,60.1019736666666,0,8.5874,81.2152,28.04,78.35,5.59,28.83,74.73,5.27
2020,10,Trincomalee,LK53,-0.866025403784438,0.5,0,0,1,0,73.204823,101.345381666666,362.75101,39.7740949999999,219.662649999999,30.2771075,168.767076666666,222.10062,0,8.5874,81.2152,28.45,76.0,4.95,28.04,78.35,5.59
2020,11,Trincomalee,LK53,-0.5,0.866025403784438,0,0,1,0,393.168665,330.08032,600.192753333333,105.692240333333,73.204823,219.662649999999,101.345381666666,39.7740949999999,0,8.5874,81.2152,27.36,83.7,3.5,28.45,76.0,4.95
2020,12,Trincomalee,LK53,-2.4492935982947e-16,1.0,0,0,0,1,548.77108,449.104426666666,880.530123333333,175.558303333333,393.168665,73.204823,330.08032,105.692240333333,0,8.5874,81.2152,26.4,84.47,4.08,27.36,83.7,3.5
2021,1,Trincomalee,LK53,0.499999999999999,0.866025403784438,0,0,0,1,368.38555,482.799213333333,1261.9839,200.214583333333,548.77108,393.168665,449.104426666666,175.558303333333,0,8.5874,81.2152,26.11,84.76,3.82,26.4,84.47,4.08
2021,2,Trincomalee,LK53,0.866025403784438,0.5,0,0,0,1,30.3132528,107.634534333333,1039.53808333333,56.5317976666666,368.38555,548.77108,482.799213333333,200.214583333333,0,8.5874,81.2152,26.11,79.48,3.96,26.11,84.76,3.82
2021,3,Trincomalee,LK53,1.0,6.12323399573676e-17,1,0,0,0,29.0481927,22.024097,612.4578,81.5693766666666,30.3132528,368.38555,107.634534333333,56.5317976666666,0,8.5874,81.2152,27.33,78.14,3.13,26.11,79.48,3.96
2021,4,Trincomalee,LK53,0.866025403784438,-0.499999999999999,1,0,0,0,82.7951818,61.6867473333333,191.345366666666,123.973523333333,29.0481927,30.3132528,22.024097,81.5693766666666,0,8.5874,81.2152,28.7,77.18,2.76,27.33,78.14,3.13
2021,5,Trincomalee,LK53,0.499999999999999,-0.866025403784438,0,1,0,0,95.26506,98.17269,181.883536666666,106.570279999999,82.7951818,29.0481927,61.6867473333333,123.973523333333,0,8.5874,81.2152,28.73,80.87,4.64,28.7,77.18,2.76
2021,6,Trincomalee,LK53,1.22464679914735e-16,-1.0,0,1,0,0,16.57831355,43.3775096666666,203.236946666666,136.953403333333,95.26506,82.7951818,98.17269,106.570279999999,0,8.5874,81.2152,28.71,79.02,5.52,28.73,80.87,4.64
2021,7,Trincomalee,LK53,-0.499999999999999,-0.866025403784438,0,1,0,0,110.469879,86.6987933333333,228.24899,193.841158333333,16.57831355,95.26506,43.3775096666666,136.953403333333,0,8.5874,81.2152,28.54,78.51,5.95,28.71,79.02,5.52
2021,8,Trincomalee,LK53,-0.866025403784438,-0.5,0,1,0,0,69.5421667,64.6425713333333,194.71887,103.813661333333,110.469879,16.57831355,86.6987933333333,193.841158333333,0,8.5874,81.2152,28.53,75.76,5.63,28.54,78.51,5.95
2021,9,Trincomalee,LK53,-1.0,-1.83697019872102e-16,0,1,0,0,164.987954,133.931726666666,285.273089999999,161.624646666666,69.5421667,110.469879,64.6425713333333,103.813661333333,0,8.5874,81.2152,28.58,77.21,5.13,28.53,75.76,5.63
2021,10,Trincomalee,LK53,-0.866025403784438,0.5,0,0,1,0,257.397591,228.07228,426.646553333333,134.753443333333,164.987954,69.5421667,133.931726666666,161.624646666666,0,8.5874,81.2152,27.75,81.74,4.18,28.58,77.21,5.13
2021,11,Trincomalee,LK53,-0.5,0.866025403784438,0,0,1,0,570.62649,484.056206666666,846.060186666666,149.41127,257.397591,164.987954,228.07228,134.753443333333,0,8.5874,81.2152,26.79,86.68,3.98,27.75,81.74,4.18
2021,12,Trincomalee,LK53,-2.4492935982947e-16,1.0,0,0,0,1,98.638556,246.91968,959.048146666666,31.3076823333333,570.62649,257.397591,484.056206666666,149.41127,1,8.5874,81.2152,26.71,79.78,3.61,26.79,86.68,3.98
2022,1,Trincomalee,LK53,0.499999999999999,0.866025403784438,0,0,0,1,56.4216859999999,78.3052203333333,809.28112,35.702352,98.638556,570.62649,246.91968,31.3076823333333,1,8.5874,81.2152,26.24,80.95,3.94,26.71,79.78,3.61
2022,2,Trincomalee,LK53,0.866025403784438,0.5,0,0,0,1,141.5301238,107.522089333333,432.746976666666,241.904915,56.4216859999999,98.638556,78.3052203333333,35.702352,0,8.5874,81.2152,26.29,79.3,3.88,26.24,80.95,3.94
2022,3,Trincomalee,LK53,1.0,6.12323399573676e-17,1,0,0,0,71.0481906,105.45783,291.285136666666,149.162207333333,141.5301238,56.4216859999999,107.522089333333,241.904915,1,8.5874,81.2152,27.59,80.23,3.49,26.29,79.3,3.88
2022,4,Trincomalee,LK53,0.866025403784438,-0.499999999999999,1,0,0,0,90.855423,77.1445776666666,290.124483333333,138.631103333333,71.0481906,141.5301238,105.45783,149.162207333333,0,8.5874,81.2152,28.27,80.83,2.57,27.59,80.23,3.49
2022,5,Trincomalee,LK53,0.499999999999999,-0.866025403784438,0,1,0,0,42.759035,55.53012,238.13253,57.4740349999999,90.855423,71.0481906,77.1445776666666,138.631103333333,0,8.5874,81.2152,28.37,84.09,5.84,28.27,80.83,2.57
2022,6,Trincomalee,LK53,1.22464679914735e-16,-1.0,0,1,0,0,13.4819276,17.9477903333333,150.62249,135.721978666666,42.759035,90.855423,55.53012,57.4740349999999,0,8.5874,81.2152,28.15,80.68,5.38,28.37,84.09,5.84
2022,7,Trincomalee,LK53,-0.499999999999999,-0.866025403784438,0,1,0,0,80.5301197,36.1526103333333,109.630523333333,135.672202,13.4819276,42.759035,17.9477903333333,135.721978666666,0,8.5874,81.2152,28.28,77.12,5.15,28.15,80.68,5.38
2022,8,Trincomalee,LK53,-0.866025403784438,-0.5,0,1,0,0,137.13253,118.405623333333,172.506026666666,191.420478333333,80.5301197,13.4819276,36.1526103333333,135.672202,0,8.5874,81.2152,28.08,77.72,5.44,28.28,77.12,5.15
2022,9,Trincomalee,LK53,-1.0,-1.83697019872102e-16,0,1,0,0,44.506021,104.008034333333,258.566263333333,56.7562306666666,137.13253,80.5301197,118.405623333333,191.420478333333,0,8.5874,81.2152,28.21,76.9,5.18,28.08,77.72,5.44
2022,10,Trincomalee,LK53,-0.866025403784438,0.5,0,0,1,0,200.337357,136.698796666666,359.11246,105.184303333333,44.506021,137.13253,104.008034333333,56.7562306666666,0,8.5874,81.2152,27.71,78.49,3.79,28.21,76.9,5.18
2022,11,Trincomalee,LK53,-0.5,0.866025403784438,0,0,1,0,291.4337306,338.064256666666,578.771113333333,81.7049219,200.337357,44.506021,136.698796666666,105.184303333333,0,8.5874,81.2152,26.5,82.88,3.38,27.71,78.49,3.79
2022,12,Trincomalee,LK53,-2.4492935982947e-16,1.0,0,0,0,1,464.92772,363.95985,838.722916666666,143.825233333333,291.4337306,200.337357,338.064256666666,81.7049219,1,8.5874,81.2152,26.09,84.6,4.63,26.5,82.88,3.38
2023,1,Trincomalee,LK53,0.499999999999999,0.866025403784438,0,0,0,1,181.2770975,208.738956666666,910.763063333333,117.970524,464.92772,291.4337306,363.95985,143.825233333333,0,8.5874,81.2152,25.46,79.56,4.49,26.09,84.6,4.63
2023,2,Trincomalee,LK53,0.866025403784438,0.5,0,0,0,1,151.168676,229.967863333333,802.666693333333,187.801845,181.2770975,464.92772,208.738956666666,117.970524,0,8.5874,81.2152,25.86,79.77,4.05,25.46,79.56,4.49
2023,3,Trincomalee,LK53,1.0,6.12323399573676e-17,1,0,0,0,44.5180694,49.7389556666666,488.445773333333,115.152662666666,151.168676,181.2770975,229.967863333333,187.801845,0,8.5874,81.2152,27.41,79.51,3.32,25.86,79.77,4.05
2023,4,Trincomalee,LK53,0.866025403784438,-0.499999999999999,1,0,0,0,51.7590358,36.4939759999999,316.200803333333,84.6342766666666,44.5180694,151.168676,49.7389556666666,115.152662666666,0,8.5874,81.2152,28.8,76.97,2.61,27.41,79.51,3.32
2023,5,Trincomalee,LK53,0.499999999999999,-0.866025403784438,0,1,0,0,339.55422,331.76707,418.0,327.40423,51.7590358,44.5180694,36.4939759999999,84.6342766666666,0,8.5874,81.2152,28.52,82.92,4.13,28.8,76.97,2.61
2023,6,Trincomalee,LK53,1.22464679914735e-16,-1.0,0,1,0,0,21.951807,50.4377499999999,418.698813333333,175.662973333333,339.55422,51.7590358,331.76707,327.40423,0,8.5874,81.2152,28.94,79.38,5.68,28.52,82.92,4.13
2023,7,Trincomalee,LK53,-0.499999999999999,-0.866025403784438,0,1,0,0,45.6747,46.0923703333333,428.29719,93.4054336666666,21.951807,339.55422,50.4377499999999,175.662973333333,0,8.5874,81.2152,29.2,73.57,5.97,28.94,79.38,5.68
2023,8,Trincomalee,LK53,-0.866025403784438,-0.5,0,1,0,0,23.6867473,20.9598403333333,117.489961666666,49.3020526666666,45.6747,21.951807,46.0923703333333,93.4054336666666,0,8.5874,81.2152,30.11,68.81,4.63,29.2,73.57,5.97
2023,9,Trincomalee,LK53,-1.0,-1.83697019872102e-16,0,1,0,0,91.493977,63.0803203333333,130.132533333333,97.4666199999999,23.6867473,45.6747,20.9598403333333,49.3020526666666,0,8.5874,81.2152,28.97,74.21,5.73,30.11,68.81,4.63
2023,10,Trincomalee,LK53,-0.866025403784438,0.5,0,0,1,0,184.951803999999,151.742971666666,235.783136666666,93.4261766666666,91.493977,23.6867473,63.0803203333333,97.4666199999999,0,8.5874,81.2152,28.05,79.25,3.1,28.97,74.21,5.73
2023,11,Trincomalee,LK53,-0.5,0.866025403784438,0,0,1,0,420.79519,374.477926666666,589.30123,112.215466666666,184.951803999999,91.493977,151.742971666666,93.4261766666666,0,8.5874,81.2152,27.42,83.83,2.54,28.05,79.25,3.1
2023,12,Trincomalee,LK53,-2.4492935982947e-16,1.0,0,0,0,1,378.481927,407.261046666666,933.481983333333,112.980804333333,420.79519,184.951803999999,374.477926666666,112.215466666666,0,8.5874,81.2152,27.2,86.78,4.3,27.42,83.83,2.54
2024,1,Trincomalee,LK53,0.499999999999999,0.866025403784438,0,0,0,1,234.493972,319.104416666666,1100.8434,113.531302333333,378.481927,420.79519,407.261046666666,112.980804333333,0,8.5874,81.2152,26.54,81.25,3.99,27.2,86.78,4.3
2024,2,Trincomalee,LK53,0.866025403784438,0.5,0,0,0,1,12.7590361,13.5140566666666,739.87951,41.6320783333333,234.493972,378.481927,319.104416666666,113.531302333333,0,8.5874,81.2152,27.1,80.66,4.33,26.54,81.25,3.99
2024,3,Trincomalee,LK53,1.0,6.12323399573676e-17,1,0,0,0,15.3975909,13.060241,345.678716666666,56.9100066666666,12.7590361,234.493972,13.5140566666666,41.6320783333333,0,8.5874,81.2152,27.84,76.26,3.24,27.1,80.66,4.33
2024,4,Trincomalee,LK53,0.866025403784438,-0.499999999999999,1,0,0,0,23.939759,22.594378,49.1686746666666,49.9682333333333,15.3975909,12.7590361,13.060241,56.9100066666666,0,8.5874,81.2152,29.96,75.12,3.02,27.84,76.26,3.24
2024,5,Trincomalee,LK53,0.499999999999999,-0.866025403784438,0,1,0,0,157.457831,109.016061333333,144.670679999999,165.476158,23.939759,15.3975909,22.594378,49.9682333333333,0,8.5874,81.2152,29.7,79.6,4.1,29.96,75.12,3.02
2024,6,Trincomalee,LK53,1.22464679914735e-16,-1.0,0,1,0,0,11.8313248,67.196791,198.80723,118.724749999999,157.457831,23.939759,109.016061333333,165.476158,0,8.5874,81.2152,29.15,78.52,5.73,29.7,79.6,4.1
2024,7,Trincomalee,LK53,-0.499999999999999,-0.866025403784438,0,1,0,0,27.975903,23.3975899999999,199.610446666666,66.0010146666666,11.8313248,157.457831,67.196791,118.724749999999,0,8.5874,81.2152,29.48,73.36,6.28,29.15,78.52,5.73
2024,8,Trincomalee,LK53,-0.866025403784438,-0.5,0,1,0,0,112.253013,85.8433733333333,176.437753333333,170.42033,27.975903,11.8313248,23.3975899999999,66.0010146666666,0,8.5874,81.2152,29.02,76.52,4.83,29.48,73.36,6.28
2024,9,Trincomalee,LK53,-1.0,-1.83697019872102e-16,0,1,0,0,38.578314,59.7951806666666,169.036136666666,50.270529,112.253013,27.975903,85.8433733333333,170.42033,0,8.5874,81.2152,29.34,75.35,5.76,29.02,76.52,4.83
2024,10,Trincomalee,LK53,-0.866025403784438,0.5,0,0,1,0,247.397589999999,181.795185333333,327.433746666666,134.54411,38.578314,112.253013,59.7951806666666,50.270529,0,8.5874,81.2152,28.27,80.3,3.36,29.34,75.35,5.76
2024,11,Trincomalee,LK53,-0.5,0.866025403784438,0,0,1,0,548.313245,349.923686666666,591.514083333333,138.240213333333,247.397589999999,38.578314,181.795185333333,134.54411,0,8.5874,81.2152,27.52,84.6,4.13,28.27,80.3,3.36
2024,12,Trincomalee,LK53,-2.4492935982947e-16,1.0,0,0,0,1,127.518065499999,343.610443333333,875.329346666666,41.9011213333333,548.313245,247.397589999999,349.923686666666,138.240213333333,0,8.5874,81.2152,26.86,85.33,3.62,27.52,84.6,4.13
2017,1,Kurunegala,LK61,0.499999999999999,0.866025403784438,0,0,0,1,107.8037981,57.4113916666666,398.141333333333,131.816631,155.735082214285,319.415914,201.587699523809,99.3093427142857,1,7.4863,80.3647,23.61,77.95,2.45,23.752857142857142,90.36428571428571,2.174285714285714
2017,2,Kurunegala,LK61,0.866025403784438,0.5,0,0,0,1,55.791139,91.0780593333333,251.985233333333,96.7992433333333,107.8037981,155.735082214285,57.4113916666666,131.816631,0,7.4863,80.3647,24.76,71.52,2.3,23.61,77.95,2.45
2017,3,Kurunegala,LK61,1.0,6.12323399573676e-17,1,0,0,0,274.78481,239.98946,388.478893333333,241.071785,55.791139,107.8037981,91.0780593333333,96.7992433333333,0,7.4863,80.3647,25.54,80.06,1.29,24.76,71.52,2.3
2017,4,Kurunegala,LK61,0.866025403784438,-0.499999999999999,1,0,0,0,78.563289,131.417723333333,462.48525,42.611154,274.78481,55.791139,239.98946,241.071785,0,7.4863,80.3647,27.37,76.11,1.67,25.54,80.06,1.29
2017,5,Kurunegala,LK61,0.499999999999999,-0.866025403784438,0,1,0,0,324.53165,208.801693333333,580.208869999999,190.7589,78.563289,274.78481,131.417723333333,42.611154,0,7.4863,80.3647,27.28,77.47,2.77,27.37,76.11,1.67
2017,6,Kurunegala,LK61,1.22464679914735e-16,-1.0,0,1,0,0,132.759492,213.748946666666,553.968356666666,130.69642,324.53165,78.563289,208.801693333333,190.7589,0,7.4863,80.3647,26.14,80.6,4.29,27.28,77.47,2.77
2017,7,Kurunegala,LK61,-0.499999999999999,-0.866025403784438,0,1,0,0,63.6392389999999,86.698315,509.24894,96.7102366666666,132.759492,324.53165,213.748946666666,130.69642,0,7.4863,80.3647,26.33,78.33,4.05,26.14,80.6,4.29
2017,8,Kurunegala,LK61,-0.866025403784438,-0.5,0,1,0,0,123.968354,113.805907333333,414.253153333333,192.199346666666,63.6392389999999,132.759492,86.698315,96.7102366666666,0,7.4863,80.3647,26.0,79.95,4.08,26.33,78.33,4.05
2017,9,Kurunegala,LK61,-1.0,-1.83697019872102e-16,0,1,0,0,147.968356,155.050626666666,355.55485,141.518113333333,123.968354,63.6392389999999,113.805907333333,192.199346666666,0,7.4863,80.3647,25.83,80.85,3.39,26.0,79.95,4.08
2017,10,Kurunegala,LK61,-0.866025403784438,0.5,0,0,1,0,240.841774,165.812236666666,434.66879,72.8262879999999,147.968356,123.968354,155.050626666666,141.518113333333,0,7.4863,80.3647,25.75,83.06,2.82,25.83,80.85,3.39
2017,11,Kurunegala,LK61,-0.5,0.866025403784438,0,0,1,0,302.462025,302.71309,623.575933333333,99.1725866666666,240.841774,147.968356,165.812236666666,72.8262879999999,0,7.4863,80.3647,24.4,88.53,2.12,25.75,83.06,2.82
2017,12,Kurunegala,LK61,-2.4492935982947e-16,1.0,0,0,0,1,94.1519,172.356533333333,640.881883333333,64.00902,302.462025,240.841774,302.71309,99.1725866666666,0,7.4863,80.3647,23.58,88.01,1.97,24.4,88.53,2.12
2018,1,Kurunegala,LK61,0.499999999999999,0.866025403784438,0,0,0,1,25.6329119999999,40.014768,515.084366666666,42.7166323333333,94.1519,302.462025,172.356533333333,64.00902,1,7.4863,80.3647,22.72,85.06,1.99,23.58,88.01,1.97
2018,2,Kurunegala,LK61,0.866025403784438,0.5,0,0,0,1,62.392405,45.8734169999999,258.244733333333,101.543949333333,25.6329119999999,94.1519,40.014768,42.7166323333333,0,7.4863,80.3647,24.27,80.74,2.42,22.72,85.06,1.99
2018,3,Kurunegala,LK61,1.0,6.12323399573676e-17,1,0,0,0,119.905064,104.869196666666,190.757373333333,109.74708,62.392405,25.6329119999999,45.8734169999999,101.543949333333,0,7.4863,80.3647,25.87,77.65,1.79,24.27,80.74,2.42
2018,4,Kurunegala,LK61,0.866025403784438,-0.499999999999999,1,0,0,0,204.145563,174.99578,325.738383333333,97.55662,119.905064,62.392405,104.869196666666,109.74708,1,7.4863,80.3647,27.13,76.63,1.13,25.87,77.65,1.79
2018,5,Kurunegala,LK61,0.499999999999999,-0.866025403784438,0,1,0,0,377.550629999999,328.472566666666,608.337543333333,209.155816666666,204.145563,119.905064,174.99578,97.55662,0,7.4863,80.3647,25.87,86.89,2.13,27.13,76.63,1.13
2018,6,Kurunegala,LK61,1.22464679914735e-16,-1.0,0,1,0,0,130.01266,225.194086666666,728.662453333333,120.301995333333,377.550629999999,204.145563,328.472566666666,209.155816666666,1,7.4863,80.3647,25.29,87.56,4.38,25.87,86.89,2.13
2018,7,Kurunegala,LK61,-0.499999999999999,-0.866025403784438,0,1,0,0,46.379746,60.130801,613.7975,74.844229,130.01266,377.550629999999,225.194086666666,120.301995333333,1,7.4863,80.3647,25.21,83.36,4.45,25.29,87.56,4.38
2018,8,Kurunegala,LK61,-0.866025403784438,-0.5,0,1,0,0,72.164557,50.4514783333333,335.77636,108.266257666666,46.379746,130.01266,60.130801,74.844229,1,7.4863,80.3647,25.17,81.69,4.61,25.21,83.36,4.45
2018,9,Kurunegala,LK61,-1.0,-1.83697019872102e-16,0,1,0,0,109.816454,84.8481013333333,195.430383333333,88.3082066666666,72.164557,46.379746,50.4514783333333,108.266257666666,0,7.4863,80.3647,26.07,76.61,2.95,25.17,81.69,4.61
2018,10,Kurunegala,LK61,-0.866025403784438,0.5,0,0,1,0,439.392406,378.2426,513.54218,149.642776666666,109.816454,72.164557,84.8481013333333,88.3082066666666,0,7.4863,80.3647,24.98,85.48,1.49,26.07,76.61,2.95
2018,11,Kurunegala,LK61,-0.5,0.866025403784438,0,0,1,0,247.670889999999,302.799566666666,765.8903,82.243236,439.392406,109.816454,378.2426,149.642776666666,1,7.4863,80.3647,24.23,88.95,1.73,24.98,85.48,1.49
2018,12,Kurunegala,LK61,-2.4492935982947e-16,1.0,0,0,0,1,74.734179,110.991556666666,792.0338,53.654087,247.670889999999,439.392406,302.799566666666,82.243236,0,7.4863,80.3647,23.33,89.74,1.93,24.23,88.95,1.73
2019,1,Kurunegala,LK61,0.499999999999999,0.866025403784438,0,0,0,1,13.9810129,38.6561196666666,452.447223333333,30.2023263333333,74.734179,247.670889999999,110.991556666666,53.654087,1,7.4863,80.3647,22.72,86.74,2.42,23.33,89.74,1.93
2019,2,Kurunegala,LK61,0.866025403784438,0.5,0,0,0,1,81.493672,76.662447,226.31012,115.929797666666,13.9810129,74.734179,38.6561196666666,30.2023263333333,0,7.4863,80.3647,24.79,83.58,2.19,22.72,86.74,2.42
2019,3,Kurunegala,LK61,1.0,6.12323399573676e-17,1,0,0,0,31.3670869999999,28.3080166666666,143.626586666666,36.9220883333333,81.493672,13.9810129,76.662447,115.929797666666,0,7.4863,80.3647,26.87,68.16,1.75,24.79,83.58,2.19
2019,4,Kurunegala,LK61,0.866025403784438,-0.499999999999999,1,0,0,0,175.6075925,103.905059,208.875519999999,82.4135823333333,31.3670869999999,81.493672,28.3080166666666,36.9220883333333,0,7.4863,80.3647,28.96,64.44,1.14,26.87,68.16,1.75
2019,5,Kurunegala,LK61,0.499999999999999,-0.866025403784438,0,1,0,0,66.708864,121.827001666666,254.040076666666,46.530442,175.6075925,31.3670869999999,103.905059,82.4135823333333,0,7.4863,80.3647,28.34,72.45,3.24,28.96,64.44,1.14
2019,6,Kurunegala,LK61,1.22464679914735e-16,-1.0,0,1,0,0,168.962022,162.39873,388.130786666666,152.730947999999,66.708864,175.6075925,121.827001666666,46.530442,0,7.4863,80.3647,27.49,75.27,4.52,28.34,72.45,3.24
2019,7,Kurunegala,LK61,-0.499999999999999,-0.866025403784438,0,1,0,0,55.664556,73.7932516666666,358.018983333333,86.3396666666666,168.962022,66.708864,162.39873,152.730947999999,0,7.4863,80.3647,26.77,75.43,4.12,27.49,75.27,4.52
2019,8,Kurunegala,LK61,-0.866025403784438,-0.5,0,1,0,0,138.430385,119.487345333333,355.679316666666,220.226233333333,55.664556,168.962022,73.7932516666666,86.3396666666666,0,7.4863,80.3647,25.89,78.67,4.5,26.77,75.43,4.12
2019,9,Kurunegala,LK61,-1.0,-1.83697019872102e-16,0,1,0,0,178.367094,137.407175,330.68778,154.273546666666,138.430385,55.664556,119.487345333333,220.226233333333,0,7.4863,80.3647,25.59,81.83,3.06,25.89,78.67,4.5
2019,10,Kurunegala,LK61,-0.866025403784438,0.5,0,0,1,0,436.424049999999,360.400843333333,617.29538,135.460061333333,178.367094,138.430385,137.407175,154.273546666666,1,7.4863,80.3647,24.74,88.14,1.28,25.59,81.83,3.06
2019,11,Kurunegala,LK61,-0.5,0.866025403784438,0,0,1,0,250.664556,293.814353333333,791.622353333333,84.6123426666666,436.424049999999,178.367094,360.400843333333,135.460061333333,1,7.4863,80.3647,24.75,88.87,1.69,24.74,88.14,1.28
2019,12,Kurunegala,LK61,-2.4492935982947e-16,1.0,0,0,0,1,205.898742,267.58017,921.79539,127.656396666666,250.664556,436.424049999999,293.814353333333,84.6123426666666,1,7.4863,80.3647,23.89,91.9,2.31,24.75,88.87,1.69
2020,1,Kurunegala,LK61,0.499999999999999,0.866025403784438,0,0,0,1,17.1962026,59.1181426666666,620.512666666666,33.51064,205.898742,250.664556,267.58017,127.656396666666,1,7.4863,80.3647,23.26,88.25,2.35,23.89,91.9,2.31
2020,2,Kurunegala,LK61,0.866025403784438,0.5,0,0,0,1,11.8607594,15.6054853333333,342.303799999999,34.283929,17.1962026,205.898742,59.1181426666666,33.51064,1,7.4863,80.3647,23.7,85.19,2.61,23.26,88.25,2.35
2020,3,Kurunegala,LK61,1.0,6.12323399573676e-17,1,0,0,0,50.50633,36.3291133333333,111.052746666666,53.2677986666666,11.8607594,17.1962026,15.6054853333333,34.283929,0,7.4863,80.3647,26.57,71.19,1.67,23.7,85.19,2.61
2020,4,Kurunegala,LK61,0.866025403784438,-0.499999999999999,1,0,0,0,126.265819999999,89.6645576666666,141.599151333333,62.2428446666666,50.50633,11.8607594,36.3291133333333,53.2677986666666,0,7.4863,80.3647,28.18,71.34,1.35,26.57,71.19,1.67
2020,5,Kurunegala,LK61,0.499999999999999,-0.866025403784438,0,1,0,0,334.25317,307.812233333333,433.80591,177.647266666666,126.265819999999,50.50633,89.6645576666666,62.2428446666666,0,7.4863,80.3647,26.82,83.42,2.6,28.18,71.34,1.35
2020,6,Kurunegala,LK61,1.22464679914735e-16,-1.0,0,1,0,0,148.6962,178.371306666666,575.84805,142.54211,334.25317,126.265819999999,307.812233333333,177.647266666666,0,7.4863,80.3647,25.92,83.19,3.89,26.82,83.42,2.6
2020,7,Kurunegala,LK61,-0.499999999999999,-0.866025403784438,0,1,0,0,176.556963,167.438823333333,653.62235,234.350526666666,148.6962,334.25317,178.371306666666,142.54211,0,7.4863,80.3647,25.22,84.58,3.12,25.92,83.19,3.89
2020,8,Kurunegala,LK61,-0.866025403784438,-0.5,0,1,0,0,56.721518,97.7236313333333,443.53375,101.201286666666,176.556963,148.6962,167.438823333333,234.350526666666,1,7.4863,80.3647,25.66,82.44,3.82,25.22,84.58,3.12
2020,9,Kurunegala,LK61,-1.0,-1.83697019872102e-16,0,1,0,0,200.050631,157.274258333333,422.436706666666,170.209051666666,56.721518,176.556963,97.7236313333333,101.201286666666,0,7.4863,80.3647,25.09,84.37,3.83,25.66,82.44,3.82
2020,10,Kurunegala,LK61,-0.866025403784438,0.5,0,0,1,0,98.386079,116.915613333333,371.9135,32.4207813333333,200.050631,56.721518,157.274258333333,170.209051666666,0,7.4863,80.3647,25.64,81.91,3.48,25.09,84.37,3.83
2020,11,Kurunegala,LK61,-0.5,0.866025403784438,0,0,1,0,266.898733,250.970456666666,525.16036,88.9828006666666,98.386079,200.050631,116.915613333333,32.4207813333333,0,7.4863,80.3647,24.91,88.04,1.7,25.64,81.91,3.48
2020,12,Kurunegala,LK61,-2.4492935982947e-16,1.0,0,0,0,1,185.018984,198.464129999999,566.350216666666,115.072546666666,266.898733,98.386079,250.970456666666,88.9828006666666,0,7.4863,80.3647,23.86,90.23,2.29,24.91,88.04,1.7
2021,1,Kurunegala,LK61,0.499999999999999,0.866025403784438,0,0,0,1,154.987341,172.62236,622.056916666666,169.97945,185.018984,266.898733,198.464129999999,115.072546666666,0,7.4863,80.3647,23.37,91.37,1.96,23.86,90.23,2.29
2021,2,Kurunegala,LK61,0.866025403784438,0.5,0,0,0,1,16.3924044999999,37.594935,408.681403333333,40.8379623333333,154.987341,185.018984,172.62236,169.97945,1,7.4863,80.3647,23.42,87.65,2.3,23.37,91.37,1.96
2021,3,Kurunegala,LK61,1.0,6.12323399573676e-17,1,0,0,0,104.101266,71.314344,281.53165,93.7715683333333,16.3924044999999,154.987341,37.594935,40.8379623333333,1,7.4863,80.3647,24.54,83.54,1.82,23.42,87.65,2.3
2021,4,Kurunegala,LK61,0.866025403784438,-0.499999999999999,1,0,0,0,123.765818,112.537976666666,221.44725,60.5492386666666,104.101266,16.3924044999999,71.314344,93.7715683333333,0,7.4863,80.3647,26.14,83.28,1.38,24.54,83.54,1.82
2021,5,Kurunegala,LK61,0.499999999999999,-0.866025403784438,0,1,0,0,375.90506,304.791133333333,488.643466666666,209.72689,123.765818,104.101266,112.537976666666,60.5492386666666,0,7.4863,80.3647,25.93,87.41,2.71,26.14,83.28,1.38
2021,6,Kurunegala,LK61,1.22464679914735e-16,-1.0,0,1,0,0,189.018984,276.37552,693.704636666666,167.154033333333,375.90506,123.765818,304.791133333333,209.72689,0,7.4863,80.3647,25.3,88.23,3.5,25.93,87.41,2.71
2021,7,Kurunegala,LK61,-0.499999999999999,-0.866025403784438,0,1,0,0,105.1518985,125.45569,706.62238,145.001022333333,189.018984,375.90506,276.37552,167.154033333333,0,7.4863,80.3647,25.14,87.87,4.02,25.3,88.23,3.5
2021,8,Kurunegala,LK61,-0.866025403784438,-0.5,0,1,0,0,74.044304,59.2869193333333,461.118123333333,116.779303333333,105.1518985,189.018984,125.45569,145.001022333333,0,7.4863,80.3647,24.94,86.49,3.86,25.14,87.87,4.02
2021,9,Kurunegala,LK61,-1.0,-1.83697019872102e-16,0,1,0,0,119.082277,98.8164533333333,283.55907,102.780653333333,74.044304,105.1518985,59.2869193333333,116.779303333333,0,7.4863,80.3647,25.43,85.62,3.62,24.94,86.49,3.86
2021,10,Kurunegala,LK61,-0.866025403784438,0.5,0,0,1,0,401.83544,277.628693333333,435.73207,121.751506666666,119.082277,74.044304,98.8164533333333,102.780653333333,0,7.4863,80.3647,25.01,87.43,2.65,25.43,85.62,3.62
2021,11,Kurunegala,LK61,-0.5,0.866025403784438,0,0,1,0,462.31013,500.472573333333,876.917713333333,149.58212,401.83544,119.082277,277.628693333333,121.751506666666,0,7.4863,80.3647,24.21,91.18,2.24,25.01,87.43,2.65
2021,12,Kurunegala,LK61,-2.4492935982947e-16,1.0,0,0,0,1,63.4999985,185.917726666666,964.018946666666,45.003462,462.31013,401.83544,500.472573333333,149.58212,1,7.4863,80.3647,23.6,89.82,2.05,24.21,91.18,2.24
2022,1,Kurunegala,LK61,0.499999999999999,0.866025403784438,0,0,0,1,25.113925,31.4092833333333,717.79955,40.8394056666666,63.4999985,462.31013,185.917726666666,45.003462,1,7.4863,80.3647,23.51,87.69,2.12,23.6,89.82,2.05
2022,2,Kurunegala,LK61,0.866025403784438,0.5,0,0,0,1,99.031646,74.656117,291.983123333333,152.724196666666,25.113925,63.4999985,31.4092833333333,40.8394056666666,1,7.4863,80.3647,23.3,87.22,2.11,23.51,87.69,2.12
2022,3,Kurunegala,LK61,1.0,6.12323399573676e-17,1,0,0,0,83.221517,83.99156,190.05696,78.7640473333333,99.031646,25.113925,74.656117,152.724196666666,0,7.4863,80.3647,25.12,85.48,1.67,23.3,87.22,2.11
2022,4,Kurunegala,LK61,0.866025403784438,-0.499999999999999,1,0,0,0,276.8038,225.447266666666,384.094963333333,132.668643333333,83.221517,99.031646,83.99156,78.7640473333333,0,7.4863,80.3647,25.89,85.83,1.29,25.12,85.48,1.67
2022,5,Kurunegala,LK61,0.499999999999999,-0.866025403784438,0,1,0,0,141.936705,159.60759,469.04641,90.0820353333333,276.8038,83.221517,225.447266666666,132.668643333333,0,7.4863,80.3647,25.81,88.01,4.01,25.89,85.83,1.29
2022,6,Kurunegala,LK61,1.22464679914735e-16,-1.0,0,1,0,0,95.613923,130.449368,515.504213333333,96.2235383333333,141.936705,276.8038,159.60759,90.0820353333333,0,7.4863,80.3647,25.26,87.21,3.62,25.81,88.01,4.01
2022,7,Kurunegala,LK61,-0.499999999999999,-0.866025403784438,0,1,0,0,110.500003,76.063292,366.12024,155.959797,95.613923,141.936705,130.449368,96.2235383333333,0,7.4863,80.3647,25.26,83.98,3.59,25.26,87.21,3.62
2022,8,Kurunegala,LK61,-0.866025403784438,-0.5,0,1,0,0,130.79114,128.658228333333,335.170893333333,187.577912,110.500003,95.613923,76.063292,155.959797,0,7.4863,80.3647,24.94,85.12,4.06,25.26,83.98,3.59
2022,9,Kurunegala,LK61,-1.0,-1.83697019872102e-16,0,1,0,0,78.2468355,129.040083333333,333.761593333333,76.1820596666666,130.79114,110.500003,128.658228333333,187.577912,0,7.4863,80.3647,25.13,84.18,3.65,24.94,85.12,4.06
2022,10,Kurunegala,LK61,-0.866025403784438,0.5,0,0,1,0,257.265817999999,170.890286666666,428.58861,78.2037233333333,78.2468355,130.79114,129.040083333333,76.1820596666666,0,7.4863,80.3647,24.81,85.35,2.69,25.13,84.18,3.65
2022,11,Kurunegala,LK61,-0.5,0.866025403784438,0,0,1,0,214.373414,284.337543333333,584.267933333333,71.6952543333333,257.265817999999,78.2468355,170.890286666666,78.2037233333333,0,7.4863,80.3647,23.69,89.17,1.59,24.81,85.35,2.69
2022,12,Kurunegala,LK61,-2.4492935982947e-16,1.0,0,0,0,1,234.07595,180.343876666666,635.571716666666,147.988946666666,214.373414,257.265817999999,284.337543333333,71.6952543333333,0,7.4863,80.3647,23.36,90.32,2.27,23.69,89.17,1.59
2023,1,Kurunegala,LK61,0.499999999999999,0.866025403784438,0,0,0,1,68.6772165,121.434597333333,586.116013333333,87.4529733333333,234.07595,214.373414,180.343876666666,147.988946666666,0,7.4863,80.3647,22.17,89.95,2.49,23.36,90.32,2.27
2023,2,Kurunegala,LK61,0.866025403784438,0.5,0,0,0,1,75.1645555,96.5653963333333,398.343876666666,107.877944,68.6772165,234.07595,121.434597333333,87.4529733333333,0,7.4863,80.3647,22.83,88.75,2.49,22.17,89.95,2.49
2023,3,Kurunegala,LK61,1.0,6.12323399573676e-17,1,0,0,0,88.8481,56.99578,274.995783333333,80.6568046666666,75.1645555,68.6772165,96.5653963333333,107.877944,0,7.4863,80.3647,25.06,84.72,1.69,22.83,88.75,2.49
2023,4,Kurunegala,LK61,0.866025403784438,-0.499999999999999,1,0,0,0,190.645572,159.202533333333,312.763693333333,92.1083066666666,88.8481,75.1645555,56.99578,80.6568046666666,0,7.4863,80.3647,26.35,81.63,1.2,25.06,84.72,1.69
2023,5,Kurunegala,LK61,0.499999999999999,-0.866025403784438,0,1,0,0,394.632898999999,422.713073333333,638.9114,197.49066,190.645572,88.8481,159.202533333333,92.1083066666666,0,7.4863,80.3647,25.96,87.03,2.55,26.35,81.63,1.2
2023,6,Kurunegala,LK61,1.22464679914735e-16,-1.0,0,1,0,0,155.044301,137.170883333333,719.0865,153.233394333333,394.632898999999,190.645572,422.713073333333,197.49066,0,7.4863,80.3647,26.14,84.6,4.0,25.96,87.03,2.55
2023,7,Kurunegala,LK61,-0.499999999999999,-0.866025403784438,0,1,0,0,53.113924,107.132910666666,667.016913333333,82.5738286666666,155.044301,394.632898999999,137.170883333333,153.233394333333,0,7.4863,80.3647,26.08,80.99,4.34,26.14,84.6,4.0
2023,8,Kurunegala,LK61,-0.866025403784438,-0.5,0,1,0,0,41.936708,32.263712,276.56748,74.4093786666666,53.113924,155.044301,107.132910666666,82.5738286666666,0,7.4863,80.3647,27.09,75.26,3.87,26.08,80.99,4.34
2023,9,Kurunegala,LK61,-1.0,-1.83697019872102e-16,0,1,0,0,103.797468,80.9219423333333,220.31857,92.4534386666666,41.936708,53.113924,32.263712,74.4093786666666,0,7.4863,80.3647,25.89,81.56,3.85,27.09,75.26,3.87
2023,10,Kurunegala,LK61,-0.866025403784438,0.5,0,0,1,0,432.5443,322.128703333333,435.314353333333,135.808518333333,103.797468,41.936708,80.9219423333333,92.4534386666666,0,7.4863,80.3647,25.1,87.82,1.74,25.89,81.56,3.85
2023,11,Kurunegala,LK61,-0.5,0.866025403784438,0,0,1,0,491.53165,533.10125,936.1519,158.714636666666,432.5443,103.797468,322.128703333333,135.808518333333,0,7.4863,80.3647,24.96,89.89,1.26,25.1,87.82,1.74
2023,12,Kurunegala,LK61,-2.4492935982947e-16,1.0,0,0,0,1,232.76582200000001,295.459903333333,1150.68983333333,141.78094,491.53165,432.5443,533.10125,158.714636666666,0,7.4863,80.3647,24.65,92.53,2.4,24.96,89.89,1.26
2024,1,Kurunegala,LK61,0.499999999999999,0.866025403784438,0,0,0,1,146.177214,182.763713333333,1011.32493333333,155.110734333333,232.76582200000001,491.53165,295.459903333333,141.78094,0,7.4863,80.3647,23.55,90.94,2.25,24.65,92.53,2.4
2024,2,Kurunegala,LK61,0.866025403784438,0.5,0,0,0,1,10.3544305,18.6835453333333,496.90717,32.933287,146.177214,232.76582200000001,182.763713333333,155.110734333333,0,7.4863,80.3647,24.43,88.39,2.68,23.55,90.94,2.25
2024,3,Kurunegala,LK61,1.0,6.12323399573676e-17,1,0,0,0,20.012658,14.7405056666666,216.18776,27.385253,10.3544305,146.177214,18.6835453333333,32.933287,0,7.4863,80.3647,25.31,80.47,1.81,24.43,88.39,2.68
2024,4,Kurunegala,LK61,0.866025403784438,-0.499999999999999,1,0,0,0,133.367088,89.68987,123.11393,65.6067313333333,20.012658,10.3544305,14.7405056666666,27.385253,0,7.4863,80.3647,28.58,73.76,1.19,25.31,80.47,1.81
2024,5,Kurunegala,LK61,0.499999999999999,-0.866025403784438,0,1,0,0,372.575955,290.73629,395.16666,209.09501,133.367088,20.012658,89.68987,65.6067313333333,0,7.4863,80.3647,27.58,81.26,2.89,28.58,73.76,1.19
2024,6,Kurunegala,LK61,1.22464679914735e-16,-1.0,0,1,0,0,89.7658199999999,206.06118,586.487353333333,86.861578,372.575955,133.367088,290.73629,209.09501,0,7.4863,80.3647,26.52,82.81,3.98,27.58,81.26,2.89
2024,7,Kurunegala,LK61,-0.499999999999999,-0.866025403784438,0,1,0,0,44.132911,49.004219,545.8017,72.182977,89.7658199999999,372.575955,206.06118,86.861578,0,7.4863,80.3647,26.39,80.47,4.27,26.52,82.81,3.98
2024,8,Kurunegala,LK61,-0.866025403784438,-0.5,0,1,0,0,84.9810119999999,71.1772116666666,326.24262,131.891581666666,44.132911,89.7658199999999,49.004219,72.182977,0,7.4863,80.3647,26.08,82.05,3.39,26.39,80.47,4.27
2024,9,Kurunegala,LK61,-1.0,-1.83697019872102e-16,0,1,0,0,56.2215175,57.0696216666666,177.25105,51.2247426666666,84.9810119999999,44.132911,71.1772116666666,131.891581666666,0,7.4863,80.3647,26.62,80.41,4.07,26.08,82.05,3.39
2024,10,Kurunegala,LK61,-0.866025403784438,0.5,0,0,1,0,336.019,254.086493333333,382.333353333333,111.085726666666,56.2215175,84.9810119999999,57.0696216666666,51.2247426666666,0,7.4863,80.3647,25.89,83.48,2.32,26.62,80.41,4.07
2024,11,Kurunegala,LK61,-0.5,0.866025403784438,0,0,1,0,416.89241,367.727846666666,678.883993333333,136.224533333333,336.019,56.2215175,254.086493333333,111.085726666666,0,7.4863,80.3647,24.94,89.22,2.06,25.89,83.48,2.32
2024,12,Kurunegala,LK61,-2.4492935982947e-16,1.0,0,0,0,1,107.310128999999,222.37341,844.187719999999,73.87888,416.89241,336.019,367.727846666666,136.224533333333,0,7.4863,80.3647,24.38,89.64,1.8,24.94,89.22,2.06
2017,1,Puttalam,LK62,0.499999999999999,0.866025403784438,0,0,0,1,90.5887877,46.7975106666666,358.470393333333,142.920886666666,134.463284228571,297.279037485714,182.032485333333,97.8403264761904,0,8.0362,79.8283,25.82,73.17,4.21,25.919999999999998,85.69857142857144,3.6942857142857144
2017,2,Puttalam,LK62,0.866025403784438,0.5,0,0,0,1,41.205606,75.3146436666666,220.99689,108.155636666666,90.5887877,134.463284228571,46.7975106666666,142.920886666666,0,8.0362,79.8283,26.52,68.53,3.73,25.82,73.17,4.21
2017,3,Puttalam,LK62,1.0,6.12323399573676e-17,1,0,0,0,201.373829,167.816193333333,289.92834,230.653173333333,41.205606,90.5887877,75.3146436666666,108.155636666666,0,8.0362,79.8283,27.75,75.16,2.24,26.52,68.53,3.73
2017,4,Puttalam,LK62,0.866025403784438,-0.499999999999999,1,0,0,0,71.1495308,111.383175333333,354.513996666666,45.5063413333333,201.373829,41.205606,167.816193333333,230.653173333333,0,8.0362,79.8283,29.02,76.39,3.11,27.75,75.16,2.24
2017,5,Puttalam,LK62,0.499999999999999,-0.866025403784438,0,1,0,0,213.831775,146.348915333333,425.548306666666,175.11053,71.1495308,201.373829,111.383175333333,45.5063413333333,0,8.0362,79.8283,28.7,78.72,4.44,29.02,76.39,3.11
2017,6,Puttalam,LK62,1.22464679914735e-16,-1.0,0,1,0,0,56.028038,119.015576,376.747703333333,119.59683,213.831775,71.1495308,146.348915333333,175.11053,0,8.0362,79.8283,28.06,79.01,5.9,28.7,78.72,4.44
2017,7,Puttalam,LK62,-0.499999999999999,-0.866025403784438,0,1,0,0,26.214953,35.7414323333333,301.105946666666,97.4730483333333,56.028038,213.831775,119.015576,119.59683,0,8.0362,79.8283,28.2,76.71,5.42,28.06,79.01,5.9
2017,8,Puttalam,LK62,-0.866025403784438,-0.5,0,1,0,0,81.3364469999999,64.7320833333333,219.489086666666,197.62607,26.214953,56.028038,35.7414323333333,97.4730483333333,0,8.0362,79.8283,27.83,78.77,5.45,28.2,76.71,5.42
2017,9,Puttalam,LK62,-1.0,-1.83697019872102e-16,0,1,0,0,155.485981,153.429906666666,253.90342,162.496034333333,81.3364469999999,26.214953,64.7320833333333,197.62607,0,8.0362,79.8283,27.54,80.17,4.98,27.83,78.77,5.45
2017,10,Puttalam,LK62,-0.866025403784438,0.5,0,0,1,0,172.747665,123.15577,341.317733333333,65.325789,155.485981,81.3364469999999,153.429906666666,162.496034333333,0,8.0362,79.8283,27.57,81.34,4.06,27.54,80.17,4.98
2017,11,Puttalam,LK62,-0.5,0.866025403784438,0,0,1,0,257.887849,248.638626666666,525.22428,91.2455323333333,172.747665,155.485981,123.15577,65.325789,0,8.0362,79.8283,26.57,83.86,3.43,27.57,81.34,4.06
2017,12,Puttalam,LK62,-2.4492935982947e-16,1.0,0,0,0,1,72.607477,142.47352,514.267893333333,58.522754,257.887849,172.747665,248.638626666666,91.2455323333333,0,8.0362,79.8283,25.83,82.26,3.43,26.57,83.86,3.43
2018,1,Puttalam,LK62,0.499999999999999,0.866025403784438,0,0,0,1,21.3457945999999,32.6884743333333,423.800626666666,47.8258576666666,72.607477,257.887849,142.47352,58.522754,0,8.0362,79.8283,25.59,74.73,3.79,25.83,82.26,3.43
2018,2,Puttalam,LK62,0.866025403784438,0.5,0,0,0,1,27.6822428,22.277258,197.43925,79.5915466666666,21.3457945999999,72.607477,32.6884743333333,47.8258576666666,0,8.0362,79.8283,27.31,69.45,3.99,25.59,74.73,3.79
2018,3,Puttalam,LK62,1.0,6.12323399573676e-17,1,0,0,0,87.607475,67.2866036666666,122.252333333333,110.192814333333,27.6822428,21.3457945999999,22.277258,79.5915466666666,0,8.0362,79.8283,28.64,69.66,3.02,27.31,69.45,3.99
2018,4,Puttalam,LK62,0.866025403784438,-0.499999999999999,1,0,0,0,159.95327,135.46418,225.028033333333,91.045667,87.607475,27.6822428,67.2866036666666,110.192814333333,0,8.0362,79.8283,29.02,74.27,2.02,28.64,69.66,3.02
2018,5,Puttalam,LK62,0.499999999999999,-0.866025403784438,0,1,0,0,289.75701,255.218076666666,457.96884,215.418833333333,159.95327,87.607475,135.46418,91.045667,1,8.0362,79.8283,27.72,84.96,3.77,29.02,74.27,2.02
2018,6,Puttalam,LK62,1.22464679914735e-16,-1.0,0,1,0,0,60.0841125,139.364488,530.046719999999,119.433413666666,289.75701,159.95327,255.218076666666,215.418833333333,0,8.0362,79.8283,27.21,86.38,5.85,27.72,84.96,3.77
2018,7,Puttalam,LK62,-0.499999999999999,-0.866025403784438,0,1,0,0,15.906542,24.4049846666666,418.987546666666,73.479996,60.0841125,289.75701,139.364488,119.433413666666,0,8.0362,79.8283,26.9,83.94,5.51,27.21,86.38,5.85
2018,8,Puttalam,LK62,-0.866025403784438,-0.5,0,1,0,0,34.6822432,20.7476635,184.517143333333,91.8253746666666,15.906542,60.0841125,24.4049846666666,73.479996,0,8.0362,79.8283,26.82,81.66,5.6,26.9,83.94,5.51
2018,9,Puttalam,LK62,-1.0,-1.83697019872102e-16,0,1,0,0,103.242992,63.6729023333333,108.825551333333,89.17168,34.6822432,15.906542,20.7476635,91.8253746666666,0,8.0362,79.8283,27.6,76.5,4.45,26.82,81.66,5.6
2018,10,Puttalam,LK62,-0.866025403784438,0.5,0,0,1,0,353.71027,313.345796666666,397.766333333333,150.235546666666,103.242992,34.6822432,63.6729023333333,89.17168,0,8.0362,79.8283,26.9,82.55,2.5,27.6,76.5,4.45
2018,11,Puttalam,LK62,-0.5,0.866025403784438,0,0,1,0,218.299068,266.962613333333,643.981296666666,77.0037823333333,353.71027,103.242992,313.345796666666,150.235546666666,0,8.0362,79.8283,26.3,84.73,2.87,26.9,82.55,2.5
2018,12,Puttalam,LK62,-2.4492935982947e-16,1.0,0,0,0,1,56.299065,86.2398766666666,666.548249999999,48.4696096666666,218.299068,353.71027,266.962613333333,77.0037823333333,0,8.0362,79.8283,25.66,84.45,3.44,26.3,84.73,2.87
2019,1,Puttalam,LK62,0.499999999999999,0.866025403784438,0,0,0,1,9.4205607,25.7975076666666,379.0,31.8282173333333,56.299065,218.299068,86.2398766666666,48.4696096666666,0,8.0362,79.8283,25.33,77.35,4.09,25.66,84.45,3.44
2019,2,Puttalam,LK62,0.866025403784438,0.5,0,0,0,1,49.9813085,47.3364483333333,159.373833333333,109.002918666666,9.4205607,56.299065,25.7975076666666,31.8282173333333,0,8.0362,79.8283,27.3,75.46,3.37,25.33,77.35,4.09
2019,3,Puttalam,LK62,1.0,6.12323399573676e-17,1,0,0,0,27.112149,22.9096563333333,96.0436133333333,43.9614733333333,49.9813085,9.4205607,47.3364483333333,109.002918666666,0,8.0362,79.8283,29.49,62.72,2.86,27.3,75.46,3.37
2019,4,Puttalam,LK62,0.866025403784438,-0.499999999999999,1,0,0,0,141.9345813,82.7694733333333,153.01558,80.1507996666666,27.112149,49.9813085,22.9096563333333,43.9614733333333,0,8.0362,79.8283,30.31,66.09,2.17,29.49,62.72,2.86
2019,5,Puttalam,LK62,0.499999999999999,-0.866025403784438,0,1,0,0,40.5046744,91.3302243333333,197.009363333333,44.1182453333333,141.9345813,27.112149,82.7694733333333,80.1507996666666,0,8.0362,79.8283,29.51,75.14,5.02,30.31,66.09,2.17
2019,6,Puttalam,LK62,1.22464679914735e-16,-1.0,0,1,0,0,76.429907,81.0685346666666,255.168243333333,143.11928,40.5046744,141.9345813,91.3302243333333,44.1182453333333,0,8.0362,79.8283,29.08,76.33,6.03,29.51,75.14,5.02
2019,7,Puttalam,LK62,-0.499999999999999,-0.866025403784438,0,1,0,0,19.8878505,27.2056083333333,199.604373333333,83.0914666666666,76.429907,40.5046744,81.0685346666666,143.11928,0,8.0362,79.8283,28.6,74.13,5.64,29.08,76.33,6.03
2019,8,Puttalam,LK62,-0.866025403784438,-0.5,0,1,0,0,73.5233619999999,61.903424,170.177553333333,194.804306666666,19.8878505,76.429907,27.2056083333333,83.0914666666666,0,8.0362,79.8283,27.78,77.71,5.95,28.6,74.13,5.64
2019,9,Puttalam,LK62,-1.0,-1.83697019872102e-16,0,1,0,0,186.261685,125.314644333333,214.423676666666,176.895875333333,73.5233619999999,19.8878505,61.903424,194.804306666666,0,8.0362,79.8283,27.51,80.23,4.61,27.78,77.71,5.95
2019,10,Puttalam,LK62,-0.866025403784438,0.5,0,0,1,0,396.570085,334.847343333333,522.06541,153.559246666666,186.261685,73.5233619999999,125.314644333333,176.895875333333,0,8.0362,79.8283,26.53,85.53,2.47,27.51,80.23,4.61
2019,11,Puttalam,LK62,-0.5,0.866025403784438,0,0,1,0,198.560745,255.507773333333,715.669766666666,73.7701743333333,396.570085,186.261685,334.847343333333,153.559246666666,1,8.0362,79.8283,26.73,85.35,2.78,26.53,85.53,2.47
2019,12,Puttalam,LK62,-2.4492935982947e-16,1.0,0,0,0,1,172.588781999999,225.517133333333,815.872253333333,120.572266666666,198.560745,396.570085,255.507773333333,73.7701743333333,1,8.0362,79.8283,26.02,87.35,3.76,26.73,85.35,2.78
2020,1,Puttalam,LK62,0.499999999999999,0.866025403784438,0,0,0,1,17.1775703,41.919002,522.943906666666,41.9136986666666,172.588781999999,198.560745,225.517133333333,120.572266666666,0,8.0362,79.8283,25.61,82.73,3.74,26.02,87.35,3.76
2020,2,Puttalam,LK62,0.866025403784438,0.5,0,0,0,1,10.4579434999999,13.2367606666666,280.672906666666,46.026069,17.1775703,172.588781999999,41.919002,41.9136986666666,0,8.0362,79.8283,26.39,77.25,4.09,25.61,82.73,3.74
2020,3,Puttalam,LK62,1.0,6.12323399573676e-17,1,0,0,0,31.280373,23.8598133333333,79.0155753333333,48.8896326666666,10.4579434999999,17.1775703,13.2367606666666,46.026069,0,8.0362,79.8283,29.1,65.3,2.85,26.39,77.25,4.09
2020,4,Puttalam,LK62,0.866025403784438,-0.499999999999999,1,0,0,0,91.037382,55.7258553333333,92.82243,55.3979746666666,31.280373,10.4579434999999,23.8598133333333,48.8896326666666,0,8.0362,79.8283,29.84,70.23,2.3,29.1,65.3,2.85
2020,5,Puttalam,LK62,0.499999999999999,-0.866025403784438,0,1,0,0,215.224294,213.828653333333,293.414323333333,151.439678,91.037382,31.280373,55.7258553333333,55.3979746666666,0,8.0362,79.8283,28.73,81.24,3.97,29.84,70.23,2.3
2020,6,Puttalam,LK62,1.22464679914735e-16,-1.0,0,1,0,0,87.299066,110.112151666666,379.666649999999,166.599798666666,215.224294,91.037382,213.828653333333,151.439678,0,8.0362,79.8283,28.03,80.87,5.39,28.73,81.24,3.97
2020,7,Puttalam,LK62,-0.499999999999999,-0.866025403784438,0,1,0,0,88.859816,86.498445,410.439266666666,245.525786666666,87.299066,215.224294,110.112151666666,166.599798666666,0,8.0362,79.8283,27.28,81.03,4.69,28.03,80.87,5.39
2020,8,Puttalam,LK62,-0.866025403784438,-0.5,0,1,0,0,30.626168,48.816199,245.4268,98.038889,88.859816,87.299066,86.498445,245.525786666666,0,8.0362,79.8283,27.66,79.38,5.38,27.28,81.03,4.69
2020,9,Puttalam,LK62,-1.0,-1.83697019872102e-16,0,1,0,0,178.345797,138.775703333333,274.090366666666,167.96366,30.626168,88.859816,48.816199,98.038889,0,8.0362,79.8283,27.06,82.56,5.28,27.66,79.38,5.38
2020,10,Puttalam,LK62,-0.866025403784438,0.5,0,0,1,0,66.028038,85.0249233333333,272.61682,28.6177153333333,178.345797,30.626168,138.775703333333,167.96366,0,8.0362,79.8283,27.54,79.43,4.65,27.06,82.56,5.28
2020,11,Puttalam,LK62,-0.5,0.866025403784438,0,0,1,0,288.355136,255.866043333333,479.666673333333,100.889711333333,66.028038,178.345797,85.0249233333333,28.6177153333333,1,8.0362,79.8283,26.91,84.48,3.0,27.54,79.43,4.65
2020,12,Puttalam,LK62,-2.4492935982947e-16,1.0,0,0,0,1,180.514021,205.09034,545.981296666666,125.428122333333,288.355136,66.028038,255.866043333333,100.889711333333,1,8.0362,79.8283,25.84,86.51,4.0,26.91,84.48,3.0
2021,1,Puttalam,LK62,0.499999999999999,0.866025403784438,0,0,0,1,121.990655,137.573211333333,598.5296,170.94811,180.514021,288.355136,205.09034,125.428122333333,1,8.0362,79.8283,25.41,86.9,3.49,25.84,86.51,4.0
2021,2,Puttalam,LK62,0.866025403784438,0.5,0,0,0,1,14.0560742,33.4548283333333,376.118376666666,50.7273176666666,121.990655,180.514021,137.573211333333,170.94811,0,8.0362,79.8283,25.39,82.57,3.77,25.41,86.9,3.49
2021,3,Puttalam,LK62,1.0,6.12323399573676e-17,1,0,0,0,79.747665,54.847353,225.875396666666,96.9549256666666,14.0560742,121.990655,33.4548283333333,50.7273176666666,1,8.0362,79.8283,27.05,77.88,3.05,25.39,82.57,3.77
2021,4,Puttalam,LK62,0.866025403784438,-0.499999999999999,1,0,0,0,101.654203,85.0934583333333,173.395636666666,60.230895,79.747665,14.0560742,54.847353,96.9549256666666,0,8.0362,79.8283,28.45,77.97,2.54,27.05,77.88,3.05
2021,5,Puttalam,LK62,0.499999999999999,-0.866025403784438,0,1,0,0,273.532716,235.38941,375.33021,205.378083333333,101.654203,79.747665,85.0934583333333,60.230895,0,8.0362,79.8283,27.96,84.0,4.1,28.45,77.97,2.54
2021,6,Puttalam,LK62,1.22464679914735e-16,-1.0,0,1,0,0,98.869165,168.046723333333,488.5296,173.864201333333,273.532716,101.654203,235.38941,205.378083333333,0,8.0362,79.8283,27.46,84.99,5.09,27.96,84.0,4.1
2021,7,Puttalam,LK62,-0.499999999999999,-0.866025403784438,0,1,0,0,39.990655,47.0529626666666,450.489116666666,129.94182,98.869165,273.532716,168.046723333333,173.864201333333,0,8.0362,79.8283,27.26,84.42,5.45,27.46,84.99,5.09
2021,8,Puttalam,LK62,-0.866025403784438,-0.5,0,1,0,0,36.11215,26.6074766666666,241.707166666666,99.5198233333333,39.990655,98.869165,47.0529626666666,129.94182,0,8.0362,79.8283,27.14,82.29,5.3,27.26,84.42,5.45
2021,9,Puttalam,LK62,-1.0,-1.83697019872102e-16,0,1,0,0,113.186916,84.7943943333333,158.454826666666,108.854553,36.11215,39.990655,26.6074766666666,99.5198233333333,0,8.0362,79.8283,27.54,81.72,5.12,27.14,82.29,5.3
2021,10,Puttalam,LK62,-0.866025403784438,0.5,0,0,1,0,321.23365,221.535823333333,332.93769,119.994720666666,113.186916,36.11215,84.7943943333333,108.854553,0,8.0362,79.8283,27.04,84.06,3.92,27.54,81.72,5.12
2021,11,Puttalam,LK62,-0.5,0.866025403784438,0,0,1,0,457.308413999999,466.093453333333,772.423666666666,157.455698,321.23365,113.186916,221.535823333333,119.994720666666,1,8.0362,79.8283,26.23,88.0,3.48,27.04,84.06,3.92
2021,12,Puttalam,LK62,-2.4492935982947e-16,1.0,0,0,0,1,46.2429915999999,172.448600666666,860.077833333333,39.798846,457.308413999999,321.23365,466.093453333333,157.455698,1,8.0362,79.8283,25.79,84.47,3.38,26.23,88.0,3.48
2022,1,Puttalam,LK62,0.499999999999999,0.866025403784438,0,0,0,1,25.0467292,26.3956386666666,664.937703333333,51.1512593333333,46.2429915999999,457.308413999999,172.448600666666,39.798846,1,8.0362,79.8283,25.81,82.77,3.54,25.79,84.47,3.38
2022,2,Puttalam,LK62,0.866025403784438,0.5,0,0,0,1,61.336449,49.0062309999999,247.850479999999,139.396824666666,25.0467292,46.2429915999999,26.3956386666666,51.1512593333333,1,8.0362,79.8283,25.72,80.58,3.65,25.81,82.77,3.54
2022,3,Puttalam,LK62,1.0,6.12323399573676e-17,1,0,0,0,59.2336449999999,53.6947043333333,129.096574666666,76.1990333333333,61.336449,25.0467292,49.0062309999999,139.396824666666,0,8.0362,79.8283,27.73,77.4,3.15,25.72,80.58,3.65
2022,4,Puttalam,LK62,0.866025403784438,-0.499999999999999,1,0,0,0,304.261685,248.38942,351.090333333333,172.633515333333,59.2336449999999,61.336449,53.6947043333333,76.1990333333333,0,8.0362,79.8283,27.88,81.8,2.29,27.73,77.4,3.15
2022,5,Puttalam,LK62,0.499999999999999,-0.866025403784438,0,1,0,0,81.35514,126.19938,428.283476666666,75.9950616666666,304.261685,59.2336449999999,248.38942,172.633515333333,0,8.0362,79.8283,27.96,84.46,5.65,27.88,81.8,2.29
2022,6,Puttalam,LK62,1.22464679914735e-16,-1.0,0,1,0,0,45.1495309999999,67.5046706666666,442.09347,99.129065,81.35514,304.261685,126.19938,75.9950616666666,0,8.0362,79.8283,27.22,84.48,5.09,27.96,84.46,5.65
2022,7,Puttalam,LK62,-0.499999999999999,-0.866025403784438,0,1,0,0,50.7009344,34.8878503333333,228.5919,154.995862333333,45.1495309999999,81.35514,67.5046706666666,99.129065,0,8.0362,79.8283,27.19,81.6,4.71,27.22,84.48,5.09
2022,8,Puttalam,LK62,-0.866025403784438,-0.5,0,1,0,0,70.3271003,59.0498433333333,161.44237,152.203806666666,50.7009344,45.1495309999999,34.8878503333333,154.995862333333,0,8.0362,79.8283,27.0,81.67,5.44,27.19,81.6,4.71
2022,9,Puttalam,LK62,-1.0,-1.83697019872102e-16,0,1,0,0,60.4766354,89.3925266666666,183.330216666666,65.948085,70.3271003,50.7009344,59.0498433333333,152.203806666666,0,8.0362,79.8283,27.14,80.77,5.14,27.0,81.67,5.44
2022,10,Puttalam,LK62,-0.866025403784438,0.5,0,0,1,0,192.018687,130.626173333333,279.068533333333,74.8474786666666,60.4766354,70.3271003,89.3925266666666,65.948085,0,8.0362,79.8283,26.9,81.61,3.9,27.14,80.77,5.14
2022,11,Puttalam,LK62,-0.5,0.866025403784438,0,0,1,0,191.4392504,238.224296666666,458.24298,67.677163,192.018687,60.4766354,130.626173333333,74.8474786666666,0,8.0362,79.8283,25.92,83.54,2.76,26.9,81.61,3.9
2022,12,Puttalam,LK62,-2.4492935982947e-16,1.0,0,0,0,1,195.439253,156.429903333333,525.280386666666,142.317983333333,191.4392504,192.018687,238.224296666666,67.677163,0,8.0362,79.8283,25.72,85.56,3.86,25.92,83.54,2.76
2023,1,Puttalam,LK62,0.499999999999999,0.866025403784438,0,0,0,1,56.925232,98.844234,493.498416666666,93.0026166666666,195.439253,191.4392504,156.429903333333,142.317983333333,0,8.0362,79.8283,24.53,83.24,4.15,25.72,85.56,3.86
2023,2,Puttalam,LK62,0.866025403784438,0.5,0,0,0,1,50.6915901,70.5638666666666,325.838013333333,107.355296666666,56.925232,195.439253,98.844234,93.0026166666666,0,8.0362,79.8283,25.16,82.94,3.94,24.53,83.24,4.15
2023,3,Puttalam,LK62,1.0,6.12323399573676e-17,1,0,0,0,56.53271,31.8255453333333,201.233646666666,72.469205,50.6915901,56.925232,70.5638666666666,107.355296666666,0,8.0362,79.8283,27.41,78.94,2.77,25.16,82.94,3.94
2023,4,Puttalam,LK62,0.866025403784438,-0.499999999999999,1,0,0,0,148.8317818,119.570099666666,221.959523333333,87.7235259999999,56.53271,50.6915901,31.8255453333333,72.469205,0,8.0362,79.8283,28.59,77.25,2.23,27.41,78.94,2.77
2023,5,Puttalam,LK62,0.499999999999999,-0.866025403784438,0,1,0,0,335.785058,371.788153333333,523.18381,217.555929333333,148.8317818,56.53271,119.570099666666,87.7235259999999,0,8.0362,79.8283,28.17,83.29,4.08,28.59,77.25,2.23
2023,6,Puttalam,LK62,1.22464679914735e-16,-1.0,0,1,0,0,63.336445,61.2274133333333,552.5857,132.311469999999,335.785058,148.8317818,371.788153333333,217.555929333333,0,8.0362,79.8283,28.35,81.13,5.58,28.17,83.29,4.08
2023,7,Puttalam,LK62,-0.499999999999999,-0.866025403784438,0,1,0,0,21.1028032,40.1838013333333,473.199356666666,85.28003,63.336445,335.785058,61.2274133333333,132.311469999999,0,8.0362,79.8283,28.06,78.62,5.63,28.35,81.13,5.58
2023,8,Puttalam,LK62,-0.866025403784438,-0.5,0,1,0,0,18.299065,14.2554513333333,115.66667,65.0217633333333,21.1028032,63.336445,40.1838013333333,85.28003,0,8.0362,79.8283,28.7,74.87,5.21,28.06,78.62,5.63
2023,9,Puttalam,LK62,-1.0,-1.83697019872102e-16,0,1,0,0,69.588784,51.3239863333333,105.763241333333,72.6864166666666,18.299065,21.1028032,14.2554513333333,65.0217633333333,0,8.0362,79.8283,27.95,78.26,5.63,28.7,74.87,5.21
2023,10,Puttalam,LK62,-0.866025403784438,0.5,0,0,1,0,295.915885,215.57633,281.15576,115.272243333333,69.588784,18.299065,51.3239863333333,72.6864166666666,0,8.0362,79.8283,27.09,83.5,3.12,27.95,78.26,5.63
2023,11,Puttalam,LK62,-0.5,0.866025403784438,0,0,1,0,469.1028,467.794393333333,734.694666666666,160.128816666666,295.915885,69.588784,215.57633,115.272243333333,0,8.0362,79.8283,26.8,86.36,2.1,27.09,83.5,3.12
2023,12,Puttalam,LK62,-2.4492935982947e-16,1.0,0,0,0,1,217.5514,286.028023333333,969.39875,149.772703333333,469.1028,295.915885,467.794393333333,160.128816666666,0,8.0362,79.8283,26.58,89.29,3.99,26.8,86.36,2.1
2024,1,Puttalam,LK62,0.499999999999999,0.866025403784438,0,0,0,1,102.102802,133.065416666666,886.887876666666,138.152786666666,217.5514,469.1028,286.028023333333,149.772703333333,0,8.0362,79.8283,25.67,85.58,3.81,26.58,89.29,3.99
2024,2,Puttalam,LK62,0.866025403784438,0.5,0,0,0,1,9.3551403,15.7788159999999,434.872246666666,43.8030713333333,102.102802,217.5514,133.065416666666,138.152786666666,0,8.0362,79.8283,26.57,83.07,4.06,25.67,85.58,3.81
2024,3,Puttalam,LK62,1.0,6.12323399573676e-17,1,0,0,0,19.0373832,14.9221186666666,163.766356666666,35.243425,9.3551403,102.102802,15.7788159999999,43.8030713333333,0,8.0362,79.8283,28.21,72.04,2.99,26.57,83.07,4.06
2024,4,Puttalam,LK62,0.866025403784438,-0.499999999999999,1,0,0,0,116.252335,75.19003,105.89097,68.4660106666666,19.0373832,9.3551403,14.9221186666666,35.243425,0,8.0362,79.8283,30.54,70.37,2.08,28.21,72.04,2.99
2024,5,Puttalam,LK62,0.499999999999999,-0.866025403784438,0,1,0,0,310.448593,251.274136666666,341.386296666666,229.245756666666,116.252335,19.0373832,75.19003,68.4660106666666,0,8.0362,79.8283,29.16,80.54,4.13,30.54,70.37,2.08
2024,6,Puttalam,LK62,1.22464679914735e-16,-1.0,0,1,0,0,47.560747,146.33022,472.794373333333,98.2648233333333,310.448593,116.252335,251.274136666666,229.245756666666,0,8.0362,79.8283,27.94,84.68,5.33,29.16,80.54,4.13
2024,7,Puttalam,LK62,-0.499999999999999,-0.866025403784438,0,1,0,0,20.299065,23.401869,421.006206666666,83.7604949999999,47.560747,310.448593,146.33022,98.2648233333333,0,8.0362,79.8283,28.09,80.67,5.42,27.94,84.68,5.33
2024,8,Puttalam,LK62,-0.866025403784438,-0.5,0,1,0,0,57.6915879999999,45.2087226666666,214.940809999999,149.231788,20.299065,47.560747,23.401869,83.7604949999999,0,8.0362,79.8283,27.75,81.85,4.79,28.09,80.67,5.42
2024,9,Puttalam,LK62,-1.0,-1.83697019872102e-16,0,1,0,0,44.009346,42.28972,110.900311333333,46.9713206666666,57.6915879999999,20.299065,45.2087226666666,149.231788,0,8.0362,79.8283,28.39,79.45,5.29,27.75,81.85,4.79
2024,10,Puttalam,LK62,-0.866025403784438,0.5,0,0,1,0,265.878507,209.062303333333,296.560756666666,113.323941333333,44.009346,57.6915879999999,42.28972,46.9713206666666,0,8.0362,79.8283,27.46,83.77,3.5,28.39,79.45,5.29
2024,11,Puttalam,LK62,-0.5,0.866025403784438,0,0,1,0,393.850446,321.538936666666,572.89098,138.44384,265.878507,44.009346,209.062303333333,113.323941333333,0,8.0362,79.8283,26.93,85.55,3.46,27.46,83.77,3.5
2024,12,Puttalam,LK62,-2.4492935982947e-16,1.0,0,0,0,1,72.112152,192.30841,722.909633333333,61.0590446666666,393.850446,265.878507,321.538936666666,138.44384,0,8.0362,79.8283,26.52,85.24,3.14,26.93,85.55,3.46
2017,1,Anuradhapura,LK71,0.499999999999999,0.866025403784438,0,0,0,1,159.71915,82.9659576666666,411.927636666666,159.7919,237.029789714285,317.537993857142,263.338400904761,96.7388332380952,1,8.3114,80.4037,24.69,76.72,2.74,25.00714285714286,88.83285714285714,2.404285714285714
2017,2,Anuradhapura,LK71,0.866025403784438,0.5,0,0,0,1,39.3787243,120.670917666666,322.455323333333,102.896021333333,159.71915,237.029789714285,82.9659576666666,159.7919,0,8.3114,80.4037,25.25,71.91,2.46,24.69,76.72,2.74
2017,3,Anuradhapura,LK71,1.0,6.12323399573676e-17,1,0,0,0,143.808509999999,139.435465333333,343.072346666666,203.159073333333,39.3787243,159.71915,120.670917666666,102.896021333333,0,8.3114,80.4037,26.6,78.96,1.67,25.25,71.91,2.46
2017,4,Anuradhapura,LK71,0.866025403784438,-0.499999999999999,1,0,0,0,55.2978729999999,68.967377,329.073766666666,45.9092183333333,143.808509999999,39.3787243,139.435465333333,203.159073333333,1,8.3114,80.4037,29.3,71.06,2.06,26.6,78.96,1.67
2017,5,Anuradhapura,LK71,0.499999999999999,-0.866025403784438,0,1,0,0,193.808514,132.066665333333,340.469506666666,179.137133333333,55.2978729999999,143.808509999999,68.967377,45.9092183333333,1,8.3114,80.4037,28.8,75.88,3.06,29.3,71.06,2.06
2017,6,Anuradhapura,LK71,1.22464679914735e-16,-1.0,0,1,0,0,6.22127643,80.2553156,281.28936,102.168536666666,193.808514,55.2978729999999,132.066665333333,179.137133333333,0,8.3114,80.4037,28.38,73.68,4.71,28.8,75.88,3.06
2017,7,Anuradhapura,LK71,-0.499999999999999,-0.866025403784438,0,1,0,0,52.502128,32.597163,244.91915,137.933513333333,6.22127643,193.808514,80.2553156,102.168536666666,0,8.3114,80.4037,28.92,69.4,4.19,28.38,73.68,4.71
2017,8,Anuradhapura,LK71,-0.866025403784438,-0.5,0,1,0,0,118.595741,98.4595679999999,211.31206,216.691143333333,52.502128,6.22127643,32.597163,137.933513333333,0,8.3114,80.4037,28.25,73.88,4.19,28.92,69.4,4.19
2017,9,Anuradhapura,LK71,-1.0,-1.83697019872102e-16,0,1,0,0,123.710636999999,140.38723,271.443963333333,125.410085666666,118.595741,52.502128,98.4595679999999,216.691143333333,0,8.3114,80.4037,27.75,76.26,3.68,28.25,73.88,4.19
2017,10,Anuradhapura,LK71,-0.866025403784438,0.5,0,0,1,0,203.199999,130.831205333333,369.678013333333,79.261,123.710636999999,118.595741,140.38723,125.410085666666,0,8.3114,80.4037,27.65,77.56,3.08,27.75,76.26,3.68
2017,11,Anuradhapura,LK71,-0.5,0.866025403784438,0,0,1,0,281.382984999999,282.55887,553.777279999999,90.00613,203.199999,123.710636999999,130.831205333333,79.261,0,8.3114,80.4037,25.64,87.91,2.34,27.65,77.56,3.08
2017,12,Anuradhapura,LK71,-2.4492935982947e-16,1.0,0,0,0,1,91.229787,160.524829999999,573.914866666666,39.905593,281.382984999999,203.199999,282.55887,90.00613,0,8.3114,80.4037,24.92,85.0,2.2,25.64,87.91,2.34
2018,1,Anuradhapura,LK71,0.499999999999999,0.866025403784438,0,0,0,1,31.0468075,46.1659559999999,489.249679999999,39.1439929999999,91.229787,281.382984999999,160.524829999999,39.905593,0,8.3114,80.4037,24.47,78.46,2.35,24.92,85.0,2.2
2018,2,Anuradhapura,LK71,0.866025403784438,0.5,0,0,0,1,16.8085105999999,20.9078013333333,227.598583333333,55.7075169999999,31.0468075,91.229787,46.1659559999999,39.1439929999999,1,8.3114,80.4037,26.3,71.71,2.8,24.47,78.46,2.35
2018,3,Anuradhapura,LK71,1.0,6.12323399573676e-17,1,0,0,0,83.982979,59.1021276666666,126.17589,125.735483333333,16.8085105999999,31.0468075,20.9078013333333,55.7075169999999,1,8.3114,80.4037,27.71,71.51,2.18,26.3,71.71,2.8
2018,4,Anuradhapura,LK71,0.866025403784438,-0.499999999999999,1,0,0,0,123.45532,113.750349999999,193.760276666666,89.7274413333333,83.982979,16.8085105999999,59.1021276666666,125.735483333333,0,8.3114,80.4037,28.81,73.76,1.66,27.71,71.51,2.18
2018,5,Anuradhapura,LK71,0.499999999999999,-0.866025403784438,0,1,0,0,358.880854,284.03972,456.89219,286.381263333333,123.45532,83.982979,113.750349999999,89.7274413333333,0,8.3114,80.4037,27.1,86.48,2.38,28.81,73.76,1.66
2018,6,Anuradhapura,LK71,1.22464679914735e-16,-1.0,0,1,0,0,4.96595752,120.3290892,518.11915,97.78012,358.880854,123.45532,284.03972,286.381263333333,0,8.3114,80.4037,27.09,83.54,4.72,27.1,86.48,2.38
2018,7,Anuradhapura,LK71,-0.499999999999999,-0.866025403784438,0,1,0,0,28.374469,20.9333343333333,425.30214,90.9552749999999,4.96595752,358.880854,120.3290892,97.78012,0,8.3114,80.4037,27.67,75.41,4.67,27.09,83.54,4.72
2018,8,Anuradhapura,LK71,-0.866025403784438,-0.5,0,1,0,0,50.859575,31.1404256666666,172.402848333333,95.340267,28.374469,4.96595752,20.9333343333333,90.9552749999999,0,8.3114,80.4037,27.92,72.14,4.76,27.67,75.41,4.67
2018,9,Anuradhapura,LK71,-1.0,-1.83697019872102e-16,0,1,0,0,85.421276,68.1886543333333,120.262413333333,74.621342,50.859575,28.374469,31.1404256666666,95.340267,0,8.3114,80.4037,28.71,67.86,3.34,27.92,72.14,4.76
2018,10,Anuradhapura,LK71,-0.866025403784438,0.5,0,0,1,0,305.425544,262.479443333333,361.808523333333,136.764745333333,85.421276,50.859575,68.1886543333333,74.621342,1,8.3114,80.4037,26.25,85.08,1.83,28.71,67.86,3.34
2018,11,Anuradhapura,LK71,-0.5,0.866025403784438,0,0,1,0,245.417012,292.035453333333,622.70355,80.1585366666666,305.425544,85.421276,262.479443333333,136.764745333333,1,8.3114,80.4037,25.37,88.01,2.07,26.25,85.08,1.83
2018,12,Anuradhapura,LK71,-2.4492935982947e-16,1.0,0,0,0,1,116.012764,119.035459666666,673.550383333333,50.5375226666666,245.417012,305.425544,292.035453333333,80.1585366666666,1,8.3114,80.4037,24.69,88.21,2.2,25.37,88.01,2.07
2019,1,Anuradhapura,LK71,0.499999999999999,0.866025403784438,0,0,0,1,12.3106385,46.539006,457.609933333333,22.885213,116.012764,245.417012,119.035459666666,50.5375226666666,1,8.3114,80.4037,24.0,81.94,2.51,24.69,88.21,2.2
2019,2,Anuradhapura,LK71,0.866025403784438,0.5,0,0,0,1,78.5319183,78.4808546666666,244.05532,129.718747666666,12.3106385,116.012764,46.539006,22.885213,0,8.3114,80.4037,26.24,79.17,2.42,24.0,81.94,2.51
2019,3,Anuradhapura,LK71,1.0,6.12323399573676e-17,1,0,0,0,8.9319151,9.36453903333333,134.384401666666,29.198071,78.5319183,12.3106385,78.4808546666666,129.718747666666,0,8.3114,80.4037,28.6,64.72,2.31,26.24,79.17,2.42
2019,4,Anuradhapura,LK71,0.866025403784438,-0.499999999999999,1,0,0,0,113.727660399999,63.8865266666666,151.731923333333,81.4983733333333,8.9319151,78.5319183,9.36453903333333,29.198071,1,8.3114,80.4037,30.49,62.85,1.58,28.6,64.72,2.31
2019,5,Anuradhapura,LK71,0.499999999999999,-0.866025403784438,0,1,0,0,43.0468085,74.3375853333333,147.588653333333,54.290142,113.727660399999,8.9319151,63.8865266666666,81.4983733333333,0,8.3114,80.4037,30.31,67.64,3.73,30.49,62.85,1.58
2019,6,Anuradhapura,LK71,1.22464679914735e-16,-1.0,0,1,0,0,14.0170213999999,35.4539006666666,173.67801,130.633306666666,43.0468085,113.727660399999,74.3375853333333,54.290142,0,8.3114,80.4037,29.93,67.93,4.98,30.31,67.64,3.73
2019,7,Anuradhapura,LK71,-0.499999999999999,-0.866025403784438,0,1,0,0,24.5787228,15.4765963333333,125.268078333333,80.769535,14.0170213999999,43.0468085,35.4539006666666,130.633306666666,0,8.3114,80.4037,29.59,65.45,4.61,29.93,67.93,4.98
2019,8,Anuradhapura,LK71,-0.866025403784438,-0.5,0,1,0,0,65.548933,59.453899,110.384393333333,136.34805,24.5787228,14.0170213999999,15.4765963333333,80.769535,0,8.3114,80.4037,28.03,72.76,4.91,29.59,65.45,4.61
2019,9,Anuradhapura,LK71,-1.0,-1.83697019872102e-16,0,1,0,0,175.829785999999,116.920566666666,191.851063333333,161.63073,65.548933,24.5787228,59.453899,136.34805,0,8.3114,80.4037,27.5,77.31,3.52,28.03,72.76,4.91
2019,10,Anuradhapura,LK71,-0.866025403784438,0.5,0,0,1,0,322.28511,263.485103333333,439.859566666666,127.846133333333,175.829785999999,65.548933,116.920566666666,161.63073,0,8.3114,80.4037,26.08,86.56,1.55,27.5,77.31,3.52
2019,11,Anuradhapura,LK71,-0.5,0.866025403784438,0,0,1,0,265.438295,255.653906666666,636.059603333333,84.751414,322.28511,175.829785999999,263.485103333333,127.846133333333,1,8.3114,80.4037,26.04,87.42,1.83,26.08,86.56,1.55
2019,12,Anuradhapura,LK71,-2.4492935982947e-16,1.0,0,0,0,1,348.974468,438.156016666666,957.295033333333,139.7214,265.438295,322.28511,255.653906666666,84.751414,1,8.3114,80.4037,25.14,89.85,2.47,26.04,87.42,1.83
2020,1,Anuradhapura,LK71,0.499999999999999,0.866025403784438,0,0,0,1,15.3063827,64.0638293333333,757.8737,25.337947,348.974468,265.438295,438.156016666666,139.7214,1,8.3114,80.4037,24.59,85.25,2.34,25.14,89.85,2.47
2020,2,Anuradhapura,LK71,0.866025403784438,0.5,0,0,0,1,13.5999999,12.4794326666666,514.699253333333,51.46725,15.3063827,348.974468,64.0638293333333,25.337947,0,8.3114,80.4037,25.13,80.49,2.62,24.59,85.25,2.34
2020,3,Anuradhapura,LK71,1.0,6.12323399573676e-17,1,0,0,0,13.5319148,16.165958,92.7092156666666,35.6647583333333,13.5999999,15.3063827,12.4794326666666,51.46725,0,8.3114,80.4037,27.83,68.99,2.35,25.13,80.49,2.62
2020,4,Anuradhapura,LK71,0.866025403784438,-0.499999999999999,1,0,0,0,88.32766,52.0425526666666,80.6879433333333,66.2274426666666,13.5319148,13.5999999,16.165958,35.6647583333333,0,8.3114,80.4037,29.68,69.08,1.97,27.83,68.99,2.35
2020,5,Anuradhapura,LK71,0.499999999999999,-0.866025403784438,0,1,0,0,213.91915,209.619863333333,277.82838,157.344673333333,88.32766,13.5319148,52.0425526666666,66.2274426666666,0,8.3114,80.4037,28.56,79.63,2.84,29.68,69.08,1.97
2020,6,Anuradhapura,LK71,1.22464679914735e-16,-1.0,0,1,0,0,11.0255317,53.1418463333333,314.80426,126.013899999999,213.91915,88.32766,209.619863333333,157.344673333333,0,8.3114,80.4037,28.21,75.92,4.16,28.56,79.63,2.84
2020,7,Anuradhapura,LK71,-0.499999999999999,-0.866025403784438,0,1,0,0,129.953189,84.256737,347.01845,297.489193333333,11.0255317,213.91915,53.1418463333333,126.013899999999,1,8.3114,80.4037,27.01,79.69,3.41,28.21,75.92,4.16
2020,8,Anuradhapura,LK71,-0.866025403784438,-0.5,0,1,0,0,25.3446804,64.4524833333333,201.85105,65.9288199999999,129.953189,11.0255317,84.256737,297.489193333333,0,8.3114,80.4037,28.2,73.37,4.28,27.01,79.69,3.41
2020,9,Anuradhapura,LK71,-1.0,-1.83697019872102e-16,0,1,0,0,185.242551,145.104963333333,293.814193333333,167.018503333333,25.3446804,129.953189,64.4524833333333,65.9288199999999,0,8.3114,80.4037,26.84,80.78,4.05,28.2,73.37,4.28
2020,10,Anuradhapura,LK71,-0.866025403784438,0.5,0,0,1,0,75.553191,90.4312033333333,299.988656666666,33.7993626666666,185.242551,25.3446804,145.104963333333,167.018503333333,1,8.3114,80.4037,27.56,76.67,3.56,26.84,80.78,4.05
2020,11,Anuradhapura,LK71,-0.5,0.866025403784438,0,0,1,0,324.90214,283.896453333333,519.432633333333,104.704188666666,75.553191,185.242551,90.4312033333333,33.7993626666666,1,8.3114,80.4037,26.11,87.38,2.03,27.56,76.67,3.56
2020,12,Anuradhapura,LK71,-2.4492935982947e-16,1.0,0,0,0,1,366.731918,328.744686666666,703.07237,149.434796666666,324.90214,75.553191,283.896453333333,104.704188666666,1,8.3114,80.4037,24.91,90.03,2.52,26.11,87.38,2.03
2021,1,Anuradhapura,LK71,0.499999999999999,0.866025403784438,0,0,0,1,254.127655,319.4156,932.056753333333,208.764953333333,366.731918,324.90214,328.744686666666,149.434796666666,1,8.3114,80.4037,24.59,90.2,2.24,24.91,90.03,2.52
2021,2,Anuradhapura,LK71,0.866025403784438,0.5,0,0,0,1,17.1574472,62.3957406666666,710.556,51.532241,254.127655,366.731918,319.4156,208.764953333333,1,8.3114,80.4037,24.36,85.38,2.35,24.59,90.2,2.24
2021,3,Anuradhapura,LK71,1.0,6.12323399573676e-17,1,0,0,0,43.978724,31.146098,412.95747,71.2859566666666,17.1574472,254.127655,62.3957406666666,51.532241,1,8.3114,80.4037,25.84,82.66,1.96,24.36,85.38,2.35
2021,4,Anuradhapura,LK71,0.866025403784438,-0.499999999999999,1,0,0,0,131.565958,99.6851033333333,193.226946666666,93.7179866666666,43.978724,17.1574472,31.146098,71.2859566666666,0,8.3114,80.4037,27.93,78.68,1.83,25.84,82.66,1.96
2021,5,Anuradhapura,LK71,0.499999999999999,-0.866025403784438,0,1,0,0,150.238297,158.875176666666,289.70637,123.91307,131.565958,43.978724,99.6851033333333,93.7179866666666,0,8.3114,80.4037,27.59,83.34,3.13,27.93,78.68,1.83
2021,6,Anuradhapura,LK71,1.22464679914735e-16,-1.0,0,1,0,0,17.08085093,55.6751776666666,314.235443333333,139.911763666666,150.238297,131.565958,158.875176666666,123.91307,0,8.3114,80.4037,27.7,79.73,4.0,27.59,83.34,3.13
2021,7,Anuradhapura,LK71,-0.499999999999999,-0.866025403784438,0,1,0,0,60.1914886,47.442554,261.992906666666,161.196171666666,17.08085093,150.238297,55.6751776666666,139.911763666666,0,8.3114,80.4037,27.63,78.62,4.33,27.7,79.73,4.0
2021,8,Anuradhapura,LK71,-0.866025403784438,-0.5,0,1,0,0,49.3361708,40.2950346666666,143.41277,95.6930383333333,60.1914886,17.08085093,47.442554,161.196171666666,0,8.3114,80.4037,27.8,74.94,4.25,27.63,78.62,4.33
2021,9,Anuradhapura,LK71,-1.0,-1.83697019872102e-16,0,1,0,0,162.000003,121.885106666666,209.622703333333,140.69163,49.3361708,60.1914886,40.2950346666666,95.6930383333333,0,8.3114,80.4037,27.78,77.17,3.91,27.8,74.94,4.25
2021,10,Anuradhapura,LK71,-0.866025403784438,0.5,0,0,1,0,311.263826,251.53049,413.71064,129.330645333333,162.000003,49.3361708,121.885106666666,140.69163,0,8.3114,80.4037,26.44,85.65,2.79,27.78,77.17,3.91
2021,11,Anuradhapura,LK71,-0.5,0.866025403784438,0,0,1,0,465.76596,445.614163333333,819.029736666666,146.866073333333,311.263826,162.000003,251.53049,129.330645333333,0,8.3114,80.4037,25.32,91.75,2.38,26.44,85.65,2.79
2021,12,Anuradhapura,LK71,-2.4492935982947e-16,1.0,0,0,0,1,75.217021,195.214183333333,892.35878,34.0597316666666,465.76596,311.263826,445.614163333333,146.866073333333,1,8.3114,80.4037,24.88,87.41,2.09,25.32,91.75,2.38
2022,1,Anuradhapura,LK71,0.499999999999999,0.866025403784438,0,0,0,1,34.693617,48.160283,688.988646666666,39.4776253333333,75.217021,465.76596,195.214183333333,34.0597316666666,1,8.3114,80.4037,24.61,86.83,2.32,24.88,87.41,2.09
2022,2,Anuradhapura,LK71,0.866025403784438,0.5,0,0,0,1,95.7489327,76.253899,319.628356666666,198.404355666666,34.693617,75.217021,48.160283,39.4776253333333,0,8.3114,80.4037,24.52,84.8,2.24,24.61,86.83,2.32
2022,3,Anuradhapura,LK71,1.0,6.12323399573676e-17,1,0,0,0,67.936172,79.601419,204.015606666666,103.46328,95.7489327,34.693617,76.253899,198.404355666666,0,8.3114,80.4037,26.68,81.43,1.98,24.52,84.8,2.24
2022,4,Anuradhapura,LK71,0.866025403784438,-0.499999999999999,1,0,0,0,214.72341,170.185813333333,326.041123333333,150.598535,67.936172,95.7489327,79.601419,103.46328,1,8.3114,80.4037,27.14,84.95,1.6,26.68,81.43,1.98
2022,5,Anuradhapura,LK71,0.499999999999999,-0.866025403784438,0,1,0,0,43.8425527,95.7602806666666,345.547516666666,44.6744003333333,214.72341,67.936172,170.185813333333,150.598535,1,8.3114,80.4037,27.18,86.34,4.13,27.14,84.95,1.6
2022,6,Anuradhapura,LK71,1.22464679914735e-16,-1.0,0,1,0,0,5.6510638,14.1361703333333,280.082306666666,102.579914666666,43.8425527,214.72341,95.7602806666666,44.6744003333333,0,8.3114,80.4037,27.17,81.4,3.85,27.18,86.34,4.13
2022,7,Anuradhapura,LK71,-0.499999999999999,-0.866025403784438,0,1,0,0,62.0680856,24.5801418,134.476593333333,147.196959333333,5.6510638,43.8425527,14.1361703333333,102.579914666666,0,8.3114,80.4037,27.41,77.38,3.63,27.17,81.4,3.85
2022,8,Anuradhapura,LK71,-0.866025403784438,-0.5,0,1,0,0,104.2893596,83.4553166666666,122.171632,170.579093333333,62.0680856,5.6510638,24.5801418,147.196959333333,0,8.3114,80.4037,27.29,77.72,4.05,27.41,77.38,3.63
2022,9,Anuradhapura,LK71,-1.0,-1.83697019872102e-16,0,1,0,0,54.5659591999999,101.619858666666,209.655323333333,57.309762,104.2893596,62.0680856,83.4553166666666,170.579093333333,0,8.3114,80.4037,27.47,76.14,3.95,27.29,77.72,4.05
2022,10,Anuradhapura,LK71,-0.866025403784438,0.5,0,0,1,0,205.787234,143.456736666666,328.531923333333,85.957236,54.5659591999999,104.2893596,101.619858666666,57.309762,0,8.3114,80.4037,26.62,80.89,2.62,27.47,76.14,3.95
2022,11,Anuradhapura,LK71,-0.5,0.866025403784438,0,0,1,0,228.37872,283.174463333333,528.251066666666,75.2997166666666,205.787234,54.5659591999999,143.456736666666,85.957236,0,8.3114,80.4037,25.0,87.55,1.88,26.62,80.89,2.62
2022,12,Anuradhapura,LK71,-2.4492935982947e-16,1.0,0,0,0,1,339.03404,253.028373333333,679.659633333333,136.37062,228.37872,205.787234,283.174463333333,75.2997166666666,0,8.3114,80.4037,24.7,89.0,2.71,25.0,87.55,1.88
2023,1,Anuradhapura,LK71,0.499999999999999,0.866025403784438,0,0,0,1,111.651063499999,161.30922,697.512,109.271367333333,339.03404,228.37872,253.028373333333,136.37062,1,8.3114,80.4037,23.51,86.2,2.56,24.7,89.0,2.71
2023,2,Anuradhapura,LK71,0.866025403784438,0.5,0,0,0,1,101.5914841,147.575884666666,561.91345,163.013154666666,111.651063499999,339.03404,161.30922,109.271367333333,0,8.3114,80.4037,24.06,85.94,2.42,23.51,86.2,2.56
2023,3,Anuradhapura,LK71,1.0,6.12323399573676e-17,1,0,0,0,49.714895,35.0439723333333,343.929066666666,78.4161403333333,101.5914841,111.651063499999,147.575884666666,163.013154666666,0,8.3114,80.4037,26.18,83.55,1.91,24.06,85.94,2.42
2023,4,Anuradhapura,LK71,0.866025403784438,-0.499999999999999,1,0,0,0,104.4851024,78.6808533333333,261.30071,76.7363833333333,49.714895,101.5914841,35.0439723333333,78.4161403333333,0,8.3114,80.4037,27.75,79.37,1.61,26.18,83.55,1.91
2023,5,Anuradhapura,LK71,0.499999999999999,-0.866025403784438,0,1,0,0,357.570211,369.39858,483.123413333333,256.30592,104.4851024,49.714895,78.6808533333333,76.7363833333333,0,8.3114,80.4037,27.19,86.43,2.84,27.75,79.37,1.61
2023,6,Anuradhapura,LK71,1.22464679914735e-16,-1.0,0,1,0,0,5.9021278,43.2085125666666,491.287953333333,104.497583666666,357.570211,104.4851024,369.39858,256.30592,1,8.3114,80.4037,28.15,78.78,4.15,27.19,86.43,2.84
2023,7,Anuradhapura,LK71,-0.499999999999999,-0.866025403784438,0,1,0,0,27.2595751,23.832625,436.439746666666,90.919255,5.9021278,357.570211,43.2085125666666,104.497583666666,0,8.3114,80.4037,28.75,71.02,4.58,28.15,78.78,4.15
2023,8,Anuradhapura,LK71,-0.866025403784438,-0.5,0,1,0,0,19.1702126,14.8184393333333,81.8595703333333,52.9372186666666,27.2595751,5.9021278,23.832625,90.919255,0,8.3114,80.4037,29.95,65.13,4.17,28.75,71.02,4.58
2023,9,Anuradhapura,LK71,-1.0,-1.83697019872102e-16,0,1,0,0,70.285104,51.8397133333333,90.4907779999999,70.1325823333333,19.1702126,27.2595751,14.8184393333333,52.9372186666666,0,8.3114,80.4037,28.28,72.9,4.56,29.95,65.13,4.17
2023,10,Anuradhapura,LK71,-0.866025403784438,0.5,0,0,1,0,252.502123999999,186.662413333333,253.32057,103.291993333333,70.285104,19.1702126,51.8397133333333,70.1325823333333,0,8.3114,80.4037,26.92,82.95,2.25,28.28,72.9,4.56
2023,11,Anuradhapura,LK71,-0.5,0.866025403784438,0,0,1,0,411.480845,411.093606666666,649.595736666666,131.817106666666,252.502123999999,70.285104,186.662413333333,103.291993333333,0,8.3114,80.4037,26.11,89.55,1.39,26.92,82.95,2.25
2023,12,Anuradhapura,LK71,-2.4492935982947e-16,1.0,0,0,0,1,322.00853,348.665256666666,946.421286666666,127.142168666666,411.480845,252.502123999999,411.093606666666,131.817106666666,0,8.3114,80.4037,25.81,92.33,2.64,26.11,89.55,1.39
2024,1,Anuradhapura,LK71,0.499999999999999,0.866025403784438,0,0,0,1,155.570218999999,212.801416666666,972.560276666666,120.826661666666,322.00853,411.480845,348.665256666666,127.142168666666,0,8.3114,80.4037,24.74,88.3,2.35,25.81,92.33,2.64
2024,2,Anuradhapura,LK71,0.866025403784438,0.5,0,0,0,1,8.2510639,15.3219856666666,576.78863,40.193541,155.570218999999,322.00853,212.801416666666,120.826661666666,0,8.3114,80.4037,25.64,85.45,2.67,24.74,88.3,2.35
2024,3,Anuradhapura,LK71,1.0,6.12323399573676e-17,1,0,0,0,20.4127659999999,14.2226946666666,242.346113333333,42.655726,8.2510639,155.570218999999,15.3219856666666,40.193541,0,8.3114,80.4037,26.85,76.8,2.13,25.64,85.45,2.67
2024,4,Anuradhapura,LK71,0.866025403784438,-0.499999999999999,1,0,0,0,61.268085,46.914894,76.4595716666666,49.0533666666666,20.4127659999999,8.2510639,14.2226946666666,42.655726,0,8.3114,80.4037,30.44,69.15,1.73,26.85,76.8,2.13
2024,5,Anuradhapura,LK71,0.499999999999999,-0.866025403784438,0,1,0,0,244.187235,184.638296666666,245.775896666666,192.381893333333,61.268085,20.4127659999999,46.914894,49.0533666666666,0,8.3114,80.4037,29.03,79.6,2.79,30.44,69.15,1.73
2024,6,Anuradhapura,LK71,1.22464679914735e-16,-1.0,0,1,0,0,9.23829745,91.9659573333333,323.519133333333,110.88954,244.187235,61.268085,184.638296666666,192.381893333333,0,8.3114,80.4037,28.15,79.34,4.3,29.03,79.6,2.79
2024,7,Anuradhapura,LK71,-0.499999999999999,-0.866025403784438,0,1,0,0,18.7872341,14.7716303333333,291.375896666666,71.6547013333333,9.23829745,244.187235,91.9659573333333,110.88954,0,8.3114,80.4037,28.87,71.94,4.69,28.15,79.34,4.3
2024,8,Anuradhapura,LK71,-0.866025403784438,-0.5,0,1,0,0,79.965956,63.5957469999999,170.333338666666,161.967316666666,18.7872341,9.23829745,14.7716303333333,71.6547013333333,0,8.3114,80.4037,28.12,76.96,3.7,28.87,71.94,4.69
2024,9,Anuradhapura,LK71,-1.0,-1.83697019872102e-16,0,1,0,0,35.2340425999999,43.984398,122.351776666666,40.3684666666666,79.965956,18.7872341,63.5957469999999,161.967316666666,0,8.3114,80.4037,28.89,73.33,4.35,28.12,76.96,3.7
2024,10,Anuradhapura,LK71,-0.866025403784438,0.5,0,0,1,0,263.889363,197.442536666666,305.022696666666,117.675221666666,35.2340425999999,79.965956,43.984398,40.3684666666666,0,8.3114,80.4037,27.12,83.23,2.44,28.89,73.33,4.35
2024,11,Anuradhapura,LK71,-0.5,0.866025403784438,0,0,1,0,448.089364,319.113476666666,560.540416666666,140.416748333333,263.889363,35.2340425999999,197.442536666666,117.675221666666,0,8.3114,80.4037,26.1,89.16,2.4,27.12,83.23,2.44
2024,12,Anuradhapura,LK71,-2.4492935982947e-16,1.0,0,0,0,1,125.2723413,276.316326666666,792.872313333333,53.6302436666666,448.089364,263.889363,319.113476666666,140.416748333333,0,8.3114,80.4037,25.56,89.34,2.19,26.1,89.16,2.4
2017,1,Polonnaruwa,LK72,0.499999999999999,0.866025403784438,0,0,0,1,198.810340699999,110.52873,498.59768,128.987186,322.152710571428,339.360842171428,331.106739285714,94.9280494285714,0,7.9403,81.0188,25.21,78.01,3.1,25.751428571428573,87.29285714285713,2.7471428571428573
2017,2,Polonnaruwa,LK72,0.866025403784438,0.5,0,0,0,1,59.560342,156.856323333333,413.726989999999,96.0901493333333,198.810340699999,322.152710571428,110.52873,128.987186,1,7.9403,81.0188,25.97,72.98,2.78,25.21,78.01,3.1
2017,3,Polonnaruwa,LK72,1.0,6.12323399573676e-17,1,0,0,0,151.8620694,160.666666666666,428.0517,194.057585333333,59.560342,198.810340699999,156.856323333333,96.0901493333333,0,7.9403,81.0188,26.62,81.95,1.92,25.97,72.98,2.78
2017,4,Polonnaruwa,LK72,0.866025403784438,-0.499999999999999,1,0,0,0,32.5517237,46.2614936666666,363.784473333333,40.204425,151.8620694,59.560342,160.666666666666,194.057585333333,0,7.9403,81.0188,28.97,74.45,1.9,26.62,81.95,1.92
2017,5,Polonnaruwa,LK72,0.499999999999999,-0.866025403784438,0,1,0,0,240.068974,141.356326666666,348.284496666666,163.913626666666,32.5517237,151.8620694,46.2614936666666,40.204425,0,7.9403,81.0188,29.11,74.92,3.4,28.97,74.45,1.9
2017,6,Polonnaruwa,LK72,1.22464679914735e-16,-1.0,0,1,0,0,19.12931,120.86207,308.47986,119.182501333333,240.068974,32.5517237,141.356326666666,163.913626666666,0,7.9403,81.0188,28.99,71.55,4.82,29.11,74.92,3.4
2017,7,Polonnaruwa,LK72,-0.499999999999999,-0.866025403784438,0,1,0,0,58.577585,42.9367796666666,305.155156666666,110.03891,19.12931,240.068974,120.86207,119.182501333333,0,7.9403,81.0188,29.31,68.55,4.51,28.99,71.55,4.82
2017,8,Polonnaruwa,LK72,-0.866025403784438,-0.5,0,1,0,0,130.03448,108.942526333333,272.741376666666,176.402283333333,58.577585,19.12931,42.9367796666666,110.03891,0,7.9403,81.0188,28.93,70.85,4.46,29.31,68.55,4.51
2017,9,Polonnaruwa,LK72,-1.0,-1.83697019872102e-16,0,1,0,0,151.551725,169.778733333333,321.65804,127.361899999999,130.03448,58.577585,108.942526333333,176.402283333333,0,7.9403,81.0188,28.32,74.59,3.38,28.93,70.85,4.46
2017,10,Polonnaruwa,LK72,-0.866025403784438,0.5,0,0,1,0,241.74138,155.020116666666,433.741383333333,88.7846413333333,151.551725,130.03448,169.778733333333,127.361899999999,0,7.9403,81.0188,28.18,76.21,2.96,28.32,74.59,3.38
2017,11,Polonnaruwa,LK72,-0.5,0.866025403784438,0,0,1,0,326.46553,324.19253,648.991416666666,95.5700996666666,241.74138,151.551725,155.020116666666,88.7846413333333,0,7.9403,81.0188,26.15,87.68,2.89,28.18,76.21,2.96
2017,12,Polonnaruwa,LK72,-2.4492935982947e-16,1.0,0,0,0,1,128.336204,210.758633333333,689.971283333333,39.6572313333333,326.46553,241.74138,324.19253,95.5700996666666,0,7.9403,81.0188,25.56,84.83,2.48,26.15,87.68,2.89
2018,1,Polonnaruwa,LK72,0.499999999999999,0.866025403784438,0,0,0,1,36.732758,50.1724106666666,585.123526666666,28.5471583333333,128.336204,326.46553,210.758633333333,39.6572313333333,1,7.9403,81.0188,24.66,83.3,2.54,25.56,84.83,2.48
2018,2,Polonnaruwa,LK72,0.866025403784438,0.5,0,0,0,1,72.318964,48.709768,309.640813333333,112.101593333333,36.732758,128.336204,50.1724106666666,28.5471583333333,0,7.9403,81.0188,25.69,80.41,2.85,24.66,83.3,2.54
2018,3,Polonnaruwa,LK72,1.0,6.12323399573676e-17,1,0,0,0,94.336207,106.448276666666,205.330456666666,128.214568,72.318964,36.732758,48.709768,112.101593333333,1,7.9403,81.0188,26.86,80.18,2.27,25.69,80.41,2.85
2018,4,Polonnaruwa,LK72,0.866025403784438,-0.499999999999999,1,0,0,0,86.431035,94.0718416666666,249.229889999999,87.1339966666666,94.336207,72.318964,106.448276666666,128.214568,1,7.9403,81.0188,28.12,79.65,1.99,26.86,80.18,2.27
2018,5,Polonnaruwa,LK72,0.499999999999999,-0.866025403784438,0,1,0,0,469.6207,326.22989,526.749973333333,281.56689,86.431035,94.336207,94.0718416666666,87.1339966666666,0,7.9403,81.0188,27.77,84.0,2.11,28.12,79.65,1.99
2018,6,Polonnaruwa,LK72,1.22464679914735e-16,-1.0,0,1,0,0,14.7499999,175.50575,595.807473333333,102.532346666666,469.6207,86.431035,326.22989,281.56689,0,7.9403,81.0188,27.32,83.5,4.59,27.77,84.0,2.11
2018,7,Polonnaruwa,LK72,-0.499999999999999,-0.866025403784438,0,1,0,0,34.3706909999999,28.3879306666666,530.123583333333,73.8918553333333,14.7499999,469.6207,175.50575,102.532346666666,0,7.9403,81.0188,27.98,74.37,5.17,27.32,83.5,4.59
2018,8,Polonnaruwa,LK72,-0.866025403784438,-0.5,0,1,0,0,86.3362066999999,54.8045996666666,258.698286666666,111.430782,34.3706909999999,14.7499999,28.3879306666666,73.8918553333333,0,7.9403,81.0188,28.33,70.16,5.3,27.98,74.37,5.17
2018,9,Polonnaruwa,LK72,-1.0,-1.83697019872102e-16,0,1,0,0,98.2327557,86.4022983333333,169.594826666666,75.2832876666666,86.3362066999999,34.3706909999999,54.8045996666666,111.430782,0,7.9403,81.0188,29.12,66.69,3.02,28.33,70.16,5.3
2018,10,Polonnaruwa,LK72,-0.866025403784438,0.5,0,0,1,0,310.491373,268.32184,409.528736666666,130.621887333333,98.2327557,86.3362066999999,86.4022983333333,75.2832876666666,1,7.9403,81.0188,26.75,83.31,2.02,29.12,66.69,3.02
2018,11,Polonnaruwa,LK72,-0.5,0.866025403784438,0,0,1,0,296.750007,334.393686666666,689.117773333333,90.781289,310.491373,98.2327557,268.32184,130.621887333333,0,7.9403,81.0188,26.1,86.69,2.4,26.75,83.31,2.02
2018,12,Polonnaruwa,LK72,-2.4492935982947e-16,1.0,0,0,0,1,183.53448,190.249993333333,792.965523333333,55.842282,296.750007,310.491373,334.393686666666,90.781289,1,7.9403,81.0188,25.42,87.33,2.59,26.1,86.69,2.4
2019,1,Polonnaruwa,LK72,0.499999999999999,0.866025403784438,0,0,0,1,26.8189647,68.4827553333333,593.126406666666,22.1154446666666,183.53448,296.750007,190.249993333333,55.842282,0,7.9403,81.0188,24.83,83.11,2.92,25.42,87.33,2.59
2019,2,Polonnaruwa,LK72,0.866025403784438,0.5,0,0,0,1,121.75862,123.77012,382.502853333333,122.47621,26.8189647,183.53448,68.4827553333333,22.1154446666666,0,7.9403,81.0188,26.31,82.91,2.77,24.83,83.11,2.92
2019,3,Polonnaruwa,LK72,1.0,6.12323399573676e-17,1,0,0,0,8.0689655,12.04023,204.293099999999,26.498178,121.75862,26.8189647,123.77012,122.47621,0,7.9403,81.0188,28.16,69.66,2.54,26.31,82.91,2.77
2019,4,Polonnaruwa,LK72,0.866025403784438,-0.499999999999999,1,0,0,0,93.913794,54.4396533333333,190.250003333333,89.0386083333333,8.0689655,121.75862,12.04023,26.498178,0,7.9403,81.0188,29.89,67.45,2.23,28.16,69.66,2.54
2019,5,Polonnaruwa,LK72,0.499999999999999,-0.866025403784438,0,1,0,0,69.853449,78.413795,144.89368,53.6484486666666,93.913794,8.0689655,54.4396533333333,89.0386083333333,1,7.9403,81.0188,31.1,64.68,2.79,29.89,67.45,2.23
2019,6,Polonnaruwa,LK72,1.22464679914735e-16,-1.0,0,1,0,0,30.2413785999999,60.534483,193.387933333333,142.368262,69.853449,93.913794,78.413795,53.6484486666666,0,7.9403,81.0188,30.49,65.31,4.92,31.1,64.68,2.79
2019,7,Polonnaruwa,LK72,-0.499999999999999,-0.866025403784438,0,1,0,0,42.2672403,29.62069,168.568966666666,84.1446466666666,30.2413785999999,69.853449,60.534483,142.368262,0,7.9403,81.0188,30.05,64.34,4.45,30.49,65.31,4.92
2019,8,Polonnaruwa,LK72,-0.866025403784438,-0.5,0,1,0,0,149.060344,121.011493333333,211.166669999999,196.937185333333,42.2672403,30.2413785999999,29.62069,84.1446466666666,0,7.9403,81.0188,28.69,70.01,4.84,30.05,64.34,4.45
2019,9,Polonnaruwa,LK72,-1.0,-1.83697019872102e-16,0,1,0,0,206.594827,164.21264,314.844833333333,170.475698333333,149.060344,42.2672403,121.011493333333,196.937185333333,0,7.9403,81.0188,28.22,74.36,3.13,28.69,70.01,4.84
2019,10,Polonnaruwa,LK72,-0.866025403784438,0.5,0,0,1,0,310.577584,243.41666,528.640826666666,109.05796,206.594827,149.060344,164.21264,170.475698333333,0,7.9403,81.0188,26.68,84.37,1.8,28.22,74.36,3.13
2019,11,Polonnaruwa,LK72,-0.5,0.866025403784438,0,0,1,0,349.474146,299.626443333333,707.255733333333,97.035596,310.577584,206.594827,243.41666,109.05796,0,7.9403,81.0188,26.78,84.61,2.08,26.68,84.37,1.8
2019,12,Polonnaruwa,LK72,-2.4492935982947e-16,1.0,0,0,0,1,466.801749999999,589.296013333333,1132.3391,136.959251333333,349.474146,310.577584,299.626443333333,97.035596,1,7.9403,81.0188,25.92,88.03,2.89,26.78,84.61,2.08
2020,1,Polonnaruwa,LK72,0.499999999999999,0.866025403784438,0,0,0,1,18.0172423,91.4597723333333,980.382233333333,17.8526623333333,466.801749999999,349.474146,589.296013333333,136.959251333333,1,7.9403,81.0188,25.59,83.55,2.78,25.92,88.03,2.89
2020,2,Polonnaruwa,LK72,0.866025403784438,0.5,0,0,0,1,13.577586,16.8591953333333,697.615016666666,32.724601,18.0172423,466.801749999999,91.4597723333333,17.8526623333333,1,7.9403,81.0188,25.69,81.69,3.02,25.59,83.55,2.78
2020,3,Polonnaruwa,LK72,1.0,6.12323399573676e-17,1,0,0,0,14.844828,15.1609199999999,123.479881666666,34.80557,13.577586,18.0172423,16.8591953333333,32.724601,0,7.9403,81.0188,27.52,73.11,2.52,25.69,81.69,3.02
2020,4,Polonnaruwa,LK72,0.866025403784438,-0.499999999999999,1,0,0,0,59.36207,38.933909,70.9540216666666,61.5924776666666,14.844828,13.577586,15.1609199999999,34.80557,0,7.9403,81.0188,29.45,71.68,2.4,27.52,73.11,2.52
2020,5,Polonnaruwa,LK72,0.499999999999999,-0.866025403784438,0,1,0,0,324.431036,272.500003333333,326.594823333333,181.635191333333,59.36207,14.844828,38.933909,61.5924776666666,0,7.9403,81.0188,28.85,79.53,2.88,29.45,71.68,2.4
2020,6,Polonnaruwa,LK72,1.22464679914735e-16,-1.0,0,1,0,0,36.103447,97.3045956666666,408.738506666666,183.230748333333,324.431036,59.36207,272.500003333333,181.635191333333,0,7.9403,81.0188,28.43,76.58,4.22,28.85,79.53,2.88
2020,7,Polonnaruwa,LK72,-0.499999999999999,-0.866025403784438,0,1,0,0,127.732755,86.9023,456.706906666666,208.309473333333,36.103447,324.431036,97.3045956666666,183.230748333333,0,7.9403,81.0188,27.6,78.25,3.33,28.43,76.58,4.22
2020,8,Polonnaruwa,LK72,-0.866025403784438,-0.5,0,1,0,0,53.5344827,88.8017249999999,273.008606666666,82.5453603333333,127.732755,36.103447,86.9023,208.309473333333,0,7.9403,81.0188,28.74,71.86,4.09,27.6,78.25,3.33
2020,9,Polonnaruwa,LK72,-1.0,-1.83697019872102e-16,0,1,0,0,280.439657,220.928163333333,396.632149999999,211.114583333333,53.5344827,127.732755,88.8017249999999,82.5453603333333,0,7.9403,81.0188,27.79,75.92,4.1,28.74,71.86,4.09
2020,10,Polonnaruwa,LK72,-0.866025403784438,0.5,0,0,1,0,120.689662,139.698276666666,449.428143333333,45.2586256666666,280.439657,53.5344827,220.928163333333,211.114583333333,0,7.9403,81.0188,28.45,72.97,3.93,27.79,75.92,4.1
2020,11,Polonnaruwa,LK72,-0.5,0.866025403784438,0,0,1,0,282.08621,277.376436666666,638.00285,86.0940046666666,120.689662,280.439657,139.698276666666,45.2586256666666,0,7.9403,81.0188,26.79,85.51,2.29,28.45,72.97,3.93
2020,12,Polonnaruwa,LK72,-2.4492935982947e-16,1.0,0,0,0,1,479.42242,373.942546666666,791.017286666666,141.826418,282.08621,120.689662,277.376436666666,86.0940046666666,0,7.9403,81.0188,25.71,88.08,2.72,26.79,85.51,2.29
2021,1,Polonnaruwa,LK72,0.499999999999999,0.866025403784438,0,0,0,1,380.982769999999,473.333336666666,1124.65236666666,194.07039,479.42242,282.08621,373.942546666666,141.826418,0,7.9403,81.0188,25.28,88.9,2.61,25.71,88.08,2.72
2021,2,Polonnaruwa,LK72,0.866025403784438,0.5,0,0,0,1,32.672413,107.316096333333,954.591989999999,48.3568383333333,380.982769999999,479.42242,473.333336666666,194.07039,0,7.9403,81.0188,25.35,84.3,2.75,25.28,88.9,2.61
2021,3,Polonnaruwa,LK72,1.0,6.12323399573676e-17,1,0,0,0,56.146552,41.433909,622.083356666666,80.7569196666666,32.672413,380.982769999999,107.316096333333,48.3568383333333,0,7.9403,81.0188,26.44,82.21,2.18,25.35,84.3,2.75
2021,4,Polonnaruwa,LK72,0.866025403784438,-0.499999999999999,1,0,0,0,100.491379999999,81.836208,230.586216666666,95.271347,56.146552,32.672413,41.433909,80.7569196666666,0,7.9403,81.0188,27.97,80.06,1.82,26.44,82.21,2.18
2021,5,Polonnaruwa,LK72,0.499999999999999,-0.866025403784438,0,1,0,0,208.887926,186.258619999999,309.528733333333,125.76779,100.491379999999,56.146552,81.836208,95.271347,1,7.9403,81.0188,27.83,83.88,3.15,27.97,80.06,1.82
2021,6,Polonnaruwa,LK72,1.22464679914735e-16,-1.0,0,1,0,0,32.0948286,88.6379333333333,356.732736666666,148.43828,208.887926,100.491379999999,186.258619999999,125.76779,0,7.9403,81.0188,27.9,80.83,3.92,27.83,83.88,3.15
2021,7,Polonnaruwa,LK72,-0.499999999999999,-0.866025403784438,0,1,0,0,78.3448242,68.3132166666666,343.20975,143.877493333333,32.0948286,208.887926,88.6379333333333,148.43828,0,7.9403,81.0188,27.85,79.21,4.51,27.9,80.83,3.92
2021,8,Polonnaruwa,LK72,-0.866025403784438,-0.5,0,1,0,0,86.1206859999999,63.126432,220.077579999999,113.961126666666,78.3448242,32.0948286,68.3132166666666,143.877493333333,0,7.9403,81.0188,28.03,75.01,4.46,27.85,79.21,4.51
2021,9,Polonnaruwa,LK72,-1.0,-1.83697019872102e-16,0,1,0,0,197.577576,164.942526666666,296.382166666666,148.671423333333,86.1206859999999,78.3448242,63.126432,113.961126666666,0,7.9403,81.0188,28.27,76.02,3.89,28.03,75.01,4.46
2021,10,Polonnaruwa,LK72,-0.866025403784438,0.5,0,0,1,0,301.112058,258.833326666666,486.90229,120.802875333333,197.577576,86.1206859999999,164.942526666666,148.671423333333,0,7.9403,81.0188,27.21,82.42,2.95,28.27,76.02,3.89
2021,11,Polonnaruwa,LK72,-0.5,0.866025403784438,0,0,1,0,466.836215,432.844833333333,856.62071,136.633358333333,301.112058,197.577576,258.833326666666,120.802875333333,0,7.9403,81.0188,25.92,89.76,2.76,27.21,82.42,2.95
2021,12,Polonnaruwa,LK72,-2.4492935982947e-16,1.0,0,0,0,1,116.715516,228.367818333333,920.045999999999,35.6947813333333,466.836215,301.112058,432.844833333333,136.633358333333,0,7.9403,81.0188,25.8,84.95,2.47,25.92,89.76,2.76
2022,1,Polonnaruwa,LK72,0.499999999999999,0.866025403784438,0,0,0,1,32.689656,61.204024,722.416666666666,23.542104,116.715516,466.836215,228.367818333333,35.6947813333333,1,7.9403,81.0188,25.41,85.62,2.7,25.8,84.95,2.47
2022,2,Polonnaruwa,LK72,0.866025403784438,0.5,0,0,0,1,182.948272,133.64081,423.21267,236.631126666666,32.689656,116.715516,61.204024,23.542104,0,7.9403,81.0188,25.4,84.13,2.64,25.41,85.62,2.7
2022,3,Polonnaruwa,LK72,1.0,6.12323399573676e-17,1,0,0,0,98.7327606,140.520116666666,335.364943333333,131.033683333333,182.948272,32.689656,133.64081,236.631126666666,0,7.9403,81.0188,26.84,83.87,2.35,25.4,84.13,2.64
2022,4,Polonnaruwa,LK72,0.866025403784438,-0.499999999999999,1,0,0,0,126.198277,106.999998333333,381.160916666666,121.0285,98.7327606,182.948272,140.520116666666,131.033683333333,0,7.9403,81.0188,27.64,83.56,1.66,26.84,83.87,2.35
2022,5,Polonnaruwa,LK72,0.499999999999999,-0.866025403784438,0,1,0,0,78.249999,89.4166666666666,336.93679,54.922505,126.198277,98.7327606,106.999998333333,121.0285,0,7.9403,81.0188,27.73,85.23,4.02,27.64,83.56,1.66
2022,6,Polonnaruwa,LK72,1.22464679914735e-16,-1.0,0,1,0,0,16.3965518,33.9568973333333,230.373566666666,115.773655,78.249999,126.198277,89.4166666666666,54.922505,0,7.9403,81.0188,27.64,80.67,3.95,27.73,85.23,4.02
2022,7,Polonnaruwa,LK72,-0.499999999999999,-0.866025403784438,0,1,0,0,105.551723,44.7614966666666,168.13505,170.346195666666,16.3965518,78.249999,33.9568973333333,115.773655,0,7.9403,81.0188,28.02,75.31,4.16,27.64,80.67,3.95
2022,8,Polonnaruwa,LK72,-0.866025403784438,-0.5,0,1,0,0,174.637936,154.33621,233.054596666666,217.508024333333,105.551723,16.3965518,44.7614966666666,170.346195666666,0,7.9403,81.0188,27.86,75.51,4.49,28.02,75.31,4.16
2022,9,Polonnaruwa,LK72,-1.0,-1.83697019872102e-16,0,1,0,0,81.4051724,153.560351333333,352.65803,68.9712506666666,174.637936,105.551723,154.33621,217.508024333333,0,7.9403,81.0188,27.78,76.67,3.93,27.86,75.51,4.49
2022,10,Polonnaruwa,LK72,-0.866025403784438,0.5,0,0,1,0,229.53448,157.183906666666,465.08045,89.840582,81.4051724,174.637936,153.560351333333,68.9712506666666,0,7.9403,81.0188,27.13,80.15,2.98,27.78,76.67,3.93
2022,11,Polonnaruwa,LK72,-0.5,0.866025403784438,0,0,1,0,277.1724022,343.6178,654.362043333333,87.1262046666666,229.53448,81.4051724,157.183906666666,89.840582,0,7.9403,81.0188,25.7,86.21,2.23,27.13,80.15,2.98
2022,12,Polonnaruwa,LK72,-2.4492935982947e-16,1.0,0,0,0,1,468.40516,328.41953,829.22123,136.217813333333,277.1724022,229.53448,343.6178,87.1262046666666,0,7.9403,81.0188,25.34,87.72,3.15,25.7,86.21,2.23
2023,1,Polonnaruwa,LK72,0.499999999999999,0.866025403784438,0,0,0,1,181.974127,237.764369999999,909.801676666666,114.672291333333,468.40516,277.1724022,328.41953,136.217813333333,0,7.9403,81.0188,24.53,85.17,3.11,25.34,87.72,3.15
2023,2,Polonnaruwa,LK72,0.866025403784438,0.5,0,0,0,1,137.965519,212.732753333333,778.916653333333,154.308949333333,181.974127,468.40516,237.764369999999,114.672291333333,0,7.9403,81.0188,25.04,84.55,2.88,24.53,85.17,3.11
2023,3,Polonnaruwa,LK72,1.0,6.12323399573676e-17,1,0,0,0,87.801722,86.6724133333333,537.169496666666,121.483096666666,137.965519,181.974127,212.732753333333,154.308949333333,0,7.9403,81.0188,26.65,83.8,2.26,25.04,84.55,2.88
2023,4,Polonnaruwa,LK72,0.866025403784438,-0.499999999999999,1,0,0,0,85.551722,70.0603453333333,369.465523333333,81.9818443333333,87.801722,137.965519,86.6724133333333,121.483096666666,0,7.9403,81.0188,28.01,80.8,1.74,26.65,83.8,2.26
2023,5,Polonnaruwa,LK72,0.499999999999999,-0.866025403784438,0,1,0,0,577.93105,525.080433333333,681.813213333333,326.928503333333,85.551722,87.801722,70.0603453333333,81.9818443333333,0,7.9403,81.0188,27.83,84.58,2.81,28.01,80.8,1.74
2023,6,Polonnaruwa,LK72,1.22464679914735e-16,-1.0,0,1,0,0,29.370689,115.54023,710.681063333333,167.783186666666,577.93105,85.551722,525.080433333333,326.928503333333,1,7.9403,81.0188,28.54,77.88,4.26,27.83,84.58,2.81
2023,7,Polonnaruwa,LK72,-0.499999999999999,-0.866025403784438,0,1,0,0,35.8448283,40.5258626666666,681.146546666666,78.75527,29.370689,577.93105,115.54023,167.783186666666,0,7.9403,81.0188,29.2,69.64,5.01,28.54,77.88,4.26
2023,8,Polonnaruwa,LK72,-0.866025403784438,-0.5,0,1,0,0,27.4655181999999,20.2758623333333,176.341956666666,48.1603103333333,35.8448283,29.370689,40.5258626666666,78.75527,0,7.9403,81.0188,30.34,64.26,3.8,29.2,69.64,5.01
2023,9,Polonnaruwa,LK72,-1.0,-1.83697019872102e-16,0,1,0,0,163.991388,111.32472,172.12644,122.315186666666,27.4655181999999,35.8448283,20.2758623333333,48.1603103333333,0,7.9403,81.0188,28.69,73.19,3.93,30.34,64.26,3.8
2023,10,Polonnaruwa,LK72,-0.866025403784438,0.5,0,0,1,0,322.577582,279.63505,411.235643333333,127.266766666666,163.991388,27.4655181999999,111.32472,122.315186666666,0,7.9403,81.0188,27.27,82.83,2.03,28.69,73.19,3.93
2023,11,Polonnaruwa,LK72,-0.5,0.866025403784438,0,0,1,0,376.741385,378.839083333333,769.798853333333,112.94766,322.577582,163.991388,279.63505,127.266766666666,0,7.9403,81.0188,26.74,87.1,1.75,27.27,82.83,2.03
2023,12,Polonnaruwa,LK72,-2.4492935982947e-16,1.0,0,0,0,1,411.853444,396.71264,1055.18674666666,118.298568666666,376.741385,322.577582,378.839083333333,112.94766,0,7.9403,81.0188,26.51,90.11,2.93,26.74,87.1,1.75
2024,1,Polonnaruwa,LK72,0.499999999999999,0.866025403784438,0,0,0,1,273.931027999999,388.755763333333,1164.3074,127.042988999999,411.853444,376.741385,396.71264,118.298568666666,0,7.9403,81.0188,25.68,86.57,2.72,26.51,90.11,2.93
2024,2,Polonnaruwa,LK72,0.866025403784438,0.5,0,0,0,1,19.681035,18.7873556666666,804.255683333333,41.5739503333333,273.931027999999,411.853444,388.755763333333,127.042988999999,0,7.9403,81.0188,26.39,84.66,3.08,25.68,86.57,2.72
2024,3,Polonnaruwa,LK72,1.0,6.12323399573676e-17,1,0,0,0,23.836207,21.221265,428.764356666666,44.0891113333333,19.681035,273.931027999999,18.7873556666666,41.5739503333333,0,7.9403,81.0188,27.08,79.76,2.32,26.39,84.66,3.08
2024,4,Polonnaruwa,LK72,0.866025403784438,-0.499999999999999,1,0,0,0,43.965517,39.5545966666666,79.56322,49.0113183333333,23.836207,19.681035,21.221265,44.0891113333333,0,7.9403,81.0188,30.02,73.15,2.14,27.08,79.76,2.32
2024,5,Polonnaruwa,LK72,0.499999999999999,-0.866025403784438,0,1,0,0,289.137925,205.686788333333,266.462656666666,166.284213333333,43.965517,23.836207,39.5545966666666,49.0113183333333,0,7.9403,81.0188,29.29,79.78,2.93,30.02,73.15,2.14
2024,6,Polonnaruwa,LK72,1.22464679914735e-16,-1.0,0,1,0,0,20.3620677,118.112065999999,363.353446666666,111.170056666666,289.137925,43.965517,205.686788333333,166.284213333333,0,7.9403,81.0188,28.63,78.88,4.0,29.29,79.78,2.93
2024,7,Polonnaruwa,LK72,-0.499999999999999,-0.866025403784438,0,1,0,0,20.6637935999999,15.9137936666666,339.712646666666,53.4917413333333,20.3620677,289.137925,118.112065999999,111.170056666666,0,7.9403,81.0188,29.3,70.39,5.18,28.63,78.88,4.0
2024,8,Polonnaruwa,LK72,-0.866025403784438,-0.5,0,1,0,0,102.284481,77.4310326666666,211.456883333333,142.598456666666,20.6637935999999,20.3620677,15.9137936666666,53.4917413333333,0,7.9403,81.0188,28.64,75.75,3.47,29.3,70.39,5.18
2024,9,Polonnaruwa,LK72,-1.0,-1.83697019872102e-16,0,1,0,0,44.5862067,57.942527,151.287363333333,40.094616,102.284481,20.6637935999999,77.4310326666666,142.598456666666,0,7.9403,81.0188,29.15,73.22,4.58,28.64,75.75,3.47
2024,10,Polonnaruwa,LK72,-0.866025403784438,0.5,0,0,1,0,316.568955,236.606316666666,371.97989,131.481572,44.5862067,102.284481,57.942527,40.094616,0,7.9403,81.0188,27.72,81.9,2.35,29.15,73.22,4.58
2024,11,Polonnaruwa,LK72,-0.5,0.866025403784438,0,0,1,0,472.879307,350.396546666666,644.945416666666,133.451168333333,316.568955,44.5862067,236.606316666666,131.481572,0,7.9403,81.0188,26.74,87.4,2.92,27.72,81.9,2.35
2024,12,Polonnaruwa,LK72,-2.4492935982947e-16,1.0,0,0,0,1,191.931029,324.249986666666,911.252886666666,57.5578386666666,472.879307,316.568955,350.396546666666,133.451168333333,0,7.9403,81.0188,26.18,88.17,2.38,26.74,87.4,2.92
2017,1,Badulla,LK81,0.499999999999999,0.866025403784438,0,0,0,1,225.0425563,112.882982,515.014203333333,117.100116666666,285.136774714285,354.094224714285,315.400708571428,98.1908547142857,0,6.9934,81.055,22.58,82.87,2.19,23.262857142857143,91.16857142857143,1.9142857142857144
2017,2,Badulla,LK81,0.866025403784438,0.5,0,0,0,1,96.351064,190.822696666666,447.421963333333,98.8061166666666,225.0425563,285.136774714285,112.882982,117.100116666666,0,6.9934,81.055,23.59,78.83,1.98,22.58,82.87,2.19
2017,3,Badulla,LK81,1.0,6.12323399573676e-17,1,0,0,0,223.542549,225.78723,529.492886666666,191.002682666666,96.351064,225.0425563,190.822696666666,98.8061166666666,0,6.9934,81.055,24.34,84.64,1.31,23.59,78.83,1.98
2017,4,Badulla,LK81,0.866025403784438,-0.499999999999999,1,0,0,0,74.500001,99.982275,516.592253333333,47.609966,223.542549,96.351064,225.78723,191.002682666666,0,6.9934,81.055,26.48,76.44,1.24,24.34,84.64,1.31
2017,5,Badulla,LK81,0.499999999999999,-0.866025403784438,0,1,0,0,229.648936,147.897158666666,473.666643333333,149.798416666666,74.500001,223.542549,99.982275,47.609966,0,6.9934,81.055,26.38,78.44,2.19,26.48,76.44,1.24
2017,6,Badulla,LK81,1.22464679914735e-16,-1.0,0,1,0,0,115.829789,178.546103333333,426.425533333333,127.193163333333,229.648936,74.500001,147.897158666666,149.798416666666,0,6.9934,81.055,25.64,78.69,3.11,26.38,78.44,2.19
2017,7,Badulla,LK81,-0.499999999999999,-0.866025403784438,0,1,0,0,71.893618,82.8829786666666,409.326216666666,90.0667566666666,115.829789,229.648936,178.546103333333,127.193163333333,0,6.9934,81.055,26.39,72.51,2.92,25.64,78.69,3.11
2017,8,Badulla,LK81,-0.866025403784438,-0.5,0,1,0,0,125.010639,121.102835,382.531919999999,143.725553333333,71.893618,115.829789,82.8829786666666,90.0667566666666,0,6.9934,81.055,26.27,74.13,2.96,26.39,72.51,2.92
2017,9,Badulla,LK81,-1.0,-1.83697019872102e-16,0,1,0,0,154.734045,157.379429999999,361.365246666666,105.25803,125.010639,71.893618,121.102835,143.725553333333,1,6.9934,81.055,25.46,79.17,2.51,26.27,74.13,2.96
2017,10,Badulla,LK81,-0.866025403784438,0.5,0,0,1,0,251.382989,167.542553333333,446.024816666666,92.9242183333333,154.734045,125.010639,157.379429999999,105.25803,0,6.9934,81.055,25.29,82.68,1.94,25.46,79.17,2.51
2017,11,Badulla,LK81,-0.5,0.866025403784438,0,0,1,0,435.010638,383.875873333333,708.797853333333,123.656528666666,251.382989,154.734045,167.542553333333,92.9242183333333,1,6.9934,81.055,23.9,89.01,1.84,25.29,82.68,1.94
2017,12,Badulla,LK81,-2.4492935982947e-16,1.0,0,0,0,1,181.563828,288.819153333333,840.237596666666,63.2767956666666,435.010638,251.382989,383.875873333333,123.656528666666,1,6.9934,81.055,23.19,89.93,1.79,23.9,89.01,1.84
2018,1,Badulla,LK81,0.499999999999999,0.866025403784438,0,0,0,1,73.074467,87.9042546666666,760.59924,42.0390733333333,181.563828,435.010638,288.819153333333,63.2767956666666,1,6.9934,81.055,22.03,88.58,1.77,23.19,89.93,1.79
2018,2,Badulla,LK81,0.866025403784438,0.5,0,0,0,1,80.170215,84.9858133333333,461.709213333333,81.95689,73.074467,181.563828,87.9042546666666,42.0390733333333,1,6.9934,81.055,22.83,88.6,1.93,22.03,88.58,1.77
2018,3,Badulla,LK81,1.0,6.12323399573676e-17,1,0,0,0,155.691493999999,142.556743333333,315.446806666666,129.8374,80.170215,73.074467,84.9858133333333,81.95689,0,6.9934,81.055,24.14,85.65,1.47,22.83,88.6,1.93
2018,4,Badulla,LK81,0.866025403784438,-0.499999999999999,1,0,0,0,173.627663999999,174.414896666666,401.957456666666,101.135229999999,155.691493999999,80.170215,142.556743333333,129.8374,0,6.9934,81.055,25.2,85.21,1.19,24.14,85.65,1.47
2018,5,Badulla,LK81,0.499999999999999,-0.866025403784438,0,1,0,0,321.03192,259.978726666666,576.950366666666,200.67666,173.627663999999,155.691493999999,174.414896666666,101.135229999999,0,6.9934,81.055,25.23,87.68,1.7,25.2,85.21,1.19
2018,6,Badulla,LK81,1.22464679914735e-16,-1.0,0,1,0,0,93.404254,178.18795,612.581546666666,103.843238,321.03192,173.627663999999,259.978726666666,200.67666,0,6.9934,81.055,24.55,86.65,3.09,25.23,87.68,1.7
2018,7,Badulla,LK81,-0.499999999999999,-0.866025403784438,0,1,0,0,74.0,76.060285,514.226953333333,91.641885,93.404254,321.03192,178.18795,103.843238,0,6.9934,81.055,24.51,81.45,3.33,24.55,86.65,3.09
2018,8,Badulla,LK81,-0.866025403784438,-0.5,0,1,0,0,134.234039,100.358153333333,354.606393333333,137.782756666666,74.0,93.404254,76.060285,91.641885,0,6.9934,81.055,24.93,77.18,3.46,24.51,81.45,3.33
2018,9,Badulla,LK81,-1.0,-1.83697019872102e-16,0,1,0,0,125.787232499999,119.71631,296.134753333333,78.4171453333333,134.234039,74.0,100.358153333333,137.782756666666,0,6.9934,81.055,25.91,74.85,2.21,24.93,77.18,3.46
2018,10,Badulla,LK81,-0.866025403784438,0.5,0,0,1,0,380.765955,316.645396666666,536.71986,150.96303,125.787232499999,134.234039,119.71631,78.4171453333333,0,6.9934,81.055,24.35,86.46,1.46,25.91,74.85,2.21
2018,11,Badulla,LK81,-0.5,0.866025403784438,0,0,1,0,285.872337,344.82624,781.187906666666,83.5792159999999,380.765955,125.787232499999,316.645396666666,150.96303,0,6.9934,81.055,23.81,88.73,1.5,24.35,86.46,1.46
2018,12,Badulla,LK81,-2.4492935982947e-16,1.0,0,0,0,1,188.6383,203.89007,865.361733333333,66.7367613333333,285.872337,380.765955,344.82624,83.5792159999999,0,6.9934,81.055,22.94,89.59,1.82,23.81,88.73,1.5
2019,1,Badulla,LK81,0.499999999999999,0.866025403784438,0,0,0,1,66.8404284,96.07447,644.7908,37.1494036666666,188.6383,285.872337,203.89007,66.7367613333333,0,6.9934,81.055,22.45,87.89,2.25,22.94,89.59,1.82
2019,2,Badulla,LK81,0.866025403784438,0.5,0,0,0,1,176.404261,164.648946666666,464.613466666666,147.424943333333,66.8404284,188.6383,96.07447,37.1494036666666,0,6.9934,81.055,24.04,86.91,1.94,22.45,87.89,2.25
2019,3,Badulla,LK81,1.0,6.12323399573676e-17,1,0,0,0,26.223405,52.0673776666666,312.790793333333,30.7093026666666,176.404261,66.8404284,164.648946666666,147.424943333333,0,6.9934,81.055,25.52,74.43,1.6,24.04,86.91,1.94
2019,4,Badulla,LK81,0.866025403784438,-0.499999999999999,1,0,0,0,163.351065,101.741133333333,318.457456666666,94.5446333333333,26.223405,176.404261,52.0673776666666,30.7093026666666,0,6.9934,81.055,27.63,68.6,1.44,25.52,74.43,1.6
2019,5,Badulla,LK81,0.499999999999999,-0.866025403784438,0,1,0,0,90.553188,124.429076666666,278.237576666666,64.2940966666666,163.351065,26.223405,101.741133333333,94.5446333333333,0,6.9934,81.055,28.1,70.42,2.47,27.63,68.6,1.44
2019,6,Badulla,LK81,1.22464679914735e-16,-1.0,0,1,0,0,106.51064,114.372336666666,340.542533333333,116.572089666666,90.553188,163.351065,124.429076666666,64.2940966666666,0,6.9934,81.055,27.37,70.45,3.51,28.1,70.42,2.47
2019,7,Badulla,LK81,-0.499999999999999,-0.866025403784438,0,1,0,0,100.659572,98.010642,336.812053333333,118.212565,106.51064,90.553188,114.372336666666,116.572089666666,0,6.9934,81.055,26.84,70.54,3.12,27.37,70.45,3.51
2019,8,Badulla,LK81,-0.866025403784438,-0.5,0,1,0,0,170.053189,154.351063333333,366.734033333333,186.969659999999,100.659572,106.51064,98.010642,118.212565,0,6.9934,81.055,25.78,74.87,3.56,26.84,70.54,3.12
2019,9,Badulla,LK81,-1.0,-1.83697019872102e-16,0,1,0,0,249.52128,190.812056666666,443.173723333333,154.418673333333,170.053189,100.659572,154.351063333333,186.969659999999,0,6.9934,81.055,24.93,82.84,2.34,25.78,74.87,3.56
2019,10,Badulla,LK81,-0.866025403784438,0.5,0,0,1,0,407.25532,338.407793333333,683.570933333333,148.737926666666,249.52128,170.053189,190.812056666666,154.418673333333,0,6.9934,81.055,24.27,88.33,1.24,24.93,82.84,2.34
2019,11,Badulla,LK81,-0.5,0.866025403784438,0,0,1,0,364.29786,366.24466,895.46457,103.843305666666,407.25532,249.52128,338.407793333333,148.737926666666,0,6.9934,81.055,24.23,89.7,1.42,24.27,88.33,1.24
2019,12,Badulla,LK81,-2.4492935982947e-16,1.0,0,0,0,1,378.489348,471.053169999999,1175.70563333333,127.474764999999,364.29786,407.25532,366.24466,103.843305666666,1,6.9934,81.055,23.29,93.0,1.89,24.23,89.7,1.42
2020,1,Badulla,LK81,0.499999999999999,0.866025403784438,0,0,0,1,63.393616,117.556738666666,954.85462,36.1770643333333,378.489348,364.29786,471.053169999999,127.474764999999,1,6.9934,81.055,22.82,89.56,2.04,23.29,93.0,1.89
2020,2,Badulla,LK81,0.866025403784438,0.5,0,0,0,1,21.3936167,40.975176,629.585136666666,30.0951266666666,63.393616,378.489348,117.556738666666,36.1770643333333,0,6.9934,81.055,23.05,87.84,2.18,22.82,89.56,2.04
2020,3,Badulla,LK81,1.0,6.12323399573676e-17,1,0,0,0,36.61702,34.9645376666666,193.49645,40.1010586666666,21.3936167,63.393616,40.975176,30.0951266666666,0,6.9934,81.055,24.83,79.11,1.52,23.05,87.84,2.18
2020,4,Badulla,LK81,0.866025403784438,-0.499999999999999,1,0,0,0,108.521277,68.9999973333333,144.939723333333,65.3879206666666,36.61702,21.3936167,34.9645376666666,40.1010586666666,0,6.9934,81.055,26.68,76.96,1.43,24.83,79.11,1.52
2020,5,Badulla,LK81,0.499999999999999,-0.866025403784438,0,1,0,0,304.94682,258.372356666666,362.336886666666,189.309716666666,108.521277,36.61702,68.9999973333333,65.3879206666666,0,6.9934,81.055,26.43,81.21,2.12,26.68,76.96,1.43
2020,6,Badulla,LK81,1.22464679914735e-16,-1.0,0,1,0,0,102.808511,152.19149,479.56383,117.592075333333,304.94682,108.521277,258.372356666666,189.309716666666,0,6.9934,81.055,25.91,78.06,2.89,26.43,81.21,2.12
2020,7,Badulla,LK81,-0.499999999999999,-0.866025403784438,0,1,0,0,137.425528,133.120566666666,543.684416666666,156.026736666666,102.808511,304.94682,152.19149,117.592075333333,0,6.9934,81.055,24.91,82.82,2.36,25.91,78.06,2.89
2020,8,Badulla,LK81,-0.866025403784438,-0.5,0,1,0,0,80.329788,101.847518666666,387.159583333333,94.2435116666666,137.425528,102.808511,133.120566666666,156.026736666666,0,6.9934,81.055,25.63,77.6,2.75,24.91,82.82,2.36
2020,9,Badulla,LK81,-1.0,-1.83697019872102e-16,0,1,0,0,251.17021,194.283693333333,429.25178,157.480893333333,80.329788,137.425528,101.847518666666,94.2435116666666,0,6.9934,81.055,24.85,80.87,2.84,25.63,77.6,2.75
2020,10,Badulla,LK81,-0.866025403784438,0.5,0,0,1,0,144.829786,169.666669999999,465.797886666666,57.3072386666666,251.17021,80.329788,194.283693333333,157.480893333333,0,6.9934,81.055,25.55,77.38,2.54,24.85,80.87,2.84
2020,11,Badulla,LK81,-0.5,0.866025403784438,0,0,1,0,264.744676,254.567363333333,618.517746666666,77.991628,144.829786,251.17021,169.666669999999,57.3072386666666,0,6.9934,81.055,24.32,88.46,1.43,25.55,77.38,2.54
2020,12,Badulla,LK81,-2.4492935982947e-16,1.0,0,0,0,1,315.07446,296.93262,721.166633333333,108.687926666666,264.744676,144.829786,254.567363333333,77.991628,0,6.9934,81.055,23.44,90.74,1.91,24.32,88.46,1.43
2021,1,Badulla,LK81,0.499999999999999,0.866025403784438,0,0,0,1,333.84043,355.620573333333,907.120566666666,151.85145,315.07446,264.744676,296.93262,108.687926666666,1,6.9934,81.055,22.83,92.37,1.78,23.44,90.74,1.91
2021,2,Badulla,LK81,0.866025403784438,0.5,0,0,0,1,94.968089,137.904258,790.457453333333,86.809768,333.84043,315.07446,355.620573333333,151.85145,1,6.9934,81.055,23.16,89.14,2.05,22.83,92.37,1.78
2021,3,Badulla,LK81,1.0,6.12323399573676e-17,1,0,0,0,153.787234,122.556736666666,616.081576666666,125.905990666666,94.968089,333.84043,137.904258,86.809768,1,6.9934,81.055,23.54,87.22,1.4,23.16,89.14,2.05
2021,4,Badulla,LK81,0.866025403784438,-0.499999999999999,1,0,0,0,128.117022,133.39362,393.854613333333,75.3743186666666,153.787234,94.968089,122.556736666666,125.905990666666,0,6.9934,81.055,25.45,83.92,1.14,23.54,87.22,1.4
2021,5,Badulla,LK81,0.499999999999999,-0.866025403784438,0,1,0,0,270.05319,227.329793333333,483.280123333333,170.141139999999,128.117022,153.787234,133.39362,75.3743186666666,0,6.9934,81.055,25.4,86.41,2.17,25.45,83.92,1.14
2021,6,Badulla,LK81,1.22464679914735e-16,-1.0,0,1,0,0,103.595743,176.088653333333,536.812086666666,111.454676666666,270.05319,128.117022,227.329793333333,170.141139999999,0,6.9934,81.055,24.88,85.78,2.47,25.4,86.41,2.17
2021,7,Badulla,LK81,-0.499999999999999,-0.866025403784438,0,1,0,0,149.361707,134.797878666666,538.216343333333,173.002673333333,103.595743,270.05319,176.088653333333,111.454676666666,0,6.9934,81.055,24.82,84.82,2.94,24.88,85.78,2.47
2021,8,Badulla,LK81,-0.866025403784438,-0.5,0,1,0,0,144.478726,120.404253333333,431.290793333333,150.999643333333,149.361707,103.595743,134.797878666666,173.002673333333,0,6.9934,81.055,24.65,83.2,2.84,24.82,84.82,2.94
2021,9,Badulla,LK81,-1.0,-1.83697019872102e-16,0,1,0,0,228.27659,206.159566666666,461.361713333333,142.683326666666,144.478726,149.361707,120.404253333333,150.999643333333,0,6.9934,81.055,25.04,84.56,2.52,24.65,83.2,2.84
2021,10,Badulla,LK81,-0.866025403784438,0.5,0,0,1,0,316.82978,282.03546,608.599283333333,124.608853333333,228.27659,144.478726,206.159566666666,142.683326666666,0,6.9934,81.055,24.6,86.81,2.04,25.04,84.56,2.52
2021,11,Badulla,LK81,-0.5,0.866025403784438,0,0,1,0,452.28725,417.354613333333,905.549636666666,129.013473333333,316.82978,228.27659,282.03546,124.608853333333,0,6.9934,81.055,23.9,89.33,1.75,24.6,86.81,2.04
2021,12,Badulla,LK81,-2.4492935982947e-16,1.0,0,0,0,1,146.914890999999,262.783693333333,962.173736666666,51.874271,452.28725,316.82978,417.354613333333,129.013473333333,0,6.9934,81.055,23.12,90.98,1.79,23.9,89.33,1.75
2022,1,Badulla,LK81,0.499999999999999,0.866025403784438,0,0,0,1,75.361701,95.1312013333333,775.26946,39.5606466666666,146.914890999999,452.28725,262.783693333333,51.874271,0,6.9934,81.055,23.03,89.3,1.9,23.12,90.98,1.79
2022,2,Badulla,LK81,0.866025403784438,0.5,0,0,0,1,137.670215999999,114.297876666666,472.212766666666,124.30197,75.361701,146.914890999999,95.1312013333333,39.5606466666666,1,6.9934,81.055,22.75,89.11,1.83,23.03,89.3,1.9
2022,3,Badulla,LK81,1.0,6.12323399573676e-17,1,0,0,0,126.670208,130.943263333333,340.372346666666,110.055076333333,137.670215999999,75.361701,114.297876666666,124.30197,0,6.9934,81.055,24.46,86.91,1.57,22.75,89.11,1.83
2022,4,Badulla,LK81,0.866025403784438,-0.499999999999999,1,0,0,0,224.031912,200.663123333333,445.904263333333,128.773976666666,126.670208,137.670215999999,130.943263333333,110.055076333333,0,6.9934,81.055,25.53,85.68,1.13,24.46,86.91,1.57
2022,5,Badulla,LK81,0.499999999999999,-0.866025403784438,0,1,0,0,122.191488,133.19149,464.797896666666,82.7172363333333,224.031912,126.670208,200.663123333333,128.773976666666,1,6.9934,81.055,25.37,86.76,2.9,25.53,85.68,1.13
2022,6,Badulla,LK81,1.22464679914735e-16,-1.0,0,1,0,0,95.117022,108.319146666666,442.173783333333,107.742633333333,122.191488,224.031912,133.19149,82.7172363333333,1,6.9934,81.055,24.65,86.83,2.52,25.37,86.76,2.9
2022,7,Badulla,LK81,-0.499999999999999,-0.866025403784438,0,1,0,0,142.585105,98.159575,339.67024,159.78231,95.117022,122.191488,108.319146666666,107.742633333333,0,6.9934,81.055,24.69,83.31,2.61,24.65,86.83,2.52
2022,8,Badulla,LK81,-0.866025403784438,-0.5,0,1,0,0,218.861698,204.946806666666,411.425523333333,224.385783333333,142.585105,95.117022,98.159575,159.78231,0,6.9934,81.055,24.53,83.44,3.05,24.69,83.31,2.61
2022,9,Badulla,LK81,-1.0,-1.83697019872102e-16,0,1,0,0,124.382984,192.5993,495.705683333333,84.9496516666666,218.861698,142.585105,204.946806666666,224.385783333333,0,6.9934,81.055,24.75,83.52,2.52,24.53,83.44,3.05
2022,10,Badulla,LK81,-0.866025403784438,0.5,0,0,1,0,315.71276,211.102836666666,608.648966666666,117.026086333333,124.382984,218.861698,192.5993,84.9496516666666,0,6.9934,81.055,24.46,84.61,1.93,24.75,83.52,2.52
2022,11,Badulla,LK81,-0.5,0.866025403784438,0,0,1,0,281.659582,359.056753333333,762.75885,83.1010313333333,315.71276,124.382984,211.102836666666,117.026086333333,0,6.9934,81.055,23.44,88.88,1.41,24.46,84.61,1.93
2022,12,Badulla,LK81,-2.4492935982947e-16,1.0,0,0,0,1,348.595745999999,268.078023333333,838.237553333333,120.954973333333,281.659582,315.71276,359.056753333333,83.1010313333333,1,6.9934,81.055,22.73,90.76,2.2,23.44,88.88,1.41
2023,1,Badulla,LK81,0.499999999999999,0.866025403784438,0,0,0,1,135.957453999999,201.421983333333,828.556723333333,70.8617313333333,348.595745999999,281.659582,268.078023333333,120.954973333333,0,6.9934,81.055,21.82,90.93,2.34,22.73,90.76,2.2
2023,2,Badulla,LK81,0.866025403784438,0.5,0,0,0,1,133.74468,167.971626666666,637.471616666666,116.211028333333,135.957453999999,348.595745999999,201.421983333333,70.8617313333333,0,6.9934,81.055,22.47,90.22,2.28,21.82,90.93,2.34
2023,3,Badulla,LK81,1.0,6.12323399573676e-17,1,0,0,0,184.404257,160.808513333333,530.20208,153.223345333333,133.74468,135.957453999999,167.971626666666,116.211028333333,0,6.9934,81.055,24.2,87.61,1.54,22.47,90.22,2.28
2023,4,Badulla,LK81,0.866025403784438,-0.499999999999999,1,0,0,0,149.308512,135.085106666666,463.86523,88.06842,184.404257,133.74468,160.808513333333,153.223345333333,0,6.9934,81.055,25.47,83.9,1.19,24.2,87.61,1.54
2023,5,Badulla,LK81,0.499999999999999,-0.866025403784438,0,1,0,0,342.957448,338.588653333333,634.482266666666,203.742048333333,149.308512,184.404257,135.085106666666,88.06842,0,6.9934,81.055,25.65,85.33,1.99,25.47,83.9,1.19
2023,6,Badulla,LK81,1.22464679914735e-16,-1.0,0,1,0,0,233.234042,210.723409999999,684.397166666666,246.462596666666,342.957448,149.308512,338.588653333333,203.742048333333,0,6.9934,81.055,25.43,85.09,2.81,25.65,85.33,1.99
2023,7,Badulla,LK81,-0.499999999999999,-0.866025403784438,0,1,0,0,88.776597,164.358152,713.6702,109.627454,233.234042,342.957448,210.723409999999,246.462596666666,0,6.9934,81.055,25.2,81.59,3.13,25.43,85.09,2.81
2023,8,Badulla,LK81,-0.866025403784438,-0.5,0,1,0,0,96.829789,74.0106383333333,449.092193333333,104.962808,88.776597,233.234042,164.358152,109.627454,0,6.9934,81.055,26.2,77.54,2.87,25.2,81.59,3.13
2023,9,Badulla,LK81,-1.0,-1.83697019872102e-16,0,1,0,0,186.085101,161.031916666666,399.400716666666,118.662942,96.829789,88.776597,74.0106383333333,104.962808,0,6.9934,81.055,24.93,85.26,2.86,26.2,77.54,2.87
2023,10,Badulla,LK81,-0.866025403784438,0.5,0,0,1,0,418.90425,364.148936666666,599.19145,167.959481666666,186.085101,96.829789,161.031916666666,118.662942,0,6.9934,81.055,24.57,89.39,1.5,24.93,85.26,2.86
2023,11,Badulla,LK81,-0.5,0.866025403784438,0,0,1,0,394.78723,408.195036666666,933.375836666666,114.218936666666,418.90425,186.085101,364.148936666666,167.959481666666,0,6.9934,81.055,24.38,90.47,1.2,24.57,89.39,1.5
2023,12,Badulla,LK81,-2.4492935982947e-16,1.0,0,0,0,1,436.680849999999,416.24823,1188.59216666666,148.330489999999,394.78723,418.90425,408.195036666666,114.218936666666,0,6.9934,81.055,24.13,93.18,2.0,24.38,90.47,1.2
2024,1,Badulla,LK81,0.499999999999999,0.866025403784438,0,0,0,1,380.98938,476.996473333333,1301.43973333333,167.087743,436.680849999999,394.78723,416.24823,148.330489999999,0,6.9934,81.055,23.17,91.55,1.94,24.13,93.18,2.0
2024,2,Badulla,LK81,0.866025403784438,0.5,0,0,0,1,35.404255,57.2659596666666,950.510653333333,41.6648716666666,380.98938,436.680849999999,476.996473333333,167.087743,0,6.9934,81.055,24.0,89.52,2.23,23.17,91.55,1.94
2024,3,Badulla,LK81,1.0,6.12323399573676e-17,1,0,0,0,46.1382992,36.5602836666666,570.822706666666,43.6853413333333,35.404255,380.98938,57.2659596666666,41.6648716666666,0,6.9934,81.055,24.56,84.55,1.58,24.0,89.52,2.23
2024,4,Badulla,LK81,0.866025403784438,-0.499999999999999,1,0,0,0,120.361701,99.4503526666666,193.276596666666,71.6881966666666,46.1382992,35.404255,36.5602836666666,43.6853413333333,0,6.9934,81.055,27.33,78.16,1.29,24.56,84.55,1.58
2024,5,Badulla,LK81,0.499999999999999,-0.866025403784438,0,1,0,0,197.202134,176.578016666666,312.58866,126.317212,120.361701,46.1382992,99.4503526666666,71.6881966666666,0,6.9934,81.055,27.15,80.65,2.38,27.33,78.16,1.29
2024,6,Badulla,LK81,1.22464679914735e-16,-1.0,0,1,0,0,45.563829,97.4397166666666,373.46809,58.0151856666666,197.202134,120.361701,176.578016666666,126.317212,0,6.9934,81.055,26.01,80.94,3.01,27.15,80.65,2.38
2024,7,Badulla,LK81,-0.499999999999999,-0.866025403784438,0,1,0,0,46.265957,45.8333343333333,319.851073333333,63.7568783333333,45.563829,197.202134,97.4397166666666,58.0151856666666,0,6.9934,81.055,26.48,73.2,3.42,26.01,80.94,3.01
2024,8,Badulla,LK81,-0.866025403784438,-0.5,0,1,0,0,120.148937999999,91.1914883333333,234.464543333333,129.689865333333,46.265957,45.563829,45.8333343333333,63.7568783333333,0,6.9934,81.055,26.24,77.23,2.62,26.48,73.2,3.42
2024,9,Badulla,LK81,-1.0,-1.83697019872102e-16,0,1,0,0,81.531916,93.3014166666666,230.326253333333,56.260988,120.148937999999,46.265957,91.1914883333333,129.689865333333,0,6.9934,81.055,26.47,75.16,3.14,26.24,77.23,2.62
2024,10,Badulla,LK81,-0.866025403784438,0.5,0,0,1,0,342.56383,253.91844,438.41132,135.127093333333,81.531916,120.148937999999,93.3014166666666,56.260988,0,6.9934,81.055,25.47,84.02,1.56,26.47,75.16,3.14
2024,11,Badulla,LK81,-0.5,0.866025403784438,0,0,1,0,467.22339,390.40426,737.6241,132.484163333333,342.56383,81.531916,253.91844,135.127093333333,0,6.9934,81.055,24.47,89.43,2.01,25.47,84.02,1.56
2024,12,Badulla,LK81,-2.4492935982947e-16,1.0,0,0,0,1,228.15958,328.911343333333,973.234046666666,78.0884093333333,467.22339,342.56383,390.40426,132.484163333333,0,6.9934,81.055,24.03,89.26,1.53,24.47,89.43,2.01
2017,1,Monaragala,LK82,0.499999999999999,0.866025403784438,0,0,0,1,178.34409,93.340504,528.444419999999,105.498215,260.218126857142,342.443929285714,295.810801428571,98.1970023809523,1,6.8728,81.3507,22.58,82.87,2.19,23.262857142857143,91.16857142857143,1.9142857142857144
2017,2,Monaragala,LK82,0.866025403784438,0.5,0,0,0,1,102.9838728,161.19893,417.643373333333,111.724560666666,178.34409,260.218126857142,93.340504,105.498215,0,6.8728,81.3507,23.59,78.83,1.98,22.58,82.87,2.19
2017,3,Monaragala,LK82,1.0,6.12323399573676e-17,1,0,0,0,156.827957,176.428316666666,430.967736666666,158.693002666666,102.9838728,178.34409,161.19893,111.724560666666,0,6.8728,81.3507,24.34,84.64,1.31,23.59,78.83,1.98
2017,4,Monaragala,LK82,0.866025403784438,-0.499999999999999,1,0,0,0,73.478495,83.5645166666666,421.191736666666,53.0597613333333,156.827957,102.9838728,176.428316666666,158.693002666666,0,6.8728,81.3507,26.48,76.44,1.24,24.34,84.64,1.31
2017,5,Monaragala,LK82,0.499999999999999,-0.866025403784438,0,1,0,0,212.591408,132.61649,392.609296666666,165.290326666666,73.478495,156.827957,83.5645166666666,53.0597613333333,0,6.8728,81.3507,26.38,78.44,2.19,26.48,76.44,1.24
2017,6,Monaragala,LK82,1.22464679914735e-16,-1.0,0,1,0,0,40.0967739999999,129.367391666666,345.548396666666,109.780514666666,212.591408,73.478495,132.61649,165.290326666666,0,6.8728,81.3507,25.64,78.69,3.11,26.38,78.44,2.19
2017,7,Monaragala,LK82,-0.499999999999999,-0.866025403784438,0,1,0,0,37.086021,33.6863793333333,295.670246666666,88.6481123333333,40.0967739999999,212.591408,129.367391666666,109.780514666666,0,6.8728,81.3507,26.39,72.51,2.92,25.64,78.69,3.11
2017,8,Monaragala,LK82,-0.866025403784438,-0.5,0,1,0,0,90.715054,81.1290353333333,244.182803333333,147.86053,37.086021,40.0967739999999,33.6863793333333,88.6481123333333,0,6.8728,81.3507,26.27,74.13,2.96,26.39,72.51,2.92
2017,9,Monaragala,LK82,-1.0,-1.83697019872102e-16,0,1,0,0,65.231184,76.204302,191.019713333333,113.588112333333,90.715054,37.086021,81.1290353333333,147.86053,0,6.8728,81.3507,25.46,79.17,2.51,26.27,74.13,2.96
2017,10,Monaragala,LK82,-0.866025403784438,0.5,0,0,1,0,205.747314,128.204302,285.537643333333,92.7338016666666,65.231184,90.715054,76.204302,113.588112333333,0,6.8728,81.3507,25.29,82.68,1.94,25.46,79.17,2.51
2017,11,Monaragala,LK82,-0.5,0.866025403784438,0,0,1,0,452.177407,363.062719999999,567.471353333333,130.163803,205.747314,65.231184,128.204302,92.7338016666666,0,6.8728,81.3507,23.9,89.01,1.84,25.29,82.68,1.94
2017,12,Monaragala,LK82,-2.4492935982947e-16,1.0,0,0,0,1,164.376346,297.630826666666,788.897813333333,62.2888673333333,452.177407,205.747314,363.062719999999,130.163803,0,6.8728,81.3507,23.19,89.93,1.79,23.9,89.01,1.84
2018,1,Monaragala,LK82,0.499999999999999,0.866025403784438,0,0,0,1,70.586022,76.4068086666666,737.1003,46.046825,164.376346,452.177407,297.630826666666,62.2888673333333,0,6.8728,81.3507,22.03,88.58,1.77,23.19,89.93,1.79
2018,2,Monaragala,LK82,0.866025403784438,0.5,0,0,0,1,79.263438,85.7508966666666,459.788553333333,86.4934906666666,70.586022,164.376346,76.4068086666666,46.046825,1,6.8728,81.3507,22.83,88.6,1.93,22.03,88.58,1.77
2018,3,Monaragala,LK82,1.0,6.12323399573676e-17,1,0,0,0,139.376342,127.612896666666,289.7706,135.2869,79.263438,70.586022,85.7508966666666,86.4934906666666,0,6.8728,81.3507,24.14,85.65,1.47,22.83,88.6,1.93
2018,4,Monaragala,LK82,0.866025403784438,-0.499999999999999,1,0,0,0,154.134411,157.116486666666,370.480276666666,101.948295,139.376342,79.263438,127.612896666666,135.2869,1,6.8728,81.3507,25.2,85.21,1.19,24.14,85.65,1.47
2018,5,Monaragala,LK82,0.499999999999999,-0.866025403784438,0,1,0,0,299.838716,239.600356666666,524.3297,213.248096666666,154.134411,139.376342,157.116486666666,101.948295,1,6.8728,81.3507,25.23,87.68,1.7,25.2,85.21,1.19
2018,6,Monaragala,LK82,1.22464679914735e-16,-1.0,0,1,0,0,36.8548385,129.659501666666,526.376386666666,103.479938333333,299.838716,154.134411,239.600356666666,213.248096666666,0,6.8728,81.3507,24.55,86.65,3.09,25.23,87.68,1.7
2018,7,Monaragala,LK82,-0.499999999999999,-0.866025403784438,0,1,0,0,36.83871,34.854839,404.11474,87.5536433333333,36.8548385,299.838716,129.659501666666,103.479938333333,0,6.8728,81.3507,24.51,81.45,3.33,24.55,86.65,3.09
2018,8,Monaragala,LK82,-0.866025403784438,-0.5,0,1,0,0,82.387096,62.7186383333333,227.232973333333,130.794622,36.83871,36.8548385,34.854839,87.5536433333333,0,6.8728,81.3507,24.93,77.18,3.46,24.51,81.45,3.33
2018,9,Monaragala,LK82,-1.0,-1.83697019872102e-16,0,1,0,0,60.8440882999999,58.8942633333333,156.467743333333,88.641159,82.387096,36.83871,62.7186383333333,130.794622,0,6.8728,81.3507,25.91,74.85,2.21,24.93,77.18,3.46
2018,10,Monaragala,LK82,-0.866025403784438,0.5,0,0,1,0,331.263446,239.97671,361.589596666666,155.402984666666,60.8440882999999,82.387096,58.8942633333333,88.641159,0,6.8728,81.3507,24.35,86.46,1.46,25.91,74.85,2.21
2018,11,Monaragala,LK82,-0.5,0.866025403784438,0,0,1,0,273.155908,344.865586666666,643.736533333333,80.6718253333333,331.263446,60.8440882999999,239.97671,155.402984666666,0,6.8728,81.3507,23.81,88.73,1.5,24.35,86.46,1.46
2018,12,Monaragala,LK82,-2.4492935982947e-16,1.0,0,0,0,1,174.446235,189.11469,773.957006666666,67.3235903333333,273.155908,331.263446,344.865586666666,80.6718253333333,0,6.8728,81.3507,22.94,89.59,1.82,23.81,88.73,1.5
2019,1,Monaragala,LK82,0.499999999999999,0.866025403784438,0,0,0,1,57.279568,75.0483866666666,609.0287,37.405799,174.446235,273.155908,189.11469,67.3235903333333,0,6.8728,81.3507,22.45,87.89,2.25,22.94,89.59,1.82
2019,2,Monaragala,LK82,0.866025403784438,0.5,0,0,0,1,172.478496,153.70968,417.872759999999,156.173956666666,57.279568,174.446235,75.0483866666666,37.405799,0,6.8728,81.3507,24.04,86.91,1.94,22.45,87.89,2.25
2019,3,Monaragala,LK82,1.0,6.12323399573676e-17,1,0,0,0,27.188172,56.9569893333333,285.715046666666,36.703836,172.478496,57.279568,153.70968,156.173956666666,0,6.8728,81.3507,25.52,74.43,1.6,24.04,86.91,1.94
2019,4,Monaragala,LK82,0.866025403784438,-0.499999999999999,1,0,0,0,154.301079,96.4982123333333,307.164893333333,101.461925,27.188172,172.478496,56.9569893333333,36.703836,0,6.8728,81.3507,27.63,68.6,1.44,25.52,74.43,1.6
2019,5,Monaragala,LK82,0.499999999999999,-0.866025403784438,0,1,0,0,83.962365,115.310041333333,268.765243333333,69.5242323333333,154.301079,27.188172,96.4982123333333,101.461925,0,6.8728,81.3507,28.1,70.42,2.47,27.63,68.6,1.44
2019,6,Monaragala,LK82,1.22464679914735e-16,-1.0,0,1,0,0,45.913979,71.3315423333333,283.1398,118.427532,83.962365,154.301079,115.310041333333,69.5242323333333,0,6.8728,81.3507,27.37,70.45,3.51,28.1,70.42,2.47
2019,7,Monaragala,LK82,-0.499999999999999,-0.866025403784438,0,1,0,0,59.946236,49.333333,235.974916666666,125.645265333333,45.913979,83.962365,71.3315423333333,118.427532,0,6.8728,81.3507,26.84,70.54,3.12,27.37,70.45,3.51
2019,8,Monaragala,LK82,-0.866025403784438,-0.5,0,1,0,0,131.032256,115.926525333333,236.591396666666,206.08527,59.946236,45.913979,49.333333,125.645265333333,0,6.8728,81.3507,25.78,74.87,3.56,26.84,70.54,3.12
2019,9,Monaragala,LK82,-1.0,-1.83697019872102e-16,0,1,0,0,126.806453,108.528673333333,273.788533333333,185.91389,131.032256,59.946236,115.926525333333,206.08527,0,6.8728,81.3507,24.93,82.84,2.34,25.78,74.87,3.56
2019,10,Monaragala,LK82,-0.866025403784438,0.5,0,0,1,0,400.24731,272.376336666666,496.831563333333,171.690953333333,126.806453,131.032256,108.528673333333,185.91389,0,6.8728,81.3507,24.27,88.33,1.24,24.93,82.84,2.34
2019,11,Monaragala,LK82,-0.5,0.866025403784438,0,0,1,0,365.403227,374.137986666666,755.043053333333,106.247803333333,400.24731,126.806453,272.376336666666,171.690953333333,0,6.8728,81.3507,24.23,89.7,1.42,24.27,88.33,1.24
2019,12,Monaragala,LK82,-2.4492935982947e-16,1.0,0,0,0,1,357.79033,462.1595,1108.67386666666,129.819139,365.403227,400.24731,374.137986666666,106.247803333333,1,6.8728,81.3507,23.29,93.0,1.89,24.23,89.7,1.42
2020,1,Monaragala,LK82,0.499999999999999,0.866025403784438,0,0,0,1,58.32258,99.4695323333333,935.767133333333,38.6411633333333,357.79033,365.403227,462.1595,129.819139,1,6.8728,81.3507,22.82,89.56,2.04,23.29,93.0,1.89
2020,2,Monaragala,LK82,0.866025403784438,0.5,0,0,0,1,24.467742,43.5017916666666,605.130853333333,35.3809413333333,58.32258,357.79033,99.4695323333333,38.6411633333333,1,6.8728,81.3507,23.05,87.84,2.18,22.82,89.56,2.04
2020,3,Monaragala,LK82,1.0,6.12323399573676e-17,1,0,0,0,27.1612899,28.1810026666666,171.152328,37.0915673333333,24.467742,58.32258,43.5017916666666,35.3809413333333,0,6.8728,81.3507,24.83,79.11,1.52,23.05,87.84,2.18
2020,4,Monaragala,LK82,0.866025403784438,-0.499999999999999,1,0,0,0,101.177421,62.284946,133.967743333333,69.6285113333333,27.1612899,24.467742,28.1810026666666,37.0915673333333,0,6.8728,81.3507,26.68,76.96,1.43,24.83,79.11,1.52
2020,5,Monaragala,LK82,0.499999999999999,-0.866025403784438,0,1,0,0,300.75268,247.29211,337.758066666666,212.352393333333,101.177421,27.1612899,62.284946,69.6285113333333,0,6.8728,81.3507,26.43,81.21,2.12,26.68,76.96,1.43
2020,6,Monaragala,LK82,1.22464679914735e-16,-1.0,0,1,0,0,40.811828,124.062725333333,433.639793333333,118.685293333333,300.75268,101.177421,247.29211,212.352393333333,0,6.8728,81.3507,25.91,78.06,2.89,26.43,81.21,2.12
2020,7,Monaragala,LK82,-0.499999999999999,-0.866025403784438,0,1,0,0,81.134407,69.8853053333333,441.24012,161.796326666666,40.811828,300.75268,124.062725333333,118.685293333333,0,6.8728,81.3507,24.91,82.82,2.36,25.91,78.06,2.89
2020,8,Monaragala,LK82,-0.866025403784438,-0.5,0,1,0,0,57.763441,71.2508953333333,265.198913333333,104.41247,81.134407,40.811828,69.8853053333333,161.796326666666,0,6.8728,81.3507,25.63,77.6,2.75,24.91,82.82,2.36
2020,9,Monaragala,LK82,-1.0,-1.83697019872102e-16,0,1,0,0,115.833334,90.2903233333333,231.426519999999,172.770923333333,57.763441,81.134407,71.2508953333333,104.41247,0,6.8728,81.3507,24.85,80.87,2.84,25.63,77.6,2.75
2020,10,Monaragala,LK82,-0.866025403784438,0.5,0,0,1,0,117.258066,106.849463333333,268.390673333333,56.429733,115.833334,57.763441,90.2903233333333,172.770923333333,1,6.8728,81.3507,25.55,77.38,2.54,24.85,80.87,2.84
2020,11,Monaragala,LK82,-0.5,0.866025403784438,0,0,1,0,269.2043,245.442646666666,442.58243,80.0906533333333,117.258066,115.833334,106.849463333333,56.429733,1,6.8728,81.3507,24.32,88.46,1.43,25.55,77.38,2.54
2020,12,Monaragala,LK82,-2.4492935982947e-16,1.0,0,0,0,1,239.913976,239.612909999999,591.905033333333,92.2355433333333,269.2043,117.258066,245.442646666666,80.0906533333333,0,6.8728,81.3507,23.44,90.74,1.91,24.32,88.46,1.43
2021,1,Monaragala,LK82,0.499999999999999,0.866025403784438,0,0,0,1,276.612905,290.61291,775.668486666666,143.03311,239.913976,269.2043,239.612909999999,92.2355433333333,0,6.8728,81.3507,22.83,92.37,1.78,23.44,90.74,1.91
2021,2,Monaragala,LK82,0.866025403784438,0.5,0,0,0,1,102.75806,148.23835,678.464153333333,94.1334046666666,276.612905,239.913976,290.61291,143.03311,0,6.8728,81.3507,23.16,89.14,2.05,22.83,92.37,1.78
2021,3,Monaragala,LK82,1.0,6.12323399573676e-17,1,0,0,0,173.177422,120.069895333333,558.921153333333,162.327863333333,102.75806,276.612905,148.23835,94.1334046666666,0,6.8728,81.3507,23.54,87.22,1.4,23.16,89.14,2.05
2021,4,Monaragala,LK82,0.866025403784438,-0.499999999999999,1,0,0,0,121.82258,140.442655333333,408.750896666666,81.7055326666666,173.177422,102.75806,120.069895333333,162.327863333333,0,6.8728,81.3507,25.45,83.92,1.14,23.54,87.22,1.4
2021,5,Monaragala,LK82,0.499999999999999,-0.866025403784438,0,1,0,0,261.720424,222.707893333333,483.220413333333,187.310726666666,121.82258,173.177422,140.442655333333,81.7055326666666,0,6.8728,81.3507,25.4,86.41,2.17,25.45,83.92,1.14
2021,6,Monaragala,LK82,1.22464679914735e-16,-1.0,0,1,0,0,42.1827974,124.408602,487.559143333333,107.42972,261.720424,121.82258,222.707893333333,187.310726666666,0,6.8728,81.3507,24.88,85.78,2.47,25.4,86.41,2.17
2021,7,Monaragala,LK82,-0.499999999999999,-0.866025403784438,0,1,0,0,94.446236,74.6326163333333,421.74912,188.45667,42.1827974,261.720424,124.408602,107.42972,0,6.8728,81.3507,24.82,84.82,2.94,24.88,85.78,2.47
2021,8,Monaragala,LK82,-0.866025403784438,-0.5,0,1,0,0,102.564517,83.7759846666666,282.817193333333,157.438696666666,94.446236,42.1827974,74.6326163333333,188.45667,0,6.8728,81.3507,24.65,83.2,2.84,24.82,84.82,2.94
2021,9,Monaragala,LK82,-1.0,-1.83697019872102e-16,0,1,0,0,89.397849,101.078848666666,259.487453333333,132.920903333333,102.564517,94.446236,83.7759846666666,157.438696666666,0,6.8728,81.3507,25.04,84.56,2.52,24.65,83.2,2.84
2021,10,Monaragala,LK82,-0.866025403784438,0.5,0,0,1,0,260.634405,198.241926666666,383.09675,125.492061999999,89.397849,102.564517,101.078848666666,132.920903333333,0,6.8728,81.3507,24.6,86.81,2.04,25.04,84.56,2.52
2021,11,Monaragala,LK82,-0.5,0.866025403784438,0,0,1,0,413.71505,366.347676666666,665.668466666666,119.794969999999,260.634405,89.397849,198.241926666666,125.492061999999,0,6.8728,81.3507,23.9,89.33,1.75,24.6,86.81,2.04
2021,12,Monaragala,LK82,-2.4492935982947e-16,1.0,0,0,0,1,142.478497,251.82078,816.410433333333,53.6136246666666,413.71505,260.634405,366.347676666666,119.794969999999,0,6.8728,81.3507,23.12,90.98,1.79,23.9,89.33,1.75
2022,1,Monaragala,LK82,0.499999999999999,0.866025403784438,0,0,0,1,67.48925,90.1774233333333,708.345899999999,39.957368,142.478497,413.71505,251.82078,53.6136246666666,0,6.8728,81.3507,23.03,89.3,1.9,23.12,90.98,1.79
2022,2,Monaragala,LK82,0.866025403784438,0.5,0,0,0,1,122.209674999999,98.4444416666666,440.442636666666,118.472123,67.48925,142.478497,90.1774233333333,39.957368,0,6.8728,81.3507,22.75,89.11,1.83,23.03,89.3,1.9
2022,3,Monaragala,LK82,1.0,6.12323399573676e-17,1,0,0,0,117.521502,121.464155333333,310.08601,117.858041,122.209674999999,67.48925,98.4444416666666,118.472123,0,6.8728,81.3507,24.46,86.91,1.57,22.75,89.11,1.83
2022,4,Monaragala,LK82,0.866025403784438,-0.499999999999999,1,0,0,0,196.145166,177.786736666666,397.695316666666,127.547403333333,117.521502,122.209674999999,121.464155333333,117.858041,0,6.8728,81.3507,25.53,85.68,1.13,24.46,86.91,1.57
2022,5,Monaragala,LK82,0.499999999999999,-0.866025403784438,0,1,0,0,103.946237,120.087813333333,419.33872,80.0722216666666,196.145166,117.521502,177.786736666666,127.547403333333,0,6.8728,81.3507,25.37,86.76,2.9,25.53,85.68,1.13
2022,6,Monaragala,LK82,1.22464679914735e-16,-1.0,0,1,0,0,33.61828,55.4695323333333,353.34409,102.907575,103.946237,196.145166,120.087813333333,80.0722216666666,0,6.8728,81.3507,24.65,86.83,2.52,25.37,86.76,2.9
2022,7,Monaragala,LK82,-0.499999999999999,-0.866025403784438,0,1,0,0,79.553765,47.087814,222.645166666666,156.838802,33.61828,103.946237,55.4695323333333,102.907575,0,6.8728,81.3507,24.69,83.31,2.61,24.65,86.83,2.52
2022,8,Monaragala,LK82,-0.866025403784438,-0.5,0,1,0,0,126.629032,117.650534999999,220.207883333333,195.270626666666,79.553765,33.61828,47.087814,156.838802,0,6.8728,81.3507,24.53,83.44,3.05,24.69,83.31,2.61
2022,9,Monaragala,LK82,-1.0,-1.83697019872102e-16,0,1,0,0,45.4032257,89.0322583333333,253.770613333333,82.5654173333333,126.629032,79.553765,117.650534999999,195.270626666666,0,6.8728,81.3507,24.75,83.52,2.52,24.53,83.44,3.05
2022,10,Monaragala,LK82,-0.866025403784438,0.5,0,0,1,0,296.139778,182.322574666666,389.005363333333,131.607143333333,45.4032257,126.629032,89.0322583333333,82.5654173333333,0,6.8728,81.3507,24.46,84.61,1.93,24.75,83.52,2.52
2022,11,Monaragala,LK82,-0.5,0.866025403784438,0,0,1,0,274.473119,348.361983333333,619.7169,81.609211,296.139778,45.4032257,182.322574666666,131.607143333333,0,6.8728,81.3507,23.44,88.88,1.41,24.46,84.61,1.93
2022,12,Monaragala,LK82,-2.4492935982947e-16,1.0,0,0,0,1,283.419354,234.77599,765.460536666666,108.906042,274.473119,296.139778,348.361983333333,81.609211,1,6.8728,81.3507,22.73,90.76,2.2,23.44,88.88,1.41
2023,1,Monaragala,LK82,0.499999999999999,0.866025403784438,0,0,0,1,133.779569999999,167.842293333333,750.980206666666,78.6716063333333,283.419354,274.473119,234.77599,108.906042,1,6.8728,81.3507,21.82,90.93,2.34,22.73,90.76,2.2
2023,2,Monaragala,LK82,0.866025403784438,0.5,0,0,0,1,159.037629999999,186.35842,588.9767,145.226748333333,133.779569999999,283.419354,167.842293333333,78.6716063333333,0,6.8728,81.3507,22.47,90.22,2.28,21.82,90.93,2.34
2023,3,Monaragala,LK82,1.0,6.12323399573676e-17,1,0,0,0,180.338711,172.017923333333,526.21868,175.324455666666,159.037629999999,133.779569999999,186.35842,145.226748333333,0,6.8728,81.3507,24.2,87.61,1.54,22.47,90.22,2.28
2023,4,Monaragala,LK82,0.866025403784438,-0.499999999999999,1,0,0,0,129.50538,109.184588666666,467.56093,87.0806233333333,180.338711,159.037629999999,172.017923333333,175.324455666666,0,6.8728,81.3507,25.47,83.9,1.19,24.2,87.61,1.54
2023,5,Monaragala,LK82,0.499999999999999,-0.866025403784438,0,1,0,0,361.48387,357.944456666666,639.14696,240.284563333333,129.50538,180.338711,109.184588666666,87.0806233333333,0,6.8728,81.3507,25.65,85.33,1.99,25.47,83.9,1.19
2023,6,Monaragala,LK82,1.22464679914735e-16,-1.0,0,1,0,0,84.9354899999999,120.636205333333,587.765246666666,213.079808333333,361.48387,129.50538,357.944456666666,240.284563333333,0,6.8728,81.3507,25.43,85.09,2.81,25.65,85.33,1.99
2023,7,Monaragala,LK82,-0.499999999999999,-0.866025403784438,0,1,0,0,48.7956995,69.0017966666666,547.582473333333,110.750437333333,84.9354899999999,361.48387,120.636205333333,213.079808333333,0,6.8728,81.3507,25.2,81.59,3.13,25.43,85.09,2.81
2023,8,Monaragala,LK82,-0.866025403784438,-0.5,0,1,0,0,43.935484,38.132618,227.770623333333,80.4294996666666,48.7956995,84.9354899999999,69.0017966666666,110.750437333333,0,6.8728,81.3507,26.2,77.54,2.87,25.2,81.59,3.13
2023,9,Monaragala,LK82,-1.0,-1.83697019872102e-16,0,1,0,0,85.892472,73.4964133333333,180.630826666666,134.420816666666,43.935484,48.7956995,38.132618,80.4294996666666,0,6.8728,81.3507,24.93,85.26,2.86,26.2,77.54,2.87
2023,10,Monaragala,LK82,-0.866025403784438,0.5,0,0,1,0,397.51613,318.33691,429.965946666666,199.068374999999,85.892472,43.935484,73.4964133333333,134.420816666666,0,6.8728,81.3507,24.57,89.39,1.5,24.93,85.26,2.86
2023,11,Monaragala,LK82,-0.5,0.866025403784438,0,0,1,0,348.978494,360.36918,752.202516666666,102.643618333333,397.51613,85.892472,318.33691,199.068374999999,0,6.8728,81.3507,24.38,90.47,1.2,24.57,89.39,1.5
2023,12,Monaragala,LK82,-2.4492935982947e-16,1.0,0,0,0,1,459.10215,395.560913333333,1074.267,173.19221,348.978494,397.51613,360.36918,102.643618333333,0,6.8728,81.3507,24.13,93.18,2.0,24.38,90.47,1.2
2024,1,Monaragala,LK82,0.499999999999999,0.866025403784438,0,0,0,1,348.822578,474.896056666666,1230.82606666666,169.421039333333,459.10215,348.978494,395.560913333333,173.19221,0,6.8728,81.3507,23.17,91.55,1.94,24.13,93.18,2.0
2024,2,Monaragala,LK82,0.866025403784438,0.5,0,0,0,1,33.672044,58.5053763333333,928.962316666666,43.039047,348.822578,459.10215,474.896056666666,169.421039333333,0,6.8728,81.3507,24.0,89.52,2.23,23.17,91.55,1.94
2024,3,Monaragala,LK82,1.0,6.12323399573676e-17,1,0,0,0,51.4354827,39.7831553333333,573.184533333333,56.5249913333333,33.672044,348.822578,58.5053763333333,43.039047,0,6.8728,81.3507,24.56,84.55,1.58,24.0,89.52,2.23
2024,4,Monaragala,LK82,0.866025403784438,-0.499999999999999,1,0,0,0,115.397851,97.1899643333333,195.478506666666,77.9952809999999,51.4354827,33.672044,39.7831553333333,56.5249913333333,0,6.8728,81.3507,27.33,78.16,1.29,24.56,84.55,1.58
2024,5,Monaragala,LK82,0.499999999999999,-0.866025403784438,0,1,0,0,189.88172,171.636193333333,308.609326666666,136.161566666666,115.397851,51.4354827,97.1899643333333,77.9952809999999,0,6.8728,81.3507,27.15,80.65,2.38,27.33,78.16,1.29
2024,6,Monaragala,LK82,1.22464679914735e-16,-1.0,0,1,0,0,21.102151,76.4605766666666,345.28672,70.728388,189.88172,115.397851,171.636193333333,136.161566666666,0,6.8728,81.3507,26.01,80.94,3.01,27.15,80.65,2.38
2024,7,Monaragala,LK82,-0.499999999999999,-0.866025403784438,0,1,0,0,28.919355,23.2831533333333,271.37992,74.4144613333333,21.102151,189.88172,76.4605766666666,70.728388,0,6.8728,81.3507,26.48,73.2,3.42,26.01,80.94,3.01
2024,8,Monaragala,LK82,-0.866025403784438,-0.5,0,1,0,0,104.526878,74.3978466666666,174.14159,159.192256666666,28.919355,21.102151,23.2831533333333,74.4144613333333,0,6.8728,81.3507,26.24,77.23,2.62,26.48,73.2,3.42
2024,9,Monaragala,LK82,-1.0,-1.83697019872102e-16,0,1,0,0,39.467742,62.763439,160.444443333333,68.1412066666666,104.526878,28.919355,74.3978466666666,159.192256666666,0,6.8728,81.3507,26.47,75.16,3.14,26.24,77.23,2.62
2024,10,Monaragala,LK82,-0.866025403784438,0.5,0,0,1,0,304.629036,220.41218,357.573486666666,148.791503333333,39.467742,104.526878,62.763439,68.1412066666666,0,6.8728,81.3507,25.47,84.02,1.56,26.47,75.16,3.14
2024,11,Monaragala,LK82,-0.5,0.866025403784438,0,0,1,0,448.295693999999,381.854853333333,665.03046,129.553633333333,304.629036,39.467742,220.41218,148.791503333333,0,6.8728,81.3507,24.47,89.43,2.01,25.47,84.02,1.56
2024,12,Monaragala,LK82,-2.4492935982947e-16,1.0,0,0,0,1,194.596776,278.170243333333,880.4372,75.512855,448.295693999999,304.629036,381.854853333333,129.553633333333,0,6.8728,81.3507,24.03,89.26,1.53,24.47,89.43,2.01
2017,1,Ratnapura,LK91,0.499999999999999,0.866025403784438,0,0,0,1,146.0092543,89.4938236666666,544.935176666666,105.412781666666,202.658730857142,374.202382571428,263.118164761904,99.8822751428571,0,6.6828,80.3992,23.92,77.42,1.54,24.268571428571427,87.77857142857144,1.5885714285714287
2017,2,Ratnapura,LK91,0.866025403784438,0.5,0,0,0,1,113.8055525,149.030863333333,393.898133333333,99.6539966666666,146.0092543,202.658730857142,89.4938236666666,105.412781666666,0,6.6828,80.3992,24.78,75.51,1.63,23.92,77.42,1.54
2017,3,Ratnapura,LK91,1.0,6.12323399573676e-17,1,0,0,0,257.84259,240.243826666666,478.76851,142.072898333333,113.8055525,146.0092543,149.030863333333,99.6539966666666,0,6.6828,80.3992,25.35,82.93,1.16,24.78,75.51,1.63
2017,4,Ratnapura,LK91,0.866025403784438,-0.499999999999999,1,0,0,0,136.657402,179.996913333333,569.271623333333,55.514514,257.84259,113.8055525,240.243826666666,142.072898333333,0,6.6828,80.3992,26.21,83.2,1.79,25.35,82.93,1.16
2017,5,Ratnapura,LK91,0.499999999999999,-0.866025403784438,0,1,0,0,540.398166,333.120383333333,753.361109999999,162.711566666666,136.657402,257.84259,179.996913333333,55.514514,0,6.6828,80.3992,25.89,86.0,2.56,26.21,83.2,1.79
2017,6,Ratnapura,LK91,1.22464679914735e-16,-1.0,0,1,0,0,205.314816,379.006186666666,892.123476666666,85.3537886666666,540.398166,136.657402,333.120383333333,162.711566666666,0,6.6828,80.3992,25.13,88.03,3.52,25.89,86.0,2.56
2017,7,Ratnapura,LK91,-0.499999999999999,-0.866025403784438,0,1,0,0,121.953701999999,136.287038333333,848.4136,77.182519,205.314816,540.398166,379.006186666666,85.3537886666666,0,6.6828,80.3992,25.39,85.13,3.57,25.13,88.03,3.52
2017,8,Ratnapura,LK91,-0.866025403784438,-0.5,0,1,0,0,240.518518,211.679009999999,726.9722,153.166116666666,121.953701999999,205.314816,136.287038333333,77.182519,0,6.6828,80.3992,25.31,84.96,3.68,25.39,85.13,3.57
2017,9,Ratnapura,LK91,-1.0,-1.83697019872102e-16,0,1,0,0,271.12038,292.879629999999,640.845686666666,117.096300666666,240.518518,121.953701999999,211.679009999999,153.166116666666,0,6.6828,80.3992,25.05,85.9,3.17,25.31,84.96,3.68
2017,10,Ratnapura,LK91,-0.866025403784438,0.5,0,0,1,0,309.583335,244.05556,748.6142,88.7432246666666,271.12038,240.518518,292.879629999999,117.096300666666,0,6.6828,80.3992,25.23,86.69,2.67,25.05,85.9,3.17
2017,11,Ratnapura,LK91,-0.5,0.866025403784438,0,0,1,0,441.268525,389.422853333333,926.35808,119.148418666666,309.583335,271.12038,244.05556,88.7432246666666,0,6.6828,80.3992,24.62,87.33,1.78,25.23,86.69,2.67
2017,12,Ratnapura,LK91,-2.4492935982947e-16,1.0,0,0,0,1,176.694445,294.231489999999,927.709853333333,89.1943549999999,441.268525,309.583335,389.422853333333,119.148418666666,0,6.6828,80.3992,24.21,86.28,1.45,24.62,87.33,1.78
2018,1,Ratnapura,LK91,0.499999999999999,0.866025403784438,0,0,0,1,49.537036,79.719134,763.373523333333,42.2725566666666,176.694445,441.268525,294.231489999999,89.1943549999999,0,6.6828,80.3992,23.48,82.21,1.3,24.21,86.28,1.45
2018,2,Ratnapura,LK91,0.866025403784438,0.5,0,0,0,1,111.879629,103.756166666666,477.70678,93.498871,49.537036,176.694445,79.719134,42.2725566666666,0,6.6828,80.3992,24.4,83.01,1.5,23.48,82.21,1.3
2018,3,Ratnapura,LK91,1.0,6.12323399573676e-17,1,0,0,0,240.231479999999,204.73148,388.206796666666,133.314168333333,111.879629,49.537036,103.756166666666,93.498871,0,6.6828,80.3992,25.29,83.12,1.46,24.4,83.01,1.5
2018,4,Ratnapura,LK91,0.866025403784438,-0.499999999999999,1,0,0,0,293.59259,262.342593333333,570.830253333333,110.763445,240.231479999999,111.879629,204.73148,133.314168333333,0,6.6828,80.3992,25.69,85.55,1.25,25.29,83.12,1.46
2018,5,Ratnapura,LK91,0.499999999999999,-0.866025403784438,0,1,0,0,592.96295,494.604943333333,961.67905,173.36562,293.59259,240.231479999999,262.342593333333,110.763445,0,6.6828,80.3992,25.21,90.29,2.3,25.69,85.55,1.25
2018,6,Ratnapura,LK91,1.22464679914735e-16,-1.0,0,1,0,0,269.175925,400.070973333333,1157.01856666666,107.35846,592.96295,293.59259,494.604943333333,173.36562,0,6.6828,80.3992,24.85,90.81,3.67,25.21,90.29,2.3
2018,7,Ratnapura,LK91,-0.499999999999999,-0.866025403784438,0,1,0,0,144.231483,171.336416666666,1066.01224666666,90.2852616666666,269.175925,592.96295,400.070973333333,107.35846,0,6.6828,80.3992,24.52,88.84,3.72,24.85,90.81,3.67
2018,8,Ratnapura,LK91,-0.866025403784438,-0.5,0,1,0,0,224.833335,182.861109999999,754.268466666666,139.037554666666,144.231483,269.175925,171.336416666666,90.2852616666666,0,6.6828,80.3992,24.36,87.85,3.93,24.52,88.84,3.72
2018,9,Ratnapura,LK91,-1.0,-1.83697019872102e-16,0,1,0,0,238.824085,195.641976666666,549.839473333333,93.355558,224.833335,144.231483,182.861109999999,139.037554666666,0,6.6828,80.3992,24.82,85.23,2.56,24.36,87.85,3.93
2018,10,Ratnapura,LK91,-0.866025403784438,0.5,0,0,1,0,531.4074,487.370366666666,865.873443333333,157.692716666666,238.824085,224.833335,195.641976666666,93.355558,0,6.6828,80.3992,24.53,88.35,1.57,24.82,85.23,2.56
2018,11,Ratnapura,LK91,-0.5,0.866025403784438,0,0,1,0,345.546296,415.262346666666,1098.27466666666,94.6189746666666,531.4074,238.824085,487.370366666666,157.692716666666,0,6.6828,80.3992,24.49,87.93,1.37,24.53,88.35,1.57
2018,12,Ratnapura,LK91,-2.4492935982947e-16,1.0,0,0,0,1,112.453701,177.53395,1080.16663333333,59.6680563333333,345.546296,531.4074,415.262346666666,94.6189746666666,0,6.6828,80.3992,24.03,84.66,1.38,24.49,87.93,1.37
2019,1,Ratnapura,LK91,0.499999999999999,0.866025403784438,0,0,0,1,50.0833337,67.9598753333333,660.756166666666,43.180134,112.453701,345.546296,177.53395,59.6680563333333,0,6.6828,80.3992,24.35,80.33,1.49,24.03,84.66,1.38
2019,2,Ratnapura,LK91,0.866025403784438,0.5,0,0,0,1,199.009262,184.126553333333,429.620363333333,147.816576666666,50.0833337,112.453701,67.9598753333333,43.180134,0,6.6828,80.3992,25.28,81.77,1.63,24.35,80.33,1.49
2019,3,Ratnapura,LK91,1.0,6.12323399573676e-17,1,0,0,0,64.046298,78.2253133333333,330.31175,41.0227456666666,199.009262,50.0833337,184.126553333333,147.816576666666,0,6.6828,80.3992,26.12,75.18,1.32,25.28,81.77,1.63
2019,4,Ratnapura,LK91,0.866025403784438,-0.499999999999999,1,0,0,0,228.518525,142.966049,405.317913333333,86.732274,64.046298,199.009262,78.2253133333333,41.0227456666666,0,6.6828,80.3992,27.07,76.46,1.24,26.12,75.18,1.32
2019,5,Ratnapura,LK91,0.499999999999999,-0.866025403784438,0,1,0,0,179.240740999999,207.26852,428.4599,56.695753,228.518525,64.046298,142.966049,86.732274,0,6.6828,80.3992,26.47,84.25,2.69,27.07,76.46,1.24
2019,6,Ratnapura,LK91,1.22464679914735e-16,-1.0,0,1,0,0,395.148139,367.293203333333,717.527766666666,155.572046666666,179.240740999999,228.518525,207.26852,56.695753,0,6.6828,80.3992,26.27,83.28,3.67,26.47,84.25,2.69
2019,7,Ratnapura,LK91,-0.499999999999999,-0.866025403784438,0,1,0,0,179.287041,226.52161,801.083323333333,110.434162,395.148139,179.240740999999,367.293203333333,155.572046666666,0,6.6828,80.3992,25.69,83.15,3.29,26.27,83.28,3.67
2019,8,Ratnapura,LK91,-0.866025403784438,-0.5,0,1,0,0,359.564809999999,282.80864,876.623493333333,230.581018666666,179.287041,395.148139,226.52161,110.434162,0,6.6828,80.3992,24.97,85.88,3.62,25.69,83.15,3.29
2019,9,Ratnapura,LK91,-1.0,-1.83697019872102e-16,0,1,0,0,556.04631,452.981493333333,962.3117,223.436383333333,359.564809999999,179.287041,282.80864,230.581018666666,0,6.6828,80.3992,24.76,88.4,2.59,24.97,85.88,3.62
2019,10,Ratnapura,LK91,-0.866025403784438,0.5,0,0,1,0,556.85185,584.141986666666,1319.9321,157.856493333333,556.04631,359.564809999999,452.981493333333,223.436383333333,0,6.6828,80.3992,24.39,89.58,1.52,24.76,88.4,2.59
2019,11,Ratnapura,LK91,-0.5,0.866025403784438,0,0,1,0,322.555555,416.08333,1453.20683333333,87.9029166666666,556.85185,556.04631,584.141986666666,157.856493333333,0,6.6828,80.3992,24.75,89.26,1.43,24.39,89.58,1.52
2019,12,Ratnapura,LK91,-2.4492935982947e-16,1.0,0,0,0,1,224.7037,281.330233333333,1281.55553333333,109.540828333333,322.555555,556.85185,416.08333,87.9029166666666,0,6.6828,80.3992,24.32,89.76,1.62,24.75,89.26,1.43
2020,1,Ratnapura,LK91,0.499999999999999,0.866025403784438,0,0,0,1,69.944444,109.209874666666,806.6235,55.0809276666666,224.7037,322.555555,281.330233333333,109.540828333333,0,6.6828,80.3992,24.24,85.6,1.71,24.32,89.76,1.62
2020,2,Ratnapura,LK91,0.866025403784438,0.5,0,0,0,1,33.3055559999999,42.037037,432.577143333333,35.5437743333333,69.944444,224.7037,109.209874666666,55.0809276666666,0,6.6828,80.3992,24.57,83.56,1.78,24.24,85.6,1.71
2020,3,Ratnapura,LK91,1.0,6.12323399573676e-17,1,0,0,0,79.342594,66.8271626666666,218.07407,48.9711323333333,33.3055559999999,69.944444,42.037037,35.5437743333333,0,6.6828,80.3992,25.74,79.82,1.22,24.57,83.56,1.78
2020,4,Ratnapura,LK91,0.866025403784438,-0.499999999999999,1,0,0,0,191.833331,130.135801666666,239.000003333333,73.5238716666666,79.342594,33.3055559999999,66.8271626666666,48.9711323333333,0,6.6828,80.3992,26.53,81.39,1.37,25.74,79.82,1.22
2020,5,Ratnapura,LK91,0.499999999999999,-0.866025403784438,0,1,0,0,482.037035,416.444449999999,613.407399999999,140.678603333333,191.833331,79.342594,130.135801666666,73.5238716666666,0,6.6828,80.3992,26.03,88.26,2.61,26.53,81.39,1.37
2020,6,Ratnapura,LK91,1.22464679914735e-16,-1.0,0,1,0,0,244.416672,288.626536666666,835.20682,106.803805,482.037035,191.833331,416.444449999999,140.678603333333,0,6.6828,80.3992,25.38,87.19,3.36,26.03,88.26,2.61
2020,7,Ratnapura,LK91,-0.499999999999999,-0.866025403784438,0,1,0,0,234.629632,260.95063,966.0216,141.492696666666,244.416672,482.037035,288.626536666666,106.803805,0,6.6828,80.3992,24.62,88.76,2.87,25.38,87.19,3.36
2020,8,Ratnapura,LK91,-0.866025403784438,-0.5,0,1,0,0,166.592592,213.453703333333,763.03085,125.488366333333,234.629632,244.416672,260.95063,141.492696666666,0,6.6828,80.3992,24.92,87.45,3.09,24.62,88.76,2.87
2020,9,Ratnapura,LK91,-1.0,-1.83697019872102e-16,0,1,0,0,394.19445,295.774703333333,770.179043333333,162.877103333333,166.592592,234.629632,213.453703333333,125.488366333333,0,6.6828,80.3992,24.58,88.56,3.32,24.92,87.45,3.09
2020,10,Ratnapura,LK91,-0.866025403784438,0.5,0,0,1,0,138.870371,217.475296666666,726.703746666666,41.9321233333333,394.19445,166.592592,295.774703333333,162.877103333333,0,6.6828,80.3992,24.92,87.35,3.17,24.58,88.56,3.32
2020,11,Ratnapura,LK91,-0.5,0.866025403784438,0,0,1,0,309.03704,290.018523333333,803.26848,84.9502196666666,138.870371,394.19445,217.475296666666,41.9321233333333,0,6.6828,80.3992,24.87,87.83,1.39,24.92,87.35,3.17
2020,12,Ratnapura,LK91,-2.4492935982947e-16,1.0,0,0,0,1,147.472222,171.59568,679.089493333333,76.05067,309.03704,138.870371,290.018523333333,84.9502196666666,0,6.6828,80.3992,24.44,87.35,1.49,24.87,87.83,1.39
2021,1,Ratnapura,LK91,0.499999999999999,0.866025403784438,0,0,0,1,203.370372,201.172839999999,662.787046666666,140.898852,147.472222,309.03704,171.59568,76.05067,0,6.6828,80.3992,23.99,87.5,1.36,24.44,87.35,1.49
2021,2,Ratnapura,LK91,0.866025403784438,0.5,0,0,0,1,96.4166659999999,117.80864,490.57717,81.7118973333333,203.370372,147.472222,201.172839999999,140.898852,0,6.6828,80.3992,24.68,83.63,1.53,23.99,87.5,1.36
2021,3,Ratnapura,LK91,1.0,6.12323399573676e-17,1,0,0,0,251.83334,182.858026666666,501.839533333333,135.582473333333,96.4166659999999,203.370372,117.80864,81.7118973333333,0,6.6828,80.3992,24.6,83.35,1.4,24.68,83.63,1.53
2021,4,Ratnapura,LK91,0.866025403784438,-0.499999999999999,1,0,0,0,213.101849,213.28395,513.950623333333,81.1200093333333,251.83334,96.4166659999999,182.858026666666,135.582473333333,0,6.6828,80.3992,25.68,85.97,1.5,24.6,83.35,1.4
2021,5,Ratnapura,LK91,0.499999999999999,-0.866025403784438,0,1,0,0,545.54629,456.577146666666,852.719133333333,160.490376666666,213.101849,251.83334,213.28395,81.1200093333333,0,6.6828,80.3992,25.64,88.87,2.62,25.68,85.97,1.5
2021,6,Ratnapura,LK91,1.22464679914735e-16,-1.0,0,1,0,0,294.638887,430.151216666666,1100.01233333333,112.32776,545.54629,213.101849,456.577146666666,160.490376666666,0,6.6828,80.3992,25.06,89.34,3.27,25.64,88.87,2.62
2021,7,Ratnapura,LK91,-0.499999999999999,-0.866025403784438,0,1,0,0,292.074066,269.80556,1156.5339,173.145736666666,294.638887,545.54629,430.151216666666,112.32776,0,6.6828,80.3992,24.84,89.73,3.67,25.06,89.34,3.27
2021,8,Ratnapura,LK91,-0.866025403784438,-0.5,0,1,0,0,268.833325,217.302456666666,917.259256666666,160.549253333333,292.074066,294.638887,269.80556,173.145736666666,0,6.6828,80.3992,24.58,89.25,3.39,24.84,89.73,3.67
2021,9,Ratnapura,LK91,-1.0,-1.83697019872102e-16,0,1,0,0,303.48149,314.814816666666,801.92282,123.641751333333,268.833325,292.074066,217.302456666666,160.549253333333,0,6.6828,80.3992,24.94,89.24,3.3,24.58,89.25,3.39
2021,10,Ratnapura,LK91,-0.866025403784438,0.5,0,0,1,0,412.009274,366.56175,898.679033333333,120.209432333333,303.48149,268.833325,314.814816666666,123.641751333333,0,6.6828,80.3992,24.72,90.07,2.51,24.94,89.24,3.3
2021,11,Ratnapura,LK91,-0.5,0.866025403784438,0,0,1,0,384.84259,421.972233333333,1103.3488,104.844293333333,412.009274,303.48149,366.56175,120.209432333333,0,6.6828,80.3992,24.22,90.39,2.34,24.72,90.07,2.51
2021,12,Ratnapura,LK91,-2.4492935982947e-16,1.0,0,0,0,1,159.138888,251.53395,1040.0679,77.255651,384.84259,412.009274,421.972233333333,104.844293333333,0,6.6828,80.3992,24.3,87.25,1.39,24.22,90.39,2.34
2022,1,Ratnapura,LK91,0.499999999999999,0.866025403784438,0,0,0,1,84.0462973,98.2438283333333,771.749933333333,63.3532583333333,159.138888,384.84259,251.53395,77.255651,0,6.6828,80.3992,24.38,84.95,1.38,24.3,87.25,1.39
2022,2,Ratnapura,LK91,0.866025403784438,0.5,0,0,0,1,126.064812,94.3086453333333,444.08642,104.43872,84.0462973,159.138888,98.2438283333333,63.3532583333333,0,6.6828,80.3992,24.21,83.9,1.26,24.38,84.95,1.38
2022,3,Ratnapura,LK91,1.0,6.12323399573676e-17,1,0,0,0,179.28704,168.03087,360.583333333333,99.8390466666666,126.064812,84.0462973,94.3086453333333,104.43872,0,6.6828,80.3992,25.12,85.35,1.55,24.21,83.9,1.26
2022,4,Ratnapura,LK91,0.866025403784438,-0.499999999999999,1,0,0,0,355.67593,297.629636666666,559.969136666666,132.80078,179.28704,126.064812,168.03087,99.8390466666666,0,6.6828,80.3992,25.57,88.06,1.38,25.12,85.35,1.55
2022,5,Ratnapura,LK91,0.499999999999999,-0.866025403784438,0,1,0,0,430.84258,386.46298,852.123476666666,128.0979,355.67593,179.28704,297.629636666666,132.80078,0,6.6828,80.3992,25.42,90.87,3.56,25.57,88.06,1.38
2022,6,Ratnapura,LK91,1.22464679914735e-16,-1.0,0,1,0,0,204.527772,294.552456666666,978.64504,85.857176,430.84258,355.67593,386.46298,128.0979,0,6.6828,80.3992,24.84,90.31,3.38,25.42,90.87,3.56
2022,7,Ratnapura,LK91,-0.499999999999999,-0.866025403784438,0,1,0,0,230.453693999999,185.589505,866.604966666666,138.380533333333,204.527772,430.84258,294.552456666666,85.857176,0,6.6828,80.3992,24.61,88.54,3.39,24.84,90.31,3.38
2022,8,Ratnapura,LK91,-0.866025403784438,-0.5,0,1,0,0,307.62038,280.052463333333,760.194413333333,188.764383333333,230.453693999999,204.527772,185.589505,138.380533333333,0,6.6828,80.3992,24.38,89.05,3.77,24.61,88.54,3.39
2022,9,Ratnapura,LK91,-1.0,-1.83697019872102e-16,0,1,0,0,169.212962,278.3858,744.027766666666,73.9967976666666,307.62038,230.453693999999,280.052463333333,188.764383333333,0,6.6828,80.3992,24.67,87.87,3.28,24.38,89.05,3.77
2022,10,Ratnapura,LK91,-0.866025403784438,0.5,0,0,1,0,475.361099999999,294.385796666666,852.824066666666,127.762538666666,169.212962,307.62038,278.3858,73.9967976666666,0,6.6828,80.3992,24.53,87.88,2.79,24.67,87.87,3.28
2022,11,Ratnapura,LK91,-0.5,0.866025403784438,0,0,1,0,313.555562,451.249986666666,1024.0216,86.1537866666666,475.361099999999,169.212962,294.385796666666,127.762538666666,0,6.6828,80.3992,24.21,87.08,1.41,24.53,87.88,2.79
2022,12,Ratnapura,LK91,-2.4492935982947e-16,1.0,0,0,0,1,240.47222,249.314816666666,994.950566666666,118.299052,313.555562,475.361099999999,451.249986666666,86.1537866666666,0,6.6828,80.3992,23.73,87.98,1.97,24.21,87.08,1.41
2023,1,Ratnapura,LK91,0.499999999999999,0.866025403784438,0,0,0,1,110.50926,134.43827,835.003083333333,81.6149416666666,240.47222,313.555562,249.314816666666,118.299052,0,6.6828,80.3992,23.18,85.1,1.85,23.73,87.98,1.97
2023,2,Ratnapura,LK91,0.866025403784438,0.5,0,0,0,1,182.657412,186.098766666666,569.851866666666,140.994891333333,110.50926,240.47222,134.43827,81.6149416666666,0,6.6828,80.3992,23.92,84.77,1.74,23.18,85.1,1.85
2023,3,Ratnapura,LK91,1.0,6.12323399573676e-17,1,0,0,0,343.851845,277.98764,598.524699999999,184.74078,182.657412,110.50926,186.098766666666,140.994891333333,0,6.6828,80.3992,25.21,85.11,1.43,23.92,84.77,1.74
2023,4,Ratnapura,LK91,0.866025403784438,-0.499999999999999,1,0,0,0,239.944435,253.237646666666,717.32408,90.4350156666666,343.851845,182.657412,277.98764,184.74078,0,6.6828,80.3992,25.95,84.29,1.21,25.21,85.11,1.43
2023,5,Ratnapura,LK91,0.499999999999999,-0.866025403784438,0,1,0,0,694.203689999999,632.873466666666,1164.09876666666,198.06665,239.944435,343.851845,253.237646666666,90.4350156666666,0,6.6828,80.3992,25.64,89.25,2.51,25.95,84.29,1.21
2023,6,Ratnapura,LK91,1.22464679914735e-16,-1.0,0,1,0,0,398.22223,436.12345,1322.23463333333,158.689013333333,694.203689999999,239.944435,632.873466666666,198.06665,0,6.6828,80.3992,25.53,89.34,3.55,25.64,89.25,2.51
2023,7,Ratnapura,LK91,-0.499999999999999,-0.866025403784438,0,1,0,0,174.138891,250.53395,1319.53079999999,106.555291666666,398.22223,694.203689999999,436.12345,158.689013333333,0,6.6828,80.3992,25.17,88.98,3.57,25.53,89.34,3.55
2023,8,Ratnapura,LK91,-0.866025403784438,-0.5,0,1,0,0,99.722227,89.9845666666666,776.641983333333,64.7157693333333,174.138891,398.22223,250.53395,106.555291666666,0,6.6828,80.3992,25.56,86.39,3.21,25.17,88.98,3.57
2023,9,Ratnapura,LK91,-1.0,-1.83697019872102e-16,0,1,0,0,427.490739999999,358.182096666666,698.700616666666,176.65546,99.722227,174.138891,89.9845666666666,64.7157693333333,0,6.6828,80.3992,24.87,89.5,3.15,25.56,86.39,3.21
2023,10,Ratnapura,LK91,-0.866025403784438,0.5,0,0,1,0,675.82407,591.046286666666,1039.21298,198.942706666666,427.490739999999,99.722227,358.182096666666,176.65546,0,6.6828,80.3992,24.61,91.13,1.77,24.87,89.5,3.15
2023,11,Ratnapura,LK91,-0.5,0.866025403784438,0,0,1,0,502.61111,557.27163,1506.50003333333,135.3965,675.82407,427.490739999999,591.046286666666,198.942706666666,0,6.6828,80.3992,24.97,89.51,1.09,24.61,91.13,1.77
2023,12,Ratnapura,LK91,-2.4492935982947e-16,1.0,0,0,0,1,357.67594,416.287033333333,1564.6049,169.167313333333,502.61111,675.82407,557.27163,135.3965,0,6.6828,80.3992,24.85,91.17,1.82,24.97,89.51,1.09
2024,1,Ratnapura,LK91,0.499999999999999,0.866025403784438,0,0,0,1,276.157411,335.302466666666,1308.86116666666,179.329921333333,357.67594,502.61111,416.287033333333,169.167313333333,0,6.6828,80.3992,24.35,87.65,1.49,24.85,91.17,1.82
2024,2,Ratnapura,LK91,0.866025403784438,0.5,0,0,0,1,46.157408,65.7376566666666,817.3271,44.617165,276.157411,357.67594,335.302466666666,179.329921333333,0,6.6828,80.3992,25.06,85.79,2.07,24.35,87.65,1.49
2024,3,Ratnapura,LK91,1.0,6.12323399573676e-17,1,0,0,0,75.4629643,50.7438293333333,451.78398,45.0757243333333,46.157408,276.157411,65.7376566666666,44.617165,0,6.6828,80.3992,25.79,81.99,1.21,25.06,85.79,2.07
2024,4,Ratnapura,LK91,0.866025403784438,-0.499999999999999,1,0,0,0,238.06481,189.348766666666,305.83025,90.61799,75.4629643,46.157408,50.7438293333333,45.0757243333333,0,6.6828,80.3992,27.01,84.2,1.17,25.79,81.99,1.21
2024,5,Ratnapura,LK91,0.499999999999999,-0.866025403784438,0,1,0,0,357.777776,324.879626666666,564.972206666666,105.902891333333,238.06481,75.4629643,189.348766666666,90.61799,0,6.6828,80.3992,26.56,87.92,2.9,27.01,84.2,1.17
2024,6,Ratnapura,LK91,1.22464679914735e-16,-1.0,0,1,0,0,143.824076,221.907416666666,736.135833333333,61.0814836666666,357.777776,238.06481,324.879626666666,105.902891333333,0,6.6828,80.3992,25.76,88.43,3.42,26.56,87.92,2.9
2024,7,Ratnapura,LK91,-0.499999999999999,-0.866025403784438,0,1,0,0,106.712963,115.095676666666,661.882716666666,68.821993,143.824076,357.777776,221.907416666666,61.0814836666666,0,6.6828,80.3992,25.59,86.88,3.46,25.76,88.43,3.42
2024,8,Ratnapura,LK91,-0.866025403784438,-0.5,0,1,0,0,249.870378,186.31482,523.317883333333,150.685096666666,106.712963,143.824076,115.095676666666,68.821993,0,6.6828,80.3992,25.3,87.42,2.95,25.59,86.88,3.46
2024,9,Ratnapura,LK91,-1.0,-1.83697019872102e-16,0,1,0,0,172.462971999999,204.58025,505.990746666666,71.30569,249.870378,106.712963,186.31482,150.685096666666,0,6.6828,80.3992,25.69,86.32,3.5,25.3,87.42,2.95
2024,10,Ratnapura,LK91,-0.866025403784438,0.5,0,0,1,0,350.953689999999,294.558626666666,685.453716666666,104.170443333333,172.462971999999,249.870378,204.58025,71.30569,0,6.6828,80.3992,25.16,88.56,2.37,25.69,86.32,3.5
2024,11,Ratnapura,LK91,-0.5,0.866025403784438,0,0,1,0,466.77777,426.46295,925.601866666666,125.846311666666,350.953689999999,172.462971999999,294.558626666666,104.170443333333,0,6.6828,80.3992,25.05,88.13,1.94,25.16,88.56,2.37
2024,12,Ratnapura,LK91,-2.4492935982947e-16,1.0,0,0,0,1,177.370367999999,266.549376666666,987.570973333333,91.4985193333333,466.77777,350.953689999999,426.46295,125.846311666666,0,6.6828,80.3992,24.9,86.82,1.43,25.05,88.13,1.94
2017,1,Kegalle,LK92,0.499999999999999,0.866025403784438,0,0,0,1,113.9999944,73.387878,539.351546666666,108.083418333333,178.306494571428,401.012992142857,248.17835595238,100.569457714285,1,7.2513,80.3464,23.61,77.95,2.45,23.752857142857142,90.36428571428571,2.174285714285714
2017,2,Kegalle,LK92,0.866025403784438,0.5,0,0,0,1,77.3272745,109.909088666666,325.32728,84.2493006666666,113.9999944,178.306494571428,73.387878,108.083418333333,0,7.2513,80.3464,24.76,71.52,2.3,23.61,77.95,2.45
2017,3,Kegalle,LK92,1.0,6.12323399573676e-17,1,0,0,0,328.78182,286.290906666666,469.587886666666,197.88271,77.3272745,113.9999944,109.909088666666,84.2493006666666,0,7.2513,80.3464,25.54,80.06,1.29,24.76,71.52,2.3
2017,4,Kegalle,LK92,0.866025403784438,-0.499999999999999,1,0,0,0,134.472726,185.496966666666,581.69695,48.3766963333333,328.78182,77.3272745,286.290906666666,197.88271,0,7.2513,80.3464,27.37,76.11,1.67,25.54,80.06,1.29
2017,5,Kegalle,LK92,0.499999999999999,-0.866025403784438,0,1,0,0,478.27272,300.478773333333,772.26661,156.41747,134.472726,328.78182,185.496966666666,48.3766963333333,0,7.2513,80.3464,27.28,77.47,2.77,27.37,76.11,1.67
2017,6,Kegalle,LK92,1.22464679914735e-16,-1.0,0,1,0,0,297.945446,397.17576,883.151576666666,110.009903333333,478.27272,134.472726,300.478773333333,156.41747,0,7.2513,80.3464,26.14,80.6,4.29,27.28,77.47,2.77
2017,7,Kegalle,LK92,-0.499999999999999,-0.866025403784438,0,1,0,0,148.890908,196.169686666666,893.824263333333,78.5355066666666,297.945446,478.27272,397.17576,110.009903333333,0,7.2513,80.3464,26.33,78.33,4.05,26.14,80.6,4.29
2017,8,Kegalle,LK92,-0.866025403784438,-0.5,0,1,0,0,253.563638,247.339393333333,840.684853333333,155.066546666666,148.890908,297.945446,196.169686666666,78.5355066666666,0,7.2513,80.3464,26.0,79.95,4.08,26.33,78.33,4.05
2017,9,Kegalle,LK92,-1.0,-1.83697019872102e-16,0,1,0,0,302.890906,307.987873333333,751.496973333333,119.924861,253.563638,148.890908,247.339393333333,155.066546666666,0,7.2513,80.3464,25.83,80.85,3.39,26.0,79.95,4.08
2017,10,Kegalle,LK92,-0.866025403784438,0.5,0,0,1,0,410.72727,308.5394,863.866686666666,90.3999319999999,302.890906,253.563638,307.987873333333,119.924861,0,7.2513,80.3464,25.75,83.06,2.82,25.83,80.85,3.39
2017,11,Kegalle,LK92,-0.5,0.866025403784438,0,0,1,0,412.72729,436.20608,1052.73333333333,108.27924,410.72727,302.890906,308.5394,90.3999319999999,0,7.2513,80.3464,24.4,88.53,2.12,25.75,83.06,2.82
2017,12,Kegalle,LK92,-2.4492935982947e-16,1.0,0,0,0,1,137.381814,236.515143333333,981.26062,80.1197016666666,412.72729,410.72727,436.20608,108.27924,0,7.2513,80.3464,23.58,88.01,1.97,24.4,88.53,2.12
2018,1,Kegalle,LK92,0.499999999999999,0.866025403784438,0,0,0,1,41.9272728,62.0969723333333,734.81823,47.544442,137.381814,412.72729,236.515143333333,80.1197016666666,0,7.2513,80.3464,22.72,85.06,1.99,23.58,88.01,1.97
2018,2,Kegalle,LK92,0.866025403784438,0.5,0,0,0,1,89.018183,76.52121333333329,375.133333333333,91.4961346666666,41.9272728,137.381814,62.0969723333333,47.544442,0,7.2513,80.3464,24.27,80.74,2.42,22.72,85.06,1.99
2018,3,Kegalle,LK92,1.0,6.12323399573676e-17,1,0,0,0,197.854543999999,167.67273,306.290923333333,118.592651333333,89.018183,41.9272728,76.52121333333329,91.4961346666666,0,7.2513,80.3464,25.87,77.65,1.79,24.27,80.74,2.42
2018,4,Kegalle,LK92,0.866025403784438,-0.499999999999999,1,0,0,0,317.05455,266.151516666666,510.345456666666,104.952505,197.854543999999,89.018183,167.67273,118.592651333333,0,7.2513,80.3464,27.13,76.63,1.13,25.87,77.65,1.79
2018,5,Kegalle,LK92,0.499999999999999,-0.866025403784438,0,1,0,0,542.03636,461.072743333333,894.896933333333,177.973076666666,317.05455,197.854543999999,266.151516666666,104.952505,0,7.2513,80.3464,25.87,86.89,2.13,27.13,76.63,1.13
2018,6,Kegalle,LK92,1.22464679914735e-16,-1.0,0,1,0,0,321.38182,442.387873333333,1169.6121,113.549528333333,542.03636,317.05455,461.072743333333,177.973076666666,0,7.2513,80.3464,25.29,87.56,4.38,25.87,86.89,2.13
2018,7,Kegalle,LK92,-0.499999999999999,-0.866025403784438,0,1,0,0,178.818181999999,192.2,1095.66066666666,92.3965633333333,321.38182,542.03636,442.387873333333,113.549528333333,0,7.2513,80.3464,25.21,83.36,4.45,25.29,87.56,4.38
2018,8,Kegalle,LK92,-0.866025403784438,-0.5,0,1,0,0,219.018183,196.739403333333,831.327299999999,124.374685333333,178.818181999999,321.38182,192.2,92.3965633333333,0,7.2513,80.3464,25.17,81.69,4.61,25.21,83.36,4.45
2018,9,Kegalle,LK92,-1.0,-1.83697019872102e-16,0,1,0,0,214.000004,192.957576666666,581.896973333333,79.9447666666666,219.018183,178.818181999999,196.739403333333,124.374685333333,1,7.2513,80.3464,26.07,76.61,2.95,25.17,81.69,4.61
2018,10,Kegalle,LK92,-0.866025403784438,0.5,0,0,1,0,672.16364,568.297006666666,957.994,155.351313333333,214.000004,219.018183,192.957576666666,79.9447666666666,0,7.2513,80.3464,24.98,85.48,1.49,26.07,76.61,2.95
2018,11,Kegalle,LK92,-0.5,0.866025403784438,0,0,1,0,368.94546,457.484863333333,1218.7394,97.4258146666666,672.16364,214.000004,568.297006666666,155.351313333333,0,7.2513,80.3464,24.23,88.95,1.73,24.98,85.48,1.49
2018,12,Kegalle,LK92,-2.4492935982947e-16,1.0,0,0,0,1,96.472725,182.339391666666,1208.12116666666,60.0228723333333,368.94546,672.16364,457.484863333333,97.4258146666666,0,7.2513,80.3464,23.33,89.74,1.93,24.23,88.95,1.73
2019,1,Kegalle,LK92,0.499999999999999,0.866025403784438,0,0,0,1,21.8727263,50.7151499999999,690.539406666666,30.977986,96.472725,368.94546,182.339391666666,60.0228723333333,1,7.2513,80.3464,22.72,86.74,2.42,23.33,89.74,1.93
2019,2,Kegalle,LK92,0.866025403784438,0.5,0,0,0,1,166.527273,149.29091,382.345449999999,148.748101,21.8727263,96.472725,50.7151499999999,30.977986,0,7.2513,80.3464,24.79,83.58,2.19,22.72,86.74,2.42
2019,3,Kegalle,LK92,1.0,6.12323399573676e-17,1,0,0,0,53.4363649999999,59.5090886666666,259.515146666666,37.6853193333333,166.527273,21.8727263,149.29091,148.748101,0,7.2513,80.3464,26.87,68.16,1.75,24.79,83.58,2.19
2019,4,Kegalle,LK92,0.866025403784438,-0.499999999999999,1,0,0,0,245.618177,145.224243333333,354.024246666666,80.5297913333333,53.4363649999999,166.527273,59.5090886666666,37.6853193333333,0,7.2513,80.3464,28.96,64.44,1.14,26.87,68.16,1.75
2019,5,Kegalle,LK92,0.499999999999999,-0.866025403784438,0,1,0,0,126.672732,198.13334,402.86668,44.8366739999999,245.618177,53.4363649999999,145.224243333333,80.5297913333333,0,7.2513,80.3464,28.34,72.45,3.24,28.96,64.44,1.14
2019,6,Kegalle,LK92,1.22464679914735e-16,-1.0,0,1,0,0,418.92726,337.393933333333,680.751496666666,149.98987,126.672732,245.618177,198.13334,44.8366739999999,0,7.2513,80.3464,27.49,75.27,4.52,28.34,72.45,3.24
2019,7,Kegalle,LK92,-0.499999999999999,-0.866025403784438,0,1,0,0,233.090909999999,290.95758,826.484876666666,117.425745,418.92726,126.672732,337.393933333333,149.98987,0,7.2513,80.3464,26.77,75.43,4.12,27.49,75.27,4.52
2019,8,Kegalle,LK92,-0.866025403784438,-0.5,0,1,0,0,351.618175,304.424233333333,932.775733333333,212.213663333333,233.090909999999,418.92726,290.95758,117.425745,0,7.2513,80.3464,25.89,78.67,4.5,26.77,75.43,4.12
2019,9,Kegalle,LK92,-1.0,-1.83697019872102e-16,0,1,0,0,427.363643,360.042429999999,955.42425,160.27678,351.618175,233.090909999999,304.424233333333,212.213663333333,0,7.2513,80.3464,25.59,81.83,3.06,25.89,78.67,4.5
2019,10,Kegalle,LK92,-0.866025403784438,0.5,0,0,1,0,576.67273,570.751513333333,1235.21816666666,129.58404,427.363643,351.618175,360.042429999999,160.27678,0,7.2513,80.3464,24.74,88.14,1.28,25.59,81.83,3.06
2019,11,Kegalle,LK92,-0.5,0.866025403784438,0,0,1,0,338.34546,404.254546666666,1335.0485,91.0811313333333,576.67273,427.363643,570.751513333333,129.58404,0,7.2513,80.3464,24.75,88.87,1.69,24.74,88.14,1.28
2019,12,Kegalle,LK92,-2.4492935982947e-16,1.0,0,0,0,1,188.872733,267.951526666666,1242.95763333333,104.617708333333,338.34546,576.67273,404.254546666666,91.0811313333333,0,7.2513,80.3464,23.89,91.9,2.31,24.75,88.87,1.69
2020,1,Kegalle,LK92,0.499999999999999,0.866025403784438,0,0,0,1,30.218183,68.1393963333333,740.3455,36.7847583333333,188.872733,338.34546,267.951526666666,104.617708333333,0,7.2513,80.3464,23.26,88.25,2.35,23.89,91.9,2.31
2020,2,Kegalle,LK92,0.866025403784438,0.5,0,0,0,1,16.9272729,21.4303023333333,357.521216666666,27.3756313333333,30.218183,188.872733,68.1393963333333,36.7847583333333,0,7.2513,80.3464,23.7,85.19,2.61,23.26,88.25,2.35
2020,3,Kegalle,LK92,1.0,6.12323399573676e-17,1,0,0,0,84.454544,63.7393913333333,153.30909,56.135794,16.9272729,30.218183,21.4303023333333,27.3756313333333,0,7.2513,80.3464,26.57,71.19,1.67,23.7,85.19,2.61
2020,4,Kegalle,LK92,0.866025403784438,-0.499999999999999,1,0,0,0,175.527270999999,122.769693333333,207.939406666666,59.3930026666666,84.454544,16.9272729,63.7393913333333,56.135794,0,7.2513,80.3464,28.18,71.34,1.35,26.57,71.19,1.67
2020,5,Kegalle,LK92,0.499999999999999,-0.866025403784438,0,1,0,0,475.27274,408.096996666666,594.606093333333,157.488583333333,175.527270999999,84.454544,122.769693333333,59.3930026666666,0,7.2513,80.3464,26.82,83.42,2.6,28.18,71.34,1.35
2020,6,Kegalle,LK92,1.22464679914735e-16,-1.0,0,1,0,0,235.581817,286.60607,817.472733333333,88.2584979999999,475.27274,175.527270999999,408.096996666666,157.488583333333,0,7.2513,80.3464,25.92,83.19,3.89,26.82,83.42,2.6
2020,7,Kegalle,LK92,-0.499999999999999,-0.866025403784438,0,1,0,0,257.509094,261.418193333333,956.121193333333,129.921728,235.581817,475.27274,286.60607,88.2584979999999,0,7.2513,80.3464,25.22,84.58,3.12,25.92,83.19,3.89
2020,8,Kegalle,LK92,-0.866025403784438,-0.5,0,1,0,0,154.6,195.799996666666,743.824246666666,100.786116666666,257.509094,235.581817,261.418193333333,129.921728,0,7.2513,80.3464,25.66,82.44,3.82,25.22,84.58,3.12
2020,9,Kegalle,LK92,-1.0,-1.83697019872102e-16,0,1,0,0,379.618186,297.690906666666,754.909113333333,143.768666666666,154.6,257.509094,195.799996666666,100.786116666666,0,7.2513,80.3464,25.09,84.37,3.83,25.66,82.44,3.82
2020,10,Kegalle,LK92,-0.866025403784438,0.5,0,0,1,0,204.436371,264.696973333333,758.187933333333,47.4258716666666,379.618186,154.6,297.690906666666,143.768666666666,1,7.2513,80.3464,25.64,81.91,3.48,25.09,84.37,3.83
2020,11,Kegalle,LK92,-0.5,0.866025403784438,0,0,1,0,284.8,284.27879,846.666683333333,77.2048313333333,204.436371,379.618186,264.696973333333,47.4258716666666,0,7.2513,80.3464,24.91,88.04,1.7,25.64,81.91,3.48
2020,12,Kegalle,LK92,-2.4492935982947e-16,1.0,0,0,0,1,172.890907,190.036359999999,739.01212,98.9501566666666,284.8,204.436371,284.27879,77.2048313333333,0,7.2513,80.3464,23.86,90.23,2.29,24.91,88.04,1.7
2021,1,Kegalle,LK92,0.499999999999999,0.866025403784438,0,0,0,1,152.836355,176.387876666666,650.703033333333,134.546706666666,172.890907,284.8,190.036359999999,98.9501566666666,0,7.2513,80.3464,23.37,91.37,1.96,23.86,90.23,2.29
2021,2,Kegalle,LK92,0.866025403784438,0.5,0,0,0,1,45.927272,53.515151,419.939383333333,54.7095673333333,152.836355,172.890907,176.387876666666,134.546706666666,0,7.2513,80.3464,23.42,87.65,2.3,23.37,91.37,1.96
2021,3,Kegalle,LK92,1.0,6.12323399573676e-17,1,0,0,0,216.09091,145.22424,375.127266666666,124.01744,45.927272,152.836355,53.515151,54.7095673333333,0,7.2513,80.3464,24.54,83.54,1.82,23.42,87.65,2.3
2021,4,Kegalle,LK92,0.866025403784438,-0.499999999999999,1,0,0,0,184.654545999999,192.89091,391.63029,61.981967,216.09091,45.927272,145.22424,124.01744,0,7.2513,80.3464,26.14,83.28,1.38,24.54,83.54,1.82
2021,5,Kegalle,LK92,0.499999999999999,-0.866025403784438,0,1,0,0,533.49092,427.921239999999,766.036326666666,174.26183,184.654545999999,216.09091,192.89091,61.981967,0,7.2513,80.3464,25.93,87.41,2.71,26.14,83.28,1.38
2021,6,Kegalle,LK92,1.22464679914735e-16,-1.0,0,1,0,0,343.836361,477.369699999999,1098.18186666666,118.037633333333,533.49092,184.654545999999,427.921239999999,174.26183,0,7.2513,80.3464,25.3,88.23,3.5,25.93,87.41,2.71
2021,7,Kegalle,LK92,-0.499999999999999,-0.866025403784438,0,1,0,0,294.490916999999,289.787883333333,1195.07876666666,148.35823,343.836361,533.49092,477.369699999999,118.037633333333,0,7.2513,80.3464,25.14,87.87,4.02,25.3,88.23,3.5
2021,8,Kegalle,LK92,-0.866025403784438,-0.5,0,1,0,0,261.03637,222.381819999999,989.53948,152.31518,294.490916999999,343.836361,289.787883333333,148.35823,0,7.2513,80.3464,24.94,86.49,3.86,25.14,87.87,4.02
2021,9,Kegalle,LK92,-1.0,-1.83697019872102e-16,0,1,0,0,342.01817,305.04242,817.212133333333,127.966013333333,261.03637,294.490916999999,222.381819999999,152.31518,0,7.2513,80.3464,25.43,85.62,3.62,24.94,86.49,3.86
2021,10,Kegalle,LK92,-0.866025403784438,0.5,0,0,1,0,544.563635,478.812099999999,1006.23632,123.472018666666,342.01817,261.03637,305.04242,127.966013333333,0,7.2513,80.3464,25.01,87.43,2.65,25.43,85.62,3.62
2021,11,Kegalle,LK92,-0.5,0.866025403784438,0,0,1,0,510.836365,561.024226666666,1344.8788,133.483741666666,544.563635,342.01817,478.812099999999,123.472018666666,0,7.2513,80.3464,24.21,91.18,2.24,25.01,87.43,2.65
2021,12,Kegalle,LK92,-2.4492935982947e-16,1.0,0,0,0,1,107.745452,241.763639999999,1281.5999,61.6249,510.836365,544.563635,561.024226666666,133.483741666666,0,7.2513,80.3464,23.6,89.82,2.05,24.21,91.18,2.24
2022,1,Kegalle,LK92,0.499999999999999,0.866025403784438,0,0,0,1,40.4909086,53.2727246666666,856.0606,44.3496373333333,107.745452,510.836365,241.763639999999,61.6249,0,7.2513,80.3464,23.51,87.69,2.12,23.6,89.82,2.05
2022,2,Kegalle,LK92,0.866025403784438,0.5,0,0,0,1,120.527274,82.5575776666666,377.593943333333,119.480019333333,40.4909086,107.745452,53.2727246666666,44.3496373333333,1,7.2513,80.3464,23.3,87.22,2.11,23.51,87.69,2.12
2022,3,Kegalle,LK92,1.0,6.12323399573676e-17,1,0,0,0,121.709091,124.357576666666,260.187883333333,75.7703966666666,120.527274,40.4909086,82.5575776666666,119.480019333333,0,7.2513,80.3464,25.12,85.48,1.67,23.3,87.22,2.11
2022,4,Kegalle,LK92,0.866025403784438,-0.499999999999999,1,0,0,0,388.999986,312.187876666666,519.103053333333,129.339525666666,121.709091,120.527274,124.357576666666,75.7703966666666,0,7.2513,80.3464,25.89,85.83,1.29,25.12,85.48,1.67
2022,5,Kegalle,LK92,0.499999999999999,-0.866025403784438,0,1,0,0,338.05455,312.854543333333,749.400043333333,112.565613333333,388.999986,121.709091,312.187876666666,129.339525666666,1,7.2513,80.3464,25.81,88.01,4.01,25.89,85.83,1.29
2022,6,Kegalle,LK92,1.22464679914735e-16,-1.0,0,1,0,0,220.400007999999,291.3697,916.41211,83.2921353333333,338.05455,388.999986,312.854543333333,112.565613333333,0,7.2513,80.3464,25.26,87.21,3.62,25.81,88.01,4.01
2022,7,Kegalle,LK92,-0.499999999999999,-0.866025403784438,0,1,0,0,266.399992,202.55758,806.781783333333,134.799344333333,220.400007999999,338.05455,291.3697,83.2921353333333,0,7.2513,80.3464,25.26,83.98,3.59,25.26,87.21,3.62
2022,8,Kegalle,LK92,-0.866025403784438,-0.5,0,1,0,0,373.963635,359.993916666666,853.921166666666,221.511318666666,266.399992,220.400007999999,202.55758,134.799344333333,0,7.2513,80.3464,24.94,85.12,4.06,25.26,83.98,3.59
2022,9,Kegalle,LK92,-1.0,-1.83697019872102e-16,0,1,0,0,201.090911,312.91517,875.466696666666,80.0675843333333,373.963635,266.399992,359.993916666666,221.511318666666,0,7.2513,80.3464,25.13,84.18,3.65,24.94,85.12,4.06
2022,10,Kegalle,LK92,-0.866025403784438,0.5,0,0,1,0,545.29092,356.715166666666,1029.62426666666,115.651164,201.090911,373.963635,312.91517,80.0675843333333,0,7.2513,80.3464,24.81,85.35,2.69,25.13,84.18,3.65
2022,11,Kegalle,LK92,-0.5,0.866025403784438,0,0,1,0,287.14545,450.224256666666,1119.85463333333,77.171405,545.29092,201.090911,356.715166666666,115.651164,0,7.2513,80.3464,23.69,89.17,1.59,24.81,85.35,2.69
2022,12,Kegalle,LK92,-2.4492935982947e-16,1.0,0,0,0,1,255.945461,235.07273,1042.0122,143.8985,287.14545,545.29092,450.224256666666,77.171405,0,7.2513,80.3464,23.36,90.32,2.27,23.69,89.17,1.59
2023,1,Kegalle,LK92,0.499999999999999,0.866025403784438,0,0,0,1,83.636364,136.012126666666,821.309186666666,81.2281816666666,255.945461,287.14545,235.07273,143.8985,0,7.2513,80.3464,22.17,89.95,2.49,23.36,90.32,2.27
2023,2,Kegalle,LK92,0.866025403784438,0.5,0,0,0,1,101.690909,105.454543333333,476.539366666666,99.7126799999999,83.636364,255.945461,136.012126666666,81.2281816666666,0,7.2513,80.3464,22.83,88.75,2.49,22.17,89.95,2.49
2023,3,Kegalle,LK92,1.0,6.12323399573676e-17,1,0,0,0,228.163631,169.606059999999,411.072703333333,132.783548,101.690909,83.636364,105.454543333333,99.7126799999999,0,7.2513,80.3464,25.06,84.72,1.69,22.83,88.75,2.49
2023,4,Kegalle,LK92,0.866025403784438,-0.499999999999999,1,0,0,0,303.472743,289.369696666666,564.4303,101.357681666666,228.163631,101.690909,169.606059999999,132.783548,0,7.2513,80.3464,26.35,81.63,1.2,25.06,84.72,1.69
2023,5,Kegalle,LK92,0.499999999999999,-0.866025403784438,0,1,0,0,397.581829999999,434.21819,893.194006666666,127.862322666666,303.472743,228.163631,289.369696666666,101.357681666666,0,7.2513,80.3464,25.96,87.03,2.55,26.35,81.63,1.2
2023,6,Kegalle,LK92,1.22464679914735e-16,-1.0,0,1,0,0,466.16363,355.399996666666,1078.98786666666,169.983944999999,397.581829999999,303.472743,434.21819,127.862322666666,0,7.2513,80.3464,26.14,84.6,4.0,25.96,87.03,2.55
2023,7,Kegalle,LK92,-0.499999999999999,-0.866025403784438,0,1,0,0,188.163635,325.27879,1114.897,97.4024523333333,466.16363,397.581829999999,355.399996666666,169.983944999999,0,7.2513,80.3464,26.08,80.99,4.34,26.14,84.6,4.0
2023,8,Kegalle,LK92,-0.866025403784438,-0.5,0,1,0,0,196.199999,147.854543333333,828.533329999999,115.179258333333,188.163635,466.16363,325.27879,97.4024523333333,0,7.2513,80.3464,27.09,75.26,3.87,26.08,80.99,4.34
2023,9,Kegalle,LK92,-1.0,-1.83697019872102e-16,0,1,0,0,322.09091,296.327266666666,769.4606,121.74212,196.199999,188.163635,147.854543333333,115.179258333333,0,7.2513,80.3464,25.89,81.56,3.85,27.09,75.26,3.87
2023,10,Kegalle,LK92,-0.866025403784438,0.5,0,0,1,0,705.23638,603.424233333333,1047.60606666666,162.058758,322.09091,196.199999,296.327266666666,121.74212,0,7.2513,80.3464,25.1,87.82,1.74,25.89,81.56,3.85
2023,11,Kegalle,LK92,-0.5,0.866025403784438,0,0,1,0,604.29092,657.369686666666,1557.12123333333,157.968823333333,705.23638,322.09091,603.424233333333,162.058758,0,7.2513,80.3464,24.96,89.89,1.26,25.1,87.82,1.74
2023,12,Kegalle,LK92,-2.4492935982947e-16,1.0,0,0,0,1,288.83637,383.5697,1644.36356666666,154.752365,604.29092,705.23638,657.369686666666,157.968823333333,0,7.2513,80.3464,24.65,92.53,2.4,24.96,89.89,1.26
2024,1,Kegalle,LK92,0.499999999999999,0.866025403784438,0,0,0,1,176.872724,226.0606,1267.0,147.625386666666,288.83637,604.29092,383.5697,154.752365,0,7.2513,80.3464,23.55,90.94,2.25,24.65,92.53,2.4
2024,2,Kegalle,LK92,0.866025403784438,0.5,0,0,0,1,36.7454543,43.1757563333333,652.806076666666,44.4891373333333,176.872724,288.83637,226.0606,147.625386666666,0,7.2513,80.3464,24.43,88.39,2.68,23.55,90.94,2.25
2024,3,Kegalle,LK92,1.0,6.12323399573676e-17,1,0,0,0,50.9818198,37.339395,306.575726666666,35.138919,36.7454543,176.872724,43.1757563333333,44.4891373333333,0,7.2513,80.3464,25.31,80.47,1.81,24.43,88.39,2.68
2024,4,Kegalle,LK92,0.866025403784438,-0.499999999999999,1,0,0,0,243.854544,178.375755333333,258.890913333333,81.7832883333333,50.9818198,36.7454543,37.339395,35.138919,0,7.2513,80.3464,28.58,73.76,1.19,25.31,80.47,1.81
2024,5,Kegalle,LK92,0.499999999999999,-0.866025403784438,0,1,0,0,339.745447,301.575763333333,517.290893333333,114.337401333333,243.854544,50.9818198,178.375755333333,81.7832883333333,0,7.2513,80.3464,27.58,81.26,2.89,28.58,73.76,1.19
2024,6,Kegalle,LK92,1.22464679914735e-16,-1.0,0,1,0,0,155.345458,234.93334,714.88478,58.8909943333333,339.745447,243.854544,301.575763333333,114.337401333333,0,7.2513,80.3464,26.52,82.81,3.98,27.58,81.26,2.89
2024,7,Kegalle,LK92,-0.499999999999999,-0.866025403784438,0,1,0,0,118.018182,134.375753333333,670.884843333333,63.516986,155.345458,339.745447,234.93334,58.8909943333333,0,7.2513,80.3464,26.39,80.47,4.27,26.52,82.81,3.98
2024,8,Kegalle,LK92,-0.866025403784438,-0.5,0,1,0,0,207.527277,168.309096666666,537.618196666666,118.76835,118.018182,155.345458,134.375753333333,63.516986,0,7.2513,80.3464,26.08,82.05,3.39,26.39,80.47,4.27
2024,9,Kegalle,LK92,-1.0,-1.83697019872102e-16,0,1,0,0,147.47273,180.751523333333,483.436366666666,59.867031,207.527277,118.018182,168.309096666666,118.76835,0,7.2513,80.3464,26.62,80.41,4.07,26.08,82.05,3.39
2024,10,Kegalle,LK92,-0.866025403784438,0.5,0,0,1,0,468.109086,355.79393,704.85455,107.993299999999,147.47273,207.527277,180.751523333333,59.867031,0,7.2513,80.3464,25.89,83.48,2.32,26.62,80.41,4.07
2024,11,Kegalle,LK92,-0.5,0.866025403784438,0,0,1,0,503.69092,466.52727,1003.07272,132.911183333333,468.109086,147.47273,355.79393,107.993299999999,0,7.2513,80.3464,24.94,89.22,2.06,25.89,83.48,2.32
2024,12,Kegalle,LK92,-2.4492935982947e-16,1.0,0,0,0,1,134.400003,273.163646666666,1095.48486666666,79.631062,503.69092,468.109086,466.52727,132.911183333333,0,7.2513,80.3464,24.38,89.64,1.8,24.94,89.22,2.06
